{
  "fio version" : "fio-3.33",
  "timestamp" : 1755192450,
  "timestamp_ms" : 1755192450355,
  "time" : "Thu Aug 14 17:27:30 2025",
  "global options" : {
    "ioengine" : "libaio",
    "direct" : "1",
    "thread" : "1",
    "time_based" : "1",
    "runtime" : "720",
    "group_reporting" : "1",
    "rw" : "randrw",
    "rwmixread" : "10",
    "bs" : "4k",
    "iodepth" : "1000",
    "numjobs" : "1000",
    "size" : "1M",
    "randrepeat" : "0",
    "norandommap" : "1"
  },
  "jobs" : [
    {
      "jobname" : "job1",
      "groupid" : 0,
      "error" : 0,
      "eta" : 0,
      "elapsed" : 721,
      "job options" : {
        "directory" : "/mnt/xfs"
      },
      "read" : {
        "io_bytes" : 508877647872,
        "io_kbytes" : 496950828,
        "bw_bytes" : 706654772,
        "bw" : 690092,
        "iops" : 172523.137746,
        "runtime" : 720122,
        "total_ios" : 124237707,
        "short_ios" : 0,
        "drop_ios" : 0,
        "slat_ns" : {
          "min" : 940,
          "max" : 98688554,
          "mean" : 577141.427893,
          "stddev" : 1264452.021073,
          "N" : 124237707
        },
        "clat_ns" : {
          "min" : 32710,
          "max" : 951406671,
          "mean" : 578118007.230806,
          "stddev" : 57528658.420820,
          "N" : 124237707,
          "percentile" : {
            "1.000000" : 429916160,
            "5.000000" : 492830720,
            "10.000000" : 513802240,
            "20.000000" : 534773760,
            "30.000000" : 549453824,
            "40.000000" : 566231040,
            "50.000000" : 583008256,
            "60.000000" : 591396864,
            "70.000000" : 608174080,
            "80.000000" : 624951296,
            "90.000000" : 650117120,
            "95.000000" : 666894336,
            "99.000000" : 708837376,
            "99.500000" : 725614592,
            "99.900000" : 759169024,
            "99.950000" : 767557632,
            "99.990000" : 801112064
          }
        },
        "lat_ns" : {
          "min" : 35120,
          "max" : 951412151,
          "mean" : 578695148.658700,
          "stddev" : 57572253.980003,
          "N" : 124237707
        },
        "bw_min" : 334630,
        "bw_max" : 1379736,
        "bw_agg" : 99.938044,
        "bw_mean" : 689665.014524,
        "bw_dev" : 101.167993,
        "bw_samples" : 1417179,
        "iops_min" : 83298,
        "iops_max" : 344577,
        "iops_mean" : 172046.623837,
        "iops_stddev" : 25.290289,
        "iops_samples" : 1417179
      },
      "write" : {
        "io_bytes" : 4579480027136,
        "io_kbytes" : 4472148464,
        "bw_bytes" : 6359311376,
        "bw" : 6210265,
        "iops" : 1552566.254051,
        "runtime" : 720122,
        "total_ios" : 1118037116,
        "short_ios" : 0,
        "drop_ios" : 0,
        "slat_ns" : {
          "min" : 1020,
          "max" : 106630826,
          "mean" : 578188.898358,
          "stddev" : 1265576.379801,
          "N" : 1118037116
        },
        "clat_ns" : {
          "min" : 605874,
          "max" : 955486087,
          "mean" : 578947886.695695,
          "stddev" : 57568764.452977,
          "N" : 1118037116,
          "percentile" : {
            "1.000000" : 429916160,
            "5.000000" : 492830720,
            "10.000000" : 513802240,
            "20.000000" : 534773760,
            "30.000000" : 549453824,
            "40.000000" : 566231040,
            "50.000000" : 583008256,
            "60.000000" : 591396864,
            "70.000000" : 608174080,
            "80.000000" : 624951296,
            "90.000000" : 650117120,
            "95.000000" : 666894336,
            "99.000000" : 708837376,
            "99.500000" : 725614592,
            "99.900000" : 759169024,
            "99.950000" : 767557632,
            "99.990000" : 809500672
          }
        },
        "lat_ns" : {
          "min" : 608744,
          "max" : 955494238,
          "mean" : 579526075.594054,
          "stddev" : 57610696.845879,
          "N" : 1118037116
        },
        "bw_min" : 3364664,
        "bw_max" : 12184847,
        "bw_agg" : 100.000000,
        "bw_mean" : 6210435.177046,
        "bw_dev" : 661.753065,
        "bw_samples" : 1417182,
        "iops_min" : 840819,
        "iops_max" : 3045858,
        "iops_mean" : 1552236.619792,
        "iops_stddev" : 165.434033,
        "iops_samples" : 1417182
      },
      "trim" : {
        "io_bytes" : 0,
        "io_kbytes" : 0,
        "bw_bytes" : 0,
        "bw" : 0,
        "iops" : 0.000000,
        "runtime" : 0,
        "total_ios" : 0,
        "short_ios" : 0,
        "drop_ios" : 0,
        "slat_ns" : {
          "min" : 0,
          "max" : 0,
          "mean" : 0.000000,
          "stddev" : 0.000000,
          "N" : 0
        },
        "clat_ns" : {
          "min" : 0,
          "max" : 0,
          "mean" : 0.000000,
          "stddev" : 0.000000,
          "N" : 0
        },
        "lat_ns" : {
          "min" : 0,
          "max" : 0,
          "mean" : 0.000000,
          "stddev" : 0.000000,
          "N" : 0
        },
        "bw_min" : 0,
        "bw_max" : 0,
        "bw_agg" : 0.000000,
        "bw_mean" : 0.000000,
        "bw_dev" : 0.000000,
        "bw_samples" : 0,
        "iops_min" : 0,
        "iops_max" : 0,
        "iops_mean" : 0.000000,
        "iops_stddev" : 0.000000,
        "iops_samples" : 0
      },
      "sync" : {
        "total_ios" : 0,
        "lat_ns" : {
          "min" : 0,
          "max" : 0,
          "mean" : 0.000000,
          "stddev" : 0.000000,
          "N" : 0
        }
      },
      "job_runtime" : 720040680,
      "usr_cpu" : 0.185903,
      "sys_cpu" : 5.566826,
      "ctx" : 1318177109,
      "majf" : 0,
      "minf" : 3724,
      "iodepth_level" : {
        "1" : 0.100000,
        "2" : 0.100000,
        "4" : 0.100000,
        "8" : 0.100000,
        "16" : 0.100000,
        "32" : 0.100000,
        ">=64" : 99.994929
      },
      "iodepth_submit" : {
        "0" : 0.000000,
        "4" : 100.000000,
        "8" : 0.000000,
        "16" : 0.000000,
        "32" : 0.000000,
        "64" : 0.000000,
        ">=64" : 0.000000
      },
      "iodepth_complete" : {
        "0" : 0.000000,
        "4" : 99.999919,
        "8" : 0.000000,
        "16" : 0.000000,
        "32" : 0.000000,
        "64" : 0.000000,
        ">=64" : 0.100000
      },
      "latency_ns" : {
        "2" : 0.000000,
        "4" : 0.000000,
        "10" : 0.000000,
        "20" : 0.000000,
        "50" : 0.000000,
        "100" : 0.000000,
        "250" : 0.000000,
        "500" : 0.000000,
        "750" : 0.000000,
        "1000" : 0.000000
      },
      "latency_us" : {
        "2" : 0.000000,
        "4" : 0.000000,
        "10" : 0.000000,
        "20" : 0.000000,
        "50" : 0.010000,
        "100" : 0.010000,
        "250" : 0.010000,
        "500" : 0.010000,
        "750" : 0.010000,
        "1000" : 0.010000
      },
      "latency_ms" : {
        "2" : 0.010000,
        "4" : 0.010000,
        "10" : 0.010000,
        "20" : 0.010000,
        "50" : 0.014302,
        "100" : 0.025894,
        "250" : 0.111307,
        "500" : 6.337815,
        "750" : 93.369086,
        "1000" : 0.138737,
        "2000" : 0.000000,
        ">=2000" : 0.000000
      },
      "latency_depth" : 1000,
      "latency_target" : 0,
      "latency_percentile" : 100.000000,
      "latency_window" : 0
    }
  ],
  "disk_util" : [
    {
      "name" : "nvme2n1",
      "read_ios" : 124219349,
      "write_ios" : 1117871270,
      "read_merges" : 0,
      "write_merges" : 7,
      "read_ticks" : 403203977,
      "write_ticks" : -525763841,
      "in_queue" : -122559864,
      "util" : 76.937686
    }
  ]
}
