{
  "fio version" : "fio-3.33",
  "timestamp" : 1755186429,
  "timestamp_ms" : 1755186429395,
  "time" : "Thu Aug 14 15:47:09 2025",
  "global options" : {
    "ioengine" : "libaio",
    "direct" : "1",
    "thread" : "1",
    "time_based" : "1",
    "runtime" : "720",
    "group_reporting" : "1",
    "rw" : "randrw",
    "rwmixread" : "10",
    "bs" : "4k",
    "iodepth" : "1000",
    "numjobs" : "1000",
    "size" : "1M",
    "randrepeat" : "0",
    "norandommap" : "1"
  },
  "jobs" : [
    {
      "jobname" : "job1",
      "groupid" : 0,
      "error" : 0,
      "eta" : 0,
      "elapsed" : 721,
      "job options" : {
        "directory" : "/mnt/ext4"
      },
      "read" : {
        "io_bytes" : 480716996608,
        "io_kbytes" : 469450192,
        "bw_bytes" : 667588318,
        "bw" : 651941,
        "iops" : 162985.429397,
        "runtime" : 720080,
        "total_ios" : 117362548,
        "short_ios" : 0,
        "drop_ios" : 0,
        "slat_ns" : {
          "min" : 969,
          "max" : 48954838,
          "mean" : 608358.887435,
          "stddev" : 1493609.390086,
          "N" : 117362548
        },
        "clat_ns" : {
          "min" : 57700,
          "max" : 1327417111,
          "mean" : 611663811.247544,
          "stddev" : 78507194.162883,
          "N" : 117362548,
          "percentile" : {
            "1.000000" : 354418688,
            "5.000000" : 505413632,
            "10.000000" : 534773760,
            "20.000000" : 566231040,
            "30.000000" : 583008256,
            "40.000000" : 599785472,
            "50.000000" : 608174080,
            "60.000000" : 624951296,
            "70.000000" : 641728512,
            "80.000000" : 658505728,
            "90.000000" : 692060160,
            "95.000000" : 725614592,
            "99.000000" : 834666496,
            "99.500000" : 893386752,
            "99.900000" : 1002438656,
            "99.950000" : 1035993088,
            "99.990000" : 1115684864
          }
        },
        "lat_ns" : {
          "min" : 59600,
          "max" : 1327419611,
          "mean" : 612272170.134978,
          "stddev" : 78565980.370254,
          "N" : 117362548
        },
        "bw_min" : 246221,
        "bw_max" : 1732770,
        "bw_agg" : 99.969212,
        "bw_mean" : 651741.341188,
        "bw_dev" : 116.899095,
        "bw_samples" : 1423190,
        "iops_min" : 61114,
        "iops_max" : 432906,
        "iops_mean" : 162565.802816,
        "iops_stddev" : 29.223256,
        "iops_samples" : 1423190
      },
      "write" : {
        "io_bytes" : 4326432301056,
        "io_kbytes" : 4225031544,
        "bw_bytes" : 6008266166,
        "bw" : 5867447,
        "iops" : 1466861.857016,
        "runtime" : 720080,
        "total_ios" : 1056257886,
        "short_ios" : 0,
        "drop_ios" : 0,
        "slat_ns" : {
          "min" : 1020,
          "max" : 94768819,
          "mean" : 612559.007389,
          "stddev" : 1529824.916916,
          "N" : 1056257886
        },
        "clat_ns" : {
          "min" : 702215,
          "max" : 1333090365,
          "mean" : 612807970.085609,
          "stddev" : 78592676.009504,
          "N" : 1056257886,
          "percentile" : {
            "1.000000" : 354418688,
            "5.000000" : 509607936,
            "10.000000" : 534773760,
            "20.000000" : 566231040,
            "30.000000" : 583008256,
            "40.000000" : 599785472,
            "50.000000" : 608174080,
            "60.000000" : 624951296,
            "70.000000" : 641728512,
            "80.000000" : 666894336,
            "90.000000" : 692060160,
            "95.000000" : 725614592,
            "99.000000" : 834666496,
            "99.500000" : 893386752,
            "99.900000" : 1002438656,
            "99.950000" : 1035993088,
            "99.990000" : 1115684864
          }
        },
        "lat_ns" : {
          "min" : 704995,
          "max" : 1336554296,
          "mean" : 613420529.092996,
          "stddev" : 78651224.176007,
          "N" : 1056257886
        },
        "bw_min" : 2342065,
        "bw_max" : 15423872,
        "bw_agg" : 100.000000,
        "bw_mean" : 5869720.803906,
        "bw_dev" : 857.181940,
        "bw_samples" : 1423197,
        "iops_min" : 585198,
        "iops_max" : 3855623,
        "iops_mean" : 1467062.215183,
        "iops_stddev" : 214.291100,
        "iops_samples" : 1423197
      },
      "trim" : {
        "io_bytes" : 0,
        "io_kbytes" : 0,
        "bw_bytes" : 0,
        "bw" : 0,
        "iops" : 0.000000,
        "runtime" : 0,
        "total_ios" : 0,
        "short_ios" : 0,
        "drop_ios" : 0,
        "slat_ns" : {
          "min" : 0,
          "max" : 0,
          "mean" : 0.000000,
          "stddev" : 0.000000,
          "N" : 0
        },
        "clat_ns" : {
          "min" : 0,
          "max" : 0,
          "mean" : 0.000000,
          "stddev" : 0.000000,
          "N" : 0
        },
        "lat_ns" : {
          "min" : 0,
          "max" : 0,
          "mean" : 0.000000,
          "stddev" : 0.000000,
          "N" : 0
        },
        "bw_min" : 0,
        "bw_max" : 0,
        "bw_agg" : 0.000000,
        "bw_mean" : 0.000000,
        "bw_dev" : 0.000000,
        "bw_samples" : 0,
        "iops_min" : 0,
        "iops_max" : 0,
        "iops_mean" : 0.000000,
        "iops_stddev" : 0.000000,
        "iops_samples" : 0
      },
      "sync" : {
        "total_ios" : 0,
        "lat_ns" : {
          "min" : 0,
          "max" : 0,
          "mean" : 0.000000,
          "stddev" : 0.000000,
          "N" : 0
        }
      },
      "job_runtime" : 720044823,
      "usr_cpu" : 0.172101,
      "sys_cpu" : 5.546940,
      "ctx" : 1366634997,
      "majf" : 0,
      "minf" : 3670,
      "iodepth_level" : {
        "1" : 0.100000,
        "2" : 0.100000,
        "4" : 0.100000,
        "8" : 0.100000,
        "16" : 0.100000,
        "32" : 0.100000,
        ">=64" : 99.994632
      },
      "iodepth_submit" : {
        "0" : 0.000000,
        "4" : 100.000000,
        "8" : 0.000000,
        "16" : 0.000000,
        "32" : 0.000000,
        "64" : 0.000000,
        ">=64" : 0.000000
      },
      "iodepth_complete" : {
        "0" : 0.000000,
        "4" : 99.999915,
        "8" : 0.000000,
        "16" : 0.000000,
        "32" : 0.000000,
        "64" : 0.000000,
        ">=64" : 0.100000
      },
      "latency_ns" : {
        "2" : 0.000000,
        "4" : 0.000000,
        "10" : 0.000000,
        "20" : 0.000000,
        "50" : 0.000000,
        "100" : 0.000000,
        "250" : 0.000000,
        "500" : 0.000000,
        "750" : 0.000000,
        "1000" : 0.000000
      },
      "latency_us" : {
        "2" : 0.000000,
        "4" : 0.000000,
        "10" : 0.000000,
        "20" : 0.000000,
        "50" : 0.000000,
        "100" : 0.010000,
        "250" : 0.010000,
        "500" : 0.010000,
        "750" : 0.010000,
        "1000" : 0.010000
      },
      "latency_ms" : {
        "2" : 0.010000,
        "4" : 0.010000,
        "10" : 0.010000,
        "20" : 0.010000,
        "50" : 0.010000,
        "100" : 0.024744,
        "250" : 0.432980,
        "500" : 3.726617,
        "750" : 92.623000,
        "1000" : 3.083340,
        "2000" : 0.101729,
        ">=2000" : 0.000000
      },
      "latency_depth" : 1000,
      "latency_target" : 0,
      "latency_percentile" : 100.000000,
      "latency_window" : 0
    }
  ],
  "disk_util" : [
    {
      "name" : "nvme0n1",
      "read_ios" : 117341376,
      "write_ios" : 1056096524,
      "read_merges" : 0,
      "write_merges" : 9391,
      "read_ticks" : 392321289,
      "write_ticks" : 3716786221,
      "in_queue" : 4109107510,
      "util" : 76.300562
    }
  ]
}
