{
  "fio version" : "fio-3.33",
  "timestamp" : 1755187151,
  "timestamp_ms" : 1755187151115,
  "time" : "Thu Aug 14 15:59:11 2025",
  "global options" : {
    "ioengine" : "libaio",
    "direct" : "1",
    "thread" : "1",
    "time_based" : "1",
    "runtime" : "720",
    "group_reporting" : "1",
    "rw" : "randrw",
    "rwmixread" : "10",
    "bs" : "4k",
    "iodepth" : "1000",
    "numjobs" : "1000",
    "size" : "1M",
    "randrepeat" : "0",
    "norandommap" : "1"
  },
  "jobs" : [
    {
      "jobname" : "job1",
      "groupid" : 0,
      "error" : 0,
      "eta" : 0,
      "elapsed" : 721,
      "job options" : {
        "directory" : "/mnt/xfs"
      },
      "read" : {
        "io_bytes" : 509403103232,
        "io_kbytes" : 497463968,
        "bw_bytes" : 707405076,
        "bw" : 690825,
        "iops" : 172706.317586,
        "runtime" : 720101,
        "total_ios" : 124365992,
        "short_ios" : 0,
        "drop_ios" : 0,
        "slat_ns" : {
          "min" : 970,
          "max" : 67307203,
          "mean" : 576506.632343,
          "stddev" : 1339729.465809,
          "N" : 124365992
        },
        "clat_ns" : {
          "min" : 76620,
          "max" : 887748770,
          "mean" : 577400285.646945,
          "stddev" : 52065239.263852,
          "N" : 124365992,
          "percentile" : {
            "1.000000" : 459276288,
            "5.000000" : 497025024,
            "10.000000" : 513802240,
            "20.000000" : 534773760,
            "30.000000" : 549453824,
            "40.000000" : 566231040,
            "50.000000" : 574619648,
            "60.000000" : 591396864,
            "70.000000" : 599785472,
            "80.000000" : 616562688,
            "90.000000" : 641728512,
            "95.000000" : 658505728,
            "99.000000" : 700448768,
            "99.500000" : 708837376,
            "99.900000" : 742391808,
            "99.950000" : 750780416,
            "99.990000" : 775946240
          }
        },
        "lat_ns" : {
          "min" : 78630,
          "max" : 887752190,
          "mean" : 577976792.279291,
          "stddev" : 52106696.253909,
          "N" : 124365992
        },
        "bw_min" : 315109,
        "bw_max" : 1133112,
        "bw_agg" : 99.943652,
        "bw_mean" : 690436.507771,
        "bw_dev" : 95.636249,
        "bw_samples" : 1418159,
        "iops_min" : 78363,
        "iops_max" : 282863,
        "iops_mean" : 172237.663157,
        "iops_stddev" : 23.905432,
        "iops_samples" : 1418159
      },
      "write" : {
        "io_bytes" : 4584297451520,
        "io_kbytes" : 4476852980,
        "bw_bytes" : 6366186759,
        "bw" : 6216979,
        "iops" : 1554244.814269,
        "runtime" : 720101,
        "total_ios" : 1119213245,
        "short_ios" : 0,
        "drop_ios" : 0,
        "slat_ns" : {
          "min" : 980,
          "max" : 67911917,
          "mean" : 577646.765430,
          "stddev" : 1340826.487599,
          "N" : 1119213245
        },
        "clat_ns" : {
          "min" : 504002,
          "max" : 890592025,
          "mean" : 578351951.684827,
          "stddev" : 52102486.211491,
          "N" : 1119213245,
          "percentile" : {
            "1.000000" : 459276288,
            "5.000000" : 497025024,
            "10.000000" : 517996544,
            "20.000000" : 541065216,
            "30.000000" : 549453824,
            "40.000000" : 566231040,
            "50.000000" : 574619648,
            "60.000000" : 591396864,
            "70.000000" : 608174080,
            "80.000000" : 616562688,
            "90.000000" : 641728512,
            "95.000000" : 658505728,
            "99.000000" : 700448768,
            "99.500000" : 708837376,
            "99.900000" : 742391808,
            "99.950000" : 750780416,
            "99.990000" : 775946240
          }
        },
        "lat_ns" : {
          "min" : 507993,
          "max" : 890596085,
          "mean" : 578929598.450255,
          "stddev" : 52144105.223334,
          "N" : 1119213245
        },
        "bw_min" : 3214875,
        "bw_max" : 9529878,
        "bw_agg" : 100.000000,
        "bw_mean" : 6217490.990637,
        "bw_dev" : 590.210274,
        "bw_samples" : 1418170,
        "iops_min" : 803365,
        "iops_max" : 2382104,
        "iops_mean" : 1554000.931740,
        "iops_stddev" : 147.546643,
        "iops_samples" : 1418170
      },
      "trim" : {
        "io_bytes" : 0,
        "io_kbytes" : 0,
        "bw_bytes" : 0,
        "bw" : 0,
        "iops" : 0.000000,
        "runtime" : 0,
        "total_ios" : 0,
        "short_ios" : 0,
        "drop_ios" : 0,
        "slat_ns" : {
          "min" : 0,
          "max" : 0,
          "mean" : 0.000000,
          "stddev" : 0.000000,
          "N" : 0
        },
        "clat_ns" : {
          "min" : 0,
          "max" : 0,
          "mean" : 0.000000,
          "stddev" : 0.000000,
          "N" : 0
        },
        "lat_ns" : {
          "min" : 0,
          "max" : 0,
          "mean" : 0.000000,
          "stddev" : 0.000000,
          "N" : 0
        },
        "bw_min" : 0,
        "bw_max" : 0,
        "bw_agg" : 0.000000,
        "bw_mean" : 0.000000,
        "bw_dev" : 0.000000,
        "bw_samples" : 0,
        "iops_min" : 0,
        "iops_max" : 0,
        "iops_mean" : 0.000000,
        "iops_stddev" : 0.000000,
        "iops_samples" : 0
      },
      "sync" : {
        "total_ios" : 0,
        "lat_ns" : {
          "min" : 0,
          "max" : 0,
          "mean" : 0.000000,
          "stddev" : 0.000000,
          "N" : 0
        }
      },
      "job_runtime" : 720038926,
      "usr_cpu" : 0.188036,
      "sys_cpu" : 5.591720,
      "ctx" : 1321473143,
      "majf" : 0,
      "minf" : 3565,
      "iodepth_level" : {
        "1" : 0.100000,
        "2" : 0.100000,
        "4" : 0.100000,
        "8" : 0.100000,
        "16" : 0.100000,
        "32" : 0.100000,
        ">=64" : 99.994934
      },
      "iodepth_submit" : {
        "0" : 0.000000,
        "4" : 100.000000,
        "8" : 0.000000,
        "16" : 0.000000,
        "32" : 0.000000,
        "64" : 0.000000,
        ">=64" : 0.000000
      },
      "iodepth_complete" : {
        "0" : 0.000000,
        "4" : 99.999920,
        "8" : 0.000000,
        "16" : 0.000000,
        "32" : 0.000000,
        "64" : 0.000000,
        ">=64" : 0.100000
      },
      "latency_ns" : {
        "2" : 0.000000,
        "4" : 0.000000,
        "10" : 0.000000,
        "20" : 0.000000,
        "50" : 0.000000,
        "100" : 0.000000,
        "250" : 0.000000,
        "500" : 0.000000,
        "750" : 0.000000,
        "1000" : 0.000000
      },
      "latency_us" : {
        "2" : 0.000000,
        "4" : 0.000000,
        "10" : 0.000000,
        "20" : 0.000000,
        "50" : 0.000000,
        "100" : 0.010000,
        "250" : 0.010000,
        "500" : 0.010000,
        "750" : 0.010000,
        "1000" : 0.010000
      },
      "latency_ms" : {
        "2" : 0.010000,
        "4" : 0.010000,
        "10" : 0.010000,
        "20" : 0.010000,
        "50" : 0.013522,
        "100" : 0.032525,
        "250" : 0.038101,
        "500" : 5.349685,
        "750" : 94.508701,
        "1000" : 0.054301,
        "2000" : 0.000000,
        ">=2000" : 0.000000
      },
      "latency_depth" : 1000,
      "latency_target" : 0,
      "latency_percentile" : 100.000000,
      "latency_window" : 0
    }
  ],
  "disk_util" : [
    {
      "name" : "nvme2n1",
      "read_ios" : 124327731,
      "write_ios" : 1118867523,
      "read_merges" : 0,
      "write_merges" : 3,
      "read_ticks" : 400090467,
      "write_ticks" : 3755886510,
      "in_queue" : 4155976977,
      "util" : 76.761552
    }
  ]
}
