{
  "fio version" : "fio-3.33",
  "timestamp" : 1755193936,
  "timestamp_ms" : 1755193936927,
  "time" : "Thu Aug 14 17:52:16 2025",
  "global options" : {
    "ioengine" : "libaio",
    "direct" : "1",
    "time_based" : "1",
    "runtime" : "720",
    "group_reporting" : "1"
  },
  "jobs" : [
    {
      "jobname" : "rocksdb-wal",
      "groupid" : 0,
      "error" : 0,
      "eta" : 0,
      "elapsed" : 721,
      "job options" : {
        "name" : "rocksdb-compaction-write",
        "ioengine" : "libaio",
        "rw" : "write",
        "bs" : "1M",
        "size" : "50G",
        "iodepth" : "8",
        "filename" : "/mnt/xfs/compaction_output.dat"
      },
      "read" : {
        "io_bytes" : 3798196027392,
        "io_kbytes" : 3709175808,
        "bw_bytes" : 5275264933,
        "bw" : 5151625,
        "iops" : 5030.884679,
        "runtime" : 720001,
        "total_ios" : 3622242,
        "short_ios" : 0,
        "drop_ios" : 0,
        "slat_ns" : {
          "min" : 5220,
          "max" : 363913,
          "mean" : 11971.101399,
          "stddev" : 3893.431771,
          "N" : 3622242
        },
        "clat_ns" : {
          "min" : 281132,
          "max" : 10890824,
          "mean" : 782797.983551,
          "stddev" : 359108.447414,
          "N" : 3622242,
          "percentile" : {
            "1.000000" : 358400,
            "5.000000" : 411648,
            "10.000000" : 452608,
            "20.000000" : 522240,
            "30.000000" : 577536,
            "40.000000" : 643072,
            "50.000000" : 790528,
            "60.000000" : 872448,
            "70.000000" : 913408,
            "80.000000" : 962560,
            "90.000000" : 1044480,
            "95.000000" : 1122304,
            "99.000000" : 2211840,
            "99.500000" : 2703360,
            "99.900000" : 4423680,
            "99.950000" : 6258688,
            "99.990000" : 6782976
          }
        },
        "lat_ns" : {
          "min" : 292402,
          "max" : 10898594,
          "mean" : 794769.084950,
          "stddev" : 358999.604997,
          "N" : 3622242
        },
        "bw_min" : 4654172,
        "bw_max" : 6012928,
        "bw_agg" : 100.000000,
        "bw_mean" : 5154357.166088,
        "bw_dev" : 251502.001063,
        "bw_samples" : 1439,
        "iops_min" : 4545,
        "iops_max" : 5872,
        "iops_mean" : 5033.423905,
        "iops_stddev" : 245.606738,
        "iops_samples" : 1439
      },
      "write" : {
        "io_bytes" : 4669063331840,
        "io_kbytes" : 4559632160,
        "bw_bytes" : 6484792169,
        "bw" : 6332804,
        "iops" : 25585.881706,
        "runtime" : 720002,
        "total_ios" : 18421886,
        "short_ios" : 0,
        "drop_ios" : 0,
        "slat_ns" : {
          "min" : 1760,
          "max" : 205721,
          "mean" : 5244.232046,
          "stddev" : 5465.200556,
          "N" : 17989048
        },
        "clat_ns" : {
          "min" : 10060,
          "max" : 12525975,
          "mean" : 1597031.770943,
          "stddev" : 474155.688918,
          "N" : 18421886,
          "percentile" : {
            "1.000000" : 1056768,
            "5.000000" : 1253376,
            "10.000000" : 1302528,
            "20.000000" : 1368064,
            "30.000000" : 1400832,
            "40.000000" : 1449984,
            "50.000000" : 1499136,
            "60.000000" : 1548288,
            "70.000000" : 1630208,
            "80.000000" : 1712128,
            "90.000000" : 1859584,
            "95.000000" : 2088960,
            "99.000000" : 3653632,
            "99.500000" : 4145152,
            "99.900000" : 7307264,
            "99.950000" : 7438336,
            "99.990000" : 8355840
          }
        },
        "lat_ns" : {
          "min" : 10120,
          "max" : 12526045,
          "mean" : 1602155.668975,
          "stddev" : 474242.122490,
          "N" : 18421886
        },
        "bw_min" : 5680960,
        "bw_max" : 6734624,
        "bw_agg" : 100.000000,
        "bw_mean" : 6336158.832523,
        "bw_dev" : 102429.471335,
        "bw_samples" : 5756,
        "iops_min" : 22834,
        "iops_max" : 27344,
        "iops_mean" : 25599.378040,
        "iops_stddev" : 302.540212,
        "iops_samples" : 5756
      },
      "trim" : {
        "io_bytes" : 0,
        "io_kbytes" : 0,
        "bw_bytes" : 0,
        "bw" : 0,
        "iops" : 0.000000,
        "runtime" : 0,
        "total_ios" : 0,
        "short_ios" : 0,
        "drop_ios" : 0,
        "slat_ns" : {
          "min" : 0,
          "max" : 0,
          "mean" : 0.000000,
          "stddev" : 0.000000,
          "N" : 0
        },
        "clat_ns" : {
          "min" : 0,
          "max" : 0,
          "mean" : 0.000000,
          "stddev" : 0.000000,
          "N" : 0
        },
        "lat_ns" : {
          "min" : 0,
          "max" : 0,
          "mean" : 0.000000,
          "stddev" : 0.000000,
          "N" : 0
        },
        "bw_min" : 0,
        "bw_max" : 0,
        "bw_agg" : 0.000000,
        "bw_mean" : 0.000000,
        "bw_dev" : 0.000000,
        "bw_samples" : 0,
        "iops_min" : 0,
        "iops_max" : 0,
        "iops_mean" : 0.000000,
        "iops_stddev" : 0.000000,
        "iops_samples" : 0
      },
      "sync" : {
        "total_ios" : 0,
        "lat_ns" : {
          "min" : 0,
          "max" : 0,
          "mean" : 0.000000,
          "stddev" : 0.000000,
          "N" : 0
        }
      },
      "job_runtime" : 3600003,
      "usr_cpu" : 1.165166,
      "sys_cpu" : 3.837858,
      "ctx" : 21811865,
      "majf" : 0,
      "minf" : 569,
      "iodepth_level" : {
        "1" : 1.963525,
        "2" : 0.100000,
        "4" : 16.431818,
        "8" : 16.072951,
        "16" : 65.531669,
        "32" : 0.000000,
        ">=64" : 0.000000
      },
      "iodepth_submit" : {
        "0" : 0.000000,
        "4" : 100.000000,
        "8" : 0.000000,
        "16" : 0.000000,
        "32" : 0.000000,
        "64" : 0.000000,
        ">=64" : 0.000000
      },
      "iodepth_complete" : {
        "0" : 0.000000,
        "4" : 99.999986,
        "8" : 0.100000,
        "16" : 0.100000,
        "32" : 0.000000,
        "64" : 0.000000,
        ">=64" : 0.000000
      },
      "latency_ns" : {
        "2" : 0.000000,
        "4" : 0.000000,
        "10" : 0.000000,
        "20" : 0.000000,
        "50" : 0.000000,
        "100" : 0.000000,
        "250" : 0.000000,
        "500" : 0.000000,
        "750" : 0.000000,
        "1000" : 0.000000
      },
      "latency_us" : {
        "2" : 0.000000,
        "4" : 0.000000,
        "10" : 0.000000,
        "20" : 0.010000,
        "50" : 0.010000,
        "100" : 0.010000,
        "250" : 0.010000,
        "500" : 2.693629,
        "750" : 5.238470,
        "1000" : 6.695788
      },
      "latency_ms" : {
        "2" : 80.143873,
        "4" : 4.706147,
        "10" : 0.519268,
        "20" : 0.010000,
        "50" : 0.000000,
        "100" : 0.000000,
        "250" : 0.000000,
        "500" : 0.000000,
        "750" : 0.000000,
        "1000" : 0.000000,
        "2000" : 0.000000,
        ">=2000" : 0.000000
      },
      "latency_depth" : 8,
      "latency_target" : 0,
      "latency_percentile" : 100.000000,
      "latency_window" : 0
    }
  ],
  "disk_util" : [
    {
      "name" : "nvme2n1",
      "read_ios" : 28967510,
      "write_ios" : 43208624,
      "read_merges" : 424,
      "write_merges" : 522,
      "read_ticks" : 17881182,
      "write_ticks" : 67483145,
      "in_queue" : 85364327,
      "util" : 87.290437
    }
  ]
}
