{
  "fio version" : "fio-3.33",
  "timestamp" : 1755187898,
  "timestamp_ms" : 1755187898583,
  "time" : "Thu Aug 14 16:11:38 2025",
  "global options" : {
    "ioengine" : "libaio",
    "direct" : "1",
    "time_based" : "1",
    "runtime" : "720",
    "group_reporting" : "1"
  },
  "jobs" : [
    {
      "jobname" : "rocksdb-wal",
      "groupid" : 0,
      "error" : 0,
      "eta" : 0,
      "elapsed" : 721,
      "job options" : {
        "name" : "rocksdb-compaction-write",
        "ioengine" : "libaio",
        "rw" : "write",
        "bs" : "1M",
        "size" : "50G",
        "iodepth" : "8",
        "filename" : "/mnt/ext4/compaction_output.dat"
      },
      "read" : {
        "io_bytes" : 3762882084864,
        "io_kbytes" : 3674689536,
        "bw_bytes" : 5226217859,
        "bw" : 5103728,
        "iops" : 4984.109744,
        "runtime" : 720001,
        "total_ios" : 3588564,
        "short_ios" : 0,
        "drop_ios" : 0,
        "slat_ns" : {
          "min" : 5280,
          "max" : 3736922,
          "mean" : 13433.826737,
          "stddev" : 5176.651122,
          "N" : 3588564
        },
        "clat_ns" : {
          "min" : 277872,
          "max" : 10382731,
          "mean" : 788788.511337,
          "stddev" : 357770.995879,
          "N" : 3588564,
          "percentile" : {
            "1.000000" : 362496,
            "5.000000" : 415744,
            "10.000000" : 456704,
            "20.000000" : 528384,
            "30.000000" : 577536,
            "40.000000" : 659456,
            "50.000000" : 806912,
            "60.000000" : 872448,
            "70.000000" : 913408,
            "80.000000" : 970752,
            "90.000000" : 1044480,
            "95.000000" : 1122304,
            "99.000000" : 2211840,
            "99.500000" : 2703360,
            "99.900000" : 4816896,
            "99.950000" : 6193152,
            "99.990000" : 6848512
          }
        },
        "lat_ns" : {
          "min" : 290102,
          "max" : 10389161,
          "mean" : 802222.338074,
          "stddev" : 357649.709638,
          "N" : 3588564
        },
        "bw_min" : 4634624,
        "bw_max" : 5992448,
        "bw_agg" : 100.000000,
        "bw_mean" : 5106396.680334,
        "bw_dev" : 253381.781311,
        "bw_samples" : 1439,
        "iops_min" : 4526,
        "iops_max" : 5852,
        "iops_mean" : 4986.639333,
        "iops_stddev" : 247.445814,
        "iops_samples" : 1439
      },
      "write" : {
        "io_bytes" : 4688720871424,
        "io_kbytes" : 4578828976,
        "bw_bytes" : 6512094232,
        "bw" : 6359467,
        "iops" : 25705.409152,
        "runtime" : 720002,
        "total_ios" : 18507946,
        "short_ios" : 0,
        "drop_ios" : 0,
        "slat_ns" : {
          "min" : 2069,
          "max" : 3040148,
          "mean" : 5858.546527,
          "stddev" : 6578.764509,
          "N" : 18054755
        },
        "clat_ns" : {
          "min" : 11330,
          "max" : 14703367,
          "mean" : 1588985.102069,
          "stddev" : 471082.352636,
          "N" : 18507946,
          "percentile" : {
            "1.000000" : 1073152,
            "5.000000" : 1253376,
            "10.000000" : 1302528,
            "20.000000" : 1368064,
            "30.000000" : 1400832,
            "40.000000" : 1433600,
            "50.000000" : 1482752,
            "60.000000" : 1548288,
            "70.000000" : 1613824,
            "80.000000" : 1712128,
            "90.000000" : 1843200,
            "95.000000" : 2072576,
            "99.000000" : 3653632,
            "99.500000" : 4112384,
            "99.900000" : 7241728,
            "99.950000" : 7438336,
            "99.990000" : 8454144
          }
        },
        "lat_ns" : {
          "min" : 11390,
          "max" : 14737067,
          "mean" : 1594703.078359,
          "stddev" : 471182.854852,
          "N" : 18507946
        },
        "bw_min" : 5626848,
        "bw_max" : 6766208,
        "bw_agg" : 100.000000,
        "bw_mean" : 6362691.535094,
        "bw_dev" : 98081.766082,
        "bw_samples" : 5756,
        "iops_min" : 22818,
        "iops_max" : 27458,
        "iops_mean" : 25718.505212,
        "iops_stddev" : 289.809013,
        "iops_samples" : 5756
      },
      "trim" : {
        "io_bytes" : 0,
        "io_kbytes" : 0,
        "bw_bytes" : 0,
        "bw" : 0,
        "iops" : 0.000000,
        "runtime" : 0,
        "total_ios" : 0,
        "short_ios" : 0,
        "drop_ios" : 0,
        "slat_ns" : {
          "min" : 0,
          "max" : 0,
          "mean" : 0.000000,
          "stddev" : 0.000000,
          "N" : 0
        },
        "clat_ns" : {
          "min" : 0,
          "max" : 0,
          "mean" : 0.000000,
          "stddev" : 0.000000,
          "N" : 0
        },
        "lat_ns" : {
          "min" : 0,
          "max" : 0,
          "mean" : 0.000000,
          "stddev" : 0.000000,
          "N" : 0
        },
        "bw_min" : 0,
        "bw_max" : 0,
        "bw_agg" : 0.000000,
        "bw_mean" : 0.000000,
        "bw_dev" : 0.000000,
        "bw_samples" : 0,
        "iops_min" : 0,
        "iops_max" : 0,
        "iops_mean" : 0.000000,
        "iops_stddev" : 0.000000,
        "iops_samples" : 0
      },
      "sync" : {
        "total_ios" : 0,
        "lat_ns" : {
          "min" : 0,
          "max" : 0,
          "mean" : 0.000000,
          "stddev" : 0.000000,
          "N" : 0
        }
      },
      "job_runtime" : 3600002,
      "usr_cpu" : 1.170305,
      "sys_cpu" : 4.296664,
      "ctx" : 21835851,
      "majf" : 0,
      "minf" : 570,
      "iodepth_level" : {
        "1" : 2.050980,
        "2" : 0.100000,
        "4" : 16.240452,
        "8" : 16.103987,
        "16" : 65.604546,
        "32" : 0.000000,
        ">=64" : 0.000000
      },
      "iodepth_submit" : {
        "0" : 0.000000,
        "4" : 100.000000,
        "8" : 0.000000,
        "16" : 0.000000,
        "32" : 0.000000,
        "64" : 0.000000,
        ">=64" : 0.000000
      },
      "iodepth_complete" : {
        "0" : 0.000000,
        "4" : 99.999986,
        "8" : 0.100000,
        "16" : 0.100000,
        "32" : 0.000000,
        "64" : 0.000000,
        ">=64" : 0.000000
      },
      "latency_ns" : {
        "2" : 0.000000,
        "4" : 0.000000,
        "10" : 0.000000,
        "20" : 0.000000,
        "50" : 0.000000,
        "100" : 0.000000,
        "250" : 0.000000,
        "500" : 0.000000,
        "750" : 0.000000,
        "1000" : 0.000000
      },
      "latency_us" : {
        "2" : 0.000000,
        "4" : 0.000000,
        "10" : 0.000000,
        "20" : 0.010000,
        "50" : 0.010000,
        "100" : 0.010000,
        "250" : 0.010000,
        "500" : 2.517963,
        "750" : 5.063895,
        "1000" : 6.847647
      },
      "latency_ms" : {
        "2" : 80.603982,
        "4" : 4.457116,
        "10" : 0.506637,
        "20" : 0.010000,
        "50" : 0.000000,
        "100" : 0.000000,
        "250" : 0.000000,
        "500" : 0.000000,
        "750" : 0.000000,
        "1000" : 0.000000,
        "2000" : 0.000000,
        ">=2000" : 0.000000
      },
      "latency_depth" : 8,
      "latency_target" : 0,
      "latency_percentile" : 100.000000,
      "latency_window" : 0
    }
  ],
  "disk_util" : [
    {
      "name" : "nvme0n1",
      "read_ios" : 28703851,
      "write_ios" : 43410084,
      "read_merges" : 0,
      "write_merges" : 847,
      "read_ticks" : 17872566,
      "write_ticks" : 67487015,
      "in_queue" : 85359582,
      "util" : 86.562502
    }
  ]
}
