{
  "fio version" : "fio-3.33",
  "timestamp" : 1755190078,
  "timestamp_ms" : 1755190078006,
  "time" : "Thu Aug 14 16:47:58 2025",
  "global options" : {
    "ioengine" : "libaio",
    "direct" : "1",
    "thread" : "1",
    "group_reporting" : "1",
    "time_based" : "1",
    "runtime" : "720"
  },
  "jobs" : [
    {
      "jobname" : "solana-snapshot-write",
      "groupid" : 0,
      "error" : 0,
      "eta" : 0,
      "elapsed" : 721,
      "job options" : {
        "name" : "solana-snapshot-write",
        "rw" : "write",
        "bs" : "1M",
        "size" : "100G",
        "iodepth" : "4",
        "filename" : "/mnt/xfs/snapshot.dat"
      },
      "read" : {
        "io_bytes" : 0,
        "io_kbytes" : 0,
        "bw_bytes" : 0,
        "bw" : 0,
        "iops" : 0.000000,
        "runtime" : 0,
        "total_ios" : 0,
        "short_ios" : 0,
        "drop_ios" : 0,
        "slat_ns" : {
          "min" : 0,
          "max" : 0,
          "mean" : 0.000000,
          "stddev" : 0.000000,
          "N" : 0
        },
        "clat_ns" : {
          "min" : 0,
          "max" : 0,
          "mean" : 0.000000,
          "stddev" : 0.000000,
          "N" : 0
        },
        "lat_ns" : {
          "min" : 0,
          "max" : 0,
          "mean" : 0.000000,
          "stddev" : 0.000000,
          "N" : 0
        },
        "bw_min" : 0,
        "bw_max" : 0,
        "bw_agg" : 0.000000,
        "bw_mean" : 0.000000,
        "bw_dev" : 0.000000,
        "bw_samples" : 0,
        "iops_min" : 0,
        "iops_max" : 0,
        "iops_mean" : 0.000000,
        "iops_stddev" : 0.000000,
        "iops_samples" : 0
      },
      "write" : {
        "io_bytes" : 6196943650816,
        "io_kbytes" : 6051702784,
        "bw_bytes" : 8606854227,
        "bw" : 8405131,
        "iops" : 8208.135822,
        "runtime" : 720001,
        "total_ios" : 5909866,
        "short_ios" : 0,
        "drop_ios" : 0,
        "slat_ns" : {
          "min" : 8040,
          "max" : 144741,
          "mean" : 11617.833740,
          "stddev" : 1825.738124,
          "N" : 5909866
        },
        "clat_ns" : {
          "min" : 112811,
          "max" : 10240634,
          "mean" : 475377.031798,
          "stddev" : 238124.376862,
          "N" : 5909866,
          "percentile" : {
            "1.000000" : 242688,
            "5.000000" : 362496,
            "10.000000" : 378880,
            "20.000000" : 403456,
            "30.000000" : 419840,
            "40.000000" : 428032,
            "50.000000" : 432128,
            "60.000000" : 436224,
            "70.000000" : 464896,
            "80.000000" : 509952,
            "90.000000" : 577536,
            "95.000000" : 651264,
            "99.000000" : 1384448,
            "99.500000" : 2179072,
            "99.900000" : 2768896,
            "99.950000" : 4046848,
            "99.990000" : 6717440
          }
        },
        "lat_ns" : {
          "min" : 125010,
          "max" : 10252814,
          "mean" : 486994.865538,
          "stddev" : 238111.361740,
          "N" : 5909866
        },
        "bw_min" : 7579648,
        "bw_max" : 8801474,
        "bw_agg" : 100.000000,
        "bw_mean" : 8409274.339819,
        "bw_dev" : 311763.102680,
        "bw_samples" : 1439,
        "iops_min" : 7402,
        "iops_max" : 8595,
        "iops_mean" : 8212.095205,
        "iops_stddev" : 304.446096,
        "iops_samples" : 1439
      },
      "trim" : {
        "io_bytes" : 0,
        "io_kbytes" : 0,
        "bw_bytes" : 0,
        "bw" : 0,
        "iops" : 0.000000,
        "runtime" : 0,
        "total_ios" : 0,
        "short_ios" : 0,
        "drop_ios" : 0,
        "slat_ns" : {
          "min" : 0,
          "max" : 0,
          "mean" : 0.000000,
          "stddev" : 0.000000,
          "N" : 0
        },
        "clat_ns" : {
          "min" : 0,
          "max" : 0,
          "mean" : 0.000000,
          "stddev" : 0.000000,
          "N" : 0
        },
        "lat_ns" : {
          "min" : 0,
          "max" : 0,
          "mean" : 0.000000,
          "stddev" : 0.000000,
          "N" : 0
        },
        "bw_min" : 0,
        "bw_max" : 0,
        "bw_agg" : 0.000000,
        "bw_mean" : 0.000000,
        "bw_dev" : 0.000000,
        "bw_samples" : 0,
        "iops_min" : 0,
        "iops_max" : 0,
        "iops_mean" : 0.000000,
        "iops_stddev" : 0.000000,
        "iops_samples" : 0
      },
      "sync" : {
        "total_ios" : 0,
        "lat_ns" : {
          "min" : 0,
          "max" : 0,
          "mean" : 0.000000,
          "stddev" : 0.000000,
          "N" : 0
        }
      },
      "job_runtime" : 720000,
      "usr_cpu" : 4.508611,
      "sys_cpu" : 6.303611,
      "ctx" : 5911085,
      "majf" : 0,
      "minf" : 1,
      "iodepth_level" : {
        "1" : 0.100000,
        "2" : 0.100000,
        "4" : 99.999949,
        "8" : 0.000000,
        "16" : 0.000000,
        "32" : 0.000000,
        ">=64" : 0.000000
      },
      "iodepth_submit" : {
        "0" : 0.000000,
        "4" : 100.000000,
        "8" : 0.000000,
        "16" : 0.000000,
        "32" : 0.000000,
        "64" : 0.000000,
        ">=64" : 0.000000
      },
      "iodepth_complete" : {
        "0" : 0.000000,
        "4" : 100.000000,
        "8" : 0.000000,
        "16" : 0.000000,
        "32" : 0.000000,
        "64" : 0.000000,
        ">=64" : 0.000000
      },
      "latency_ns" : {
        "2" : 0.000000,
        "4" : 0.000000,
        "10" : 0.000000,
        "20" : 0.000000,
        "50" : 0.000000,
        "100" : 0.000000,
        "250" : 0.000000,
        "500" : 0.000000,
        "750" : 0.000000,
        "1000" : 0.000000
      },
      "latency_us" : {
        "2" : 0.000000,
        "4" : 0.000000,
        "10" : 0.000000,
        "20" : 0.000000,
        "50" : 0.000000,
        "100" : 0.000000,
        "250" : 1.092918,
        "500" : 76.975163,
        "750" : 19.494063,
        "1000" : 1.138554
      },
      "latency_ms" : {
        "2" : 0.659947,
        "4" : 0.589286,
        "10" : 0.050018,
        "20" : 0.010000,
        "50" : 0.000000,
        "100" : 0.000000,
        "250" : 0.000000,
        "500" : 0.000000,
        "750" : 0.000000,
        "1000" : 0.000000,
        "2000" : 0.000000,
        ">=2000" : 0.000000
      },
      "latency_depth" : 4,
      "latency_target" : 0,
      "latency_percentile" : 100.000000,
      "latency_window" : 0
    }
  ],
  "disk_util" : [
    {
      "name" : "nvme2n1",
      "read_ios" : 0,
      "write_ios" : 47271560,
      "read_merges" : 0,
      "write_merges" : 693,
      "read_ticks" : 0,
      "write_ticks" : 20064964,
      "in_queue" : 20064965,
      "util" : 95.693197
    }
  ]
}
