{
  "fio version" : "fio-3.33",
  "timestamp" : 1755195377,
  "timestamp_ms" : 1755195377607,
  "time" : "Thu Aug 14 18:16:17 2025",
  "global options" : {
    "ioengine" : "libaio",
    "direct" : "1",
    "thread" : "1",
    "group_reporting" : "1",
    "time_based" : "1",
    "runtime" : "720"
  },
  "jobs" : [
    {
      "jobname" : "solana-snapshot-write",
      "groupid" : 0,
      "error" : 0,
      "eta" : 0,
      "elapsed" : 721,
      "job options" : {
        "name" : "solana-snapshot-write",
        "rw" : "write",
        "bs" : "1M",
        "size" : "100G",
        "iodepth" : "4",
        "filename" : "/mnt/xfs/snapshot.dat"
      },
      "read" : {
        "io_bytes" : 0,
        "io_kbytes" : 0,
        "bw_bytes" : 0,
        "bw" : 0,
        "iops" : 0.000000,
        "runtime" : 0,
        "total_ios" : 0,
        "short_ios" : 0,
        "drop_ios" : 0,
        "slat_ns" : {
          "min" : 0,
          "max" : 0,
          "mean" : 0.000000,
          "stddev" : 0.000000,
          "N" : 0
        },
        "clat_ns" : {
          "min" : 0,
          "max" : 0,
          "mean" : 0.000000,
          "stddev" : 0.000000,
          "N" : 0
        },
        "lat_ns" : {
          "min" : 0,
          "max" : 0,
          "mean" : 0.000000,
          "stddev" : 0.000000,
          "N" : 0
        },
        "bw_min" : 0,
        "bw_max" : 0,
        "bw_agg" : 0.000000,
        "bw_mean" : 0.000000,
        "bw_dev" : 0.000000,
        "bw_samples" : 0,
        "iops_min" : 0,
        "iops_max" : 0,
        "iops_mean" : 0.000000,
        "iops_stddev" : 0.000000,
        "iops_samples" : 0
      },
      "write" : {
        "io_bytes" : 6087336001536,
        "io_kbytes" : 5944664064,
        "bw_bytes" : 8454621592,
        "bw" : 8256466,
        "iops" : 8062.955468,
        "runtime" : 720001,
        "total_ios" : 5805336,
        "short_ios" : 0,
        "drop_ios" : 0,
        "slat_ns" : {
          "min" : 8080,
          "max" : 175181,
          "mean" : 11634.664423,
          "stddev" : 2026.768105,
          "N" : 5805336
        },
        "clat_ns" : {
          "min" : 111301,
          "max" : 10260788,
          "mean" : 484131.894069,
          "stddev" : 266940.458278,
          "N" : 5805336,
          "percentile" : {
            "1.000000" : 228352,
            "5.000000" : 350208,
            "10.000000" : 374784,
            "20.000000" : 399360,
            "30.000000" : 423936,
            "40.000000" : 428032,
            "50.000000" : 432128,
            "60.000000" : 440320,
            "70.000000" : 468992,
            "80.000000" : 514048,
            "90.000000" : 585728,
            "95.000000" : 667648,
            "99.000000" : 1941504,
            "99.500000" : 2211840,
            "99.900000" : 2670592,
            "99.950000" : 4014080,
            "99.990000" : 6717440
          }
        },
        "lat_ns" : {
          "min" : 124111,
          "max" : 10272708,
          "mean" : 495766.558492,
          "stddev" : 266905.082056,
          "N" : 5805336
        },
        "bw_min" : 7444480,
        "bw_max" : 8650752,
        "bw_agg" : 100.000000,
        "bw_mean" : 8260438.034051,
        "bw_dev" : 312509.663199,
        "bw_samples" : 1439,
        "iops_min" : 7270,
        "iops_max" : 8448,
        "iops_mean" : 8066.757470,
        "iops_stddev" : 305.180200,
        "iops_samples" : 1439
      },
      "trim" : {
        "io_bytes" : 0,
        "io_kbytes" : 0,
        "bw_bytes" : 0,
        "bw" : 0,
        "iops" : 0.000000,
        "runtime" : 0,
        "total_ios" : 0,
        "short_ios" : 0,
        "drop_ios" : 0,
        "slat_ns" : {
          "min" : 0,
          "max" : 0,
          "mean" : 0.000000,
          "stddev" : 0.000000,
          "N" : 0
        },
        "clat_ns" : {
          "min" : 0,
          "max" : 0,
          "mean" : 0.000000,
          "stddev" : 0.000000,
          "N" : 0
        },
        "lat_ns" : {
          "min" : 0,
          "max" : 0,
          "mean" : 0.000000,
          "stddev" : 0.000000,
          "N" : 0
        },
        "bw_min" : 0,
        "bw_max" : 0,
        "bw_agg" : 0.000000,
        "bw_mean" : 0.000000,
        "bw_dev" : 0.000000,
        "bw_samples" : 0,
        "iops_min" : 0,
        "iops_max" : 0,
        "iops_mean" : 0.000000,
        "iops_stddev" : 0.000000,
        "iops_samples" : 0
      },
      "sync" : {
        "total_ios" : 0,
        "lat_ns" : {
          "min" : 0,
          "max" : 0,
          "mean" : 0.000000,
          "stddev" : 0.000000,
          "N" : 0
        }
      },
      "job_runtime" : 720000,
      "usr_cpu" : 4.407778,
      "sys_cpu" : 6.242639,
      "ctx" : 5806457,
      "majf" : 0,
      "minf" : 1,
      "iodepth_level" : {
        "1" : 0.100000,
        "2" : 0.100000,
        "4" : 99.999948,
        "8" : 0.000000,
        "16" : 0.000000,
        "32" : 0.000000,
        ">=64" : 0.000000
      },
      "iodepth_submit" : {
        "0" : 0.000000,
        "4" : 100.000000,
        "8" : 0.000000,
        "16" : 0.000000,
        "32" : 0.000000,
        "64" : 0.000000,
        ">=64" : 0.000000
      },
      "iodepth_complete" : {
        "0" : 0.000000,
        "4" : 100.000000,
        "8" : 0.000000,
        "16" : 0.000000,
        "32" : 0.000000,
        "64" : 0.000000,
        ">=64" : 0.000000
      },
      "latency_ns" : {
        "2" : 0.000000,
        "4" : 0.000000,
        "10" : 0.000000,
        "20" : 0.000000,
        "50" : 0.000000,
        "100" : 0.000000,
        "250" : 0.000000,
        "500" : 0.000000,
        "750" : 0.000000,
        "1000" : 0.000000
      },
      "latency_us" : {
        "2" : 0.000000,
        "4" : 0.000000,
        "10" : 0.000000,
        "20" : 0.000000,
        "50" : 0.000000,
        "100" : 0.000000,
        "250" : 1.738108,
        "500" : 75.651091,
        "750" : 19.677156,
        "1000" : 0.887907
      },
      "latency_ms" : {
        "2" : 1.140055,
        "4" : 0.855661,
        "10" : 0.049937,
        "20" : 0.010000,
        "50" : 0.000000,
        "100" : 0.000000,
        "250" : 0.000000,
        "500" : 0.000000,
        "750" : 0.000000,
        "1000" : 0.000000,
        "2000" : 0.000000,
        ">=2000" : 0.000000
      },
      "latency_depth" : 4,
      "latency_target" : 0,
      "latency_percentile" : 100.000000,
      "latency_window" : 0
    }
  ],
  "disk_util" : [
    {
      "name" : "nvme2n1",
      "read_ios" : 0,
      "write_ios" : 46435588,
      "read_merges" : 0,
      "write_merges" : 681,
      "read_ticks" : 0,
      "write_ticks" : 20079085,
      "in_queue" : 20079085,
      "util" : 95.918469
    }
  ]
}
