{
  "fio version" : "fio-3.33",
  "timestamp" : 1755189357,
  "timestamp_ms" : 1755189357679,
  "time" : "Thu Aug 14 16:35:57 2025",
  "global options" : {
    "ioengine" : "libaio",
    "direct" : "1",
    "thread" : "1",
    "group_reporting" : "1",
    "time_based" : "1",
    "runtime" : "720"
  },
  "jobs" : [
    {
      "jobname" : "solana-snapshot-write",
      "groupid" : 0,
      "error" : 0,
      "eta" : 0,
      "elapsed" : 721,
      "job options" : {
        "name" : "solana-snapshot-write",
        "rw" : "write",
        "bs" : "1M",
        "size" : "100G",
        "iodepth" : "4",
        "filename" : "/mnt/ext4/snapshot.dat"
      },
      "read" : {
        "io_bytes" : 0,
        "io_kbytes" : 0,
        "bw_bytes" : 0,
        "bw" : 0,
        "iops" : 0.000000,
        "runtime" : 0,
        "total_ios" : 0,
        "short_ios" : 0,
        "drop_ios" : 0,
        "slat_ns" : {
          "min" : 0,
          "max" : 0,
          "mean" : 0.000000,
          "stddev" : 0.000000,
          "N" : 0
        },
        "clat_ns" : {
          "min" : 0,
          "max" : 0,
          "mean" : 0.000000,
          "stddev" : 0.000000,
          "N" : 0
        },
        "lat_ns" : {
          "min" : 0,
          "max" : 0,
          "mean" : 0.000000,
          "stddev" : 0.000000,
          "N" : 0
        },
        "bw_min" : 0,
        "bw_max" : 0,
        "bw_agg" : 0.000000,
        "bw_mean" : 0.000000,
        "bw_dev" : 0.000000,
        "bw_samples" : 0,
        "iops_min" : 0,
        "iops_max" : 0,
        "iops_mean" : 0.000000,
        "iops_stddev" : 0.000000,
        "iops_samples" : 0
      },
      "write" : {
        "io_bytes" : 6106743046144,
        "io_kbytes" : 5963616256,
        "bw_bytes" : 8481575784,
        "bw" : 8282788,
        "iops" : 8088.660988,
        "runtime" : 720001,
        "total_ios" : 5823844,
        "short_ios" : 0,
        "drop_ios" : 0,
        "slat_ns" : {
          "min" : 7980,
          "max" : 136291,
          "mean" : 11755.563725,
          "stddev" : 1877.268571,
          "N" : 5823844
        },
        "clat_ns" : {
          "min" : 112360,
          "max" : 14229192,
          "mean" : 482436.186409,
          "stddev" : 260501.201208,
          "N" : 5823844,
          "percentile" : {
            "1.000000" : 230400,
            "5.000000" : 350208,
            "10.000000" : 378880,
            "20.000000" : 407552,
            "30.000000" : 428032,
            "40.000000" : 432128,
            "50.000000" : 432128,
            "60.000000" : 436224,
            "70.000000" : 464896,
            "80.000000" : 505856,
            "90.000000" : 577536,
            "95.000000" : 659456,
            "99.000000" : 1875968,
            "99.500000" : 2179072,
            "99.900000" : 2736128,
            "99.950000" : 4046848,
            "99.990000" : 6717440
          }
        },
        "lat_ns" : {
          "min" : 124570,
          "max" : 14239602,
          "mean" : 494191.750135,
          "stddev" : 260462.182447,
          "N" : 5823844
        },
        "bw_min" : 7467008,
        "bw_max" : 8663040,
        "bw_agg" : 100.000000,
        "bw_mean" : 8286569.271716,
        "bw_dev" : 301630.600949,
        "bw_samples" : 1439,
        "iops_min" : 7292,
        "iops_max" : 8460,
        "iops_mean" : 8092.272411,
        "iops_stddev" : 294.549522,
        "iops_samples" : 1439
      },
      "trim" : {
        "io_bytes" : 0,
        "io_kbytes" : 0,
        "bw_bytes" : 0,
        "bw" : 0,
        "iops" : 0.000000,
        "runtime" : 0,
        "total_ios" : 0,
        "short_ios" : 0,
        "drop_ios" : 0,
        "slat_ns" : {
          "min" : 0,
          "max" : 0,
          "mean" : 0.000000,
          "stddev" : 0.000000,
          "N" : 0
        },
        "clat_ns" : {
          "min" : 0,
          "max" : 0,
          "mean" : 0.000000,
          "stddev" : 0.000000,
          "N" : 0
        },
        "lat_ns" : {
          "min" : 0,
          "max" : 0,
          "mean" : 0.000000,
          "stddev" : 0.000000,
          "N" : 0
        },
        "bw_min" : 0,
        "bw_max" : 0,
        "bw_agg" : 0.000000,
        "bw_mean" : 0.000000,
        "bw_dev" : 0.000000,
        "bw_samples" : 0,
        "iops_min" : 0,
        "iops_max" : 0,
        "iops_mean" : 0.000000,
        "iops_stddev" : 0.000000,
        "iops_samples" : 0
      },
      "sync" : {
        "total_ios" : 0,
        "lat_ns" : {
          "min" : 0,
          "max" : 0,
          "mean" : 0.000000,
          "stddev" : 0.000000,
          "N" : 0
        }
      },
      "job_runtime" : 720000,
      "usr_cpu" : 4.372639,
      "sys_cpu" : 6.395417,
      "ctx" : 5825117,
      "majf" : 0,
      "minf" : 1,
      "iodepth_level" : {
        "1" : 0.100000,
        "2" : 0.100000,
        "4" : 99.999948,
        "8" : 0.000000,
        "16" : 0.000000,
        "32" : 0.000000,
        ">=64" : 0.000000
      },
      "iodepth_submit" : {
        "0" : 0.000000,
        "4" : 100.000000,
        "8" : 0.000000,
        "16" : 0.000000,
        "32" : 0.000000,
        "64" : 0.000000,
        ">=64" : 0.000000
      },
      "iodepth_complete" : {
        "0" : 0.000000,
        "4" : 100.000000,
        "8" : 0.000000,
        "16" : 0.000000,
        "32" : 0.000000,
        "64" : 0.000000,
        ">=64" : 0.000000
      },
      "latency_ns" : {
        "2" : 0.000000,
        "4" : 0.000000,
        "10" : 0.000000,
        "20" : 0.000000,
        "50" : 0.000000,
        "100" : 0.000000,
        "250" : 0.000000,
        "500" : 0.000000,
        "750" : 0.000000,
        "1000" : 0.000000
      },
      "latency_us" : {
        "2" : 0.000000,
        "4" : 0.000000,
        "10" : 0.000000,
        "20" : 0.000000,
        "50" : 0.000000,
        "100" : 0.000000,
        "250" : 1.680402,
        "500" : 76.860661,
        "750" : 18.657299,
        "1000" : 0.754261
      },
      "latency_ms" : {
        "2" : 1.264423,
        "4" : 0.732609,
        "10" : 0.050156,
        "20" : 0.010000,
        "50" : 0.000000,
        "100" : 0.000000,
        "250" : 0.000000,
        "500" : 0.000000,
        "750" : 0.000000,
        "1000" : 0.000000,
        "2000" : 0.000000,
        ">=2000" : 0.000000
      },
      "latency_depth" : 4,
      "latency_target" : 0,
      "latency_percentile" : 100.000000,
      "latency_window" : 0
    }
  ],
  "disk_util" : [
    {
      "name" : "nvme0n1",
      "read_ios" : 0,
      "write_ios" : 46583318,
      "read_merges" : 0,
      "write_merges" : 1230,
      "read_ticks" : 0,
      "write_ticks" : 20071712,
      "in_queue" : 20071712,
      "util" : 95.959312
    }
  ]
}
