{
  "fio version" : "fio-3.33",
  "timestamp" : 1755851821,
  "timestamp_ms" : 1755851821433,
  "time" : "Fri Aug 22 08:37:01 2025",
  "global options" : {
    "ioengine" : "libaio",
    "direct" : "1",
    "thread" : "1",
    "time_based" : "1",
    "runtime" : "720",
    "group_reporting" : "1",
    "rw" : "randrw",
    "rwmixread" : "10",
    "bs" : "4k",
    "iodepth" : "1000",
    "numjobs" : "1000",
    "size" : "1M",
    "randrepeat" : "0",
    "norandommap" : "1"
  },
  "jobs" : [
    {
      "jobname" : "job1",
      "groupid" : 0,
      "error" : 0,
      "eta" : 0,
      "elapsed" : 721,
      "job options" : {
        "directory" : "/mnt/xfs"
      },
      "read" : {
        "io_bytes" : 69458407424,
        "io_kbytes" : 67830476,
        "bw_bytes" : 96404803,
        "bw" : 94145,
        "iops" : 23536.328900,
        "runtime" : 720487,
        "total_ios" : 16957619,
        "short_ios" : 0,
        "drop_ios" : 0,
        "slat_ns" : {
          "min" : 970,
          "max" : 373090429,
          "mean" : 4363296.807508,
          "stddev" : 8670331.612913,
          "N" : 16957619
        },
        "clat_ns" : {
          "min" : 7300,
          "max" : 5551618096,
          "mean" : 4231679984.998271,
          "stddev" : 389266267.822795,
          "N" : 16957619,
          "percentile" : {
            "1.000000" : 2936012800,
            "5.000000" : 3774873600,
            "10.000000" : 3875536896,
            "20.000000" : 4009754624,
            "30.000000" : 4076863488,
            "40.000000" : 4177526784,
            "50.000000" : 4244635648,
            "60.000000" : 4328521728,
            "70.000000" : 4395630592,
            "80.000000" : 4529848320,
            "90.000000" : 4664066048,
            "95.000000" : 4731174912,
            "99.000000" : 4865392640,
            "99.500000" : 4932501504,
            "99.900000" : 5066719232,
            "99.950000" : 5133828096,
            "99.990000" : 5200936960
          }
        },
        "lat_ns" : {
          "min" : 21050,
          "max" : 5558214271,
          "mean" : 4236043281.805789,
          "stddev" : 389500422.599728,
          "N" : 16957619
        },
        "bw_min" : 9251,
        "bw_max" : 498981,
        "bw_agg" : 99.409089,
        "bw_mean" : 93589.580786,
        "bw_dev" : 35.342204,
        "bw_samples" : 1429265,
        "iops_min" : 1631,
        "iops_max" : 124250,
        "iops_mean" : 22839.718483,
        "iops_stddev" : 8.846039,
        "iops_samples" : 1429265
      },
      "write" : {
        "io_bytes" : 625014632448,
        "io_kbytes" : 610365852,
        "bw_bytes" : 867489118,
        "bw" : 847157,
        "iops" : 211789.335547,
        "runtime" : 720487,
        "total_ios" : 152591463,
        "short_ios" : 0,
        "drop_ios" : 0,
        "slat_ns" : {
          "min" : 1050,
          "max" : 372816977,
          "mean" : 4230881.973409,
          "stddev" : 6918041.973759,
          "N" : 152591463
        },
        "clat_ns" : {
          "min" : 361362,
          "max" : 5565690430,
          "mean" : 4233404852.260044,
          "stddev" : 388523265.923851,
          "N" : 152591463,
          "percentile" : {
            "1.000000" : 2969567232,
            "5.000000" : 3774873600,
            "10.000000" : 3875536896,
            "20.000000" : 4009754624,
            "30.000000" : 4110417920,
            "40.000000" : 4177526784,
            "50.000000" : 4244635648,
            "60.000000" : 4328521728,
            "70.000000" : 4395630592,
            "80.000000" : 4529848320,
            "90.000000" : 4664066048,
            "95.000000" : 4731174912,
            "99.000000" : 4865392640,
            "99.500000" : 4932501504,
            "99.900000" : 5066719232,
            "99.950000" : 5133828096,
            "99.990000" : 5200936960
          }
        },
        "lat_ns" : {
          "min" : 363532,
          "max" : 5566522570,
          "mean" : 4237635734.233444,
          "stddev" : 388714892.208073,
          "N" : 152591463
        },
        "bw_min" : 201119,
        "bw_max" : 4391847,
        "bw_agg" : 100.000000,
        "bw_mean" : 847160.433263,
        "bw_dev" : 216.330765,
        "bw_samples" : 1429571,
        "iops_min" : 49725,
        "iops_max" : 1097668,
        "iops_mean" : 211426.724185,
        "iops_stddev" : 54.115668,
        "iops_samples" : 1429571
      },
      "trim" : {
        "io_bytes" : 0,
        "io_kbytes" : 0,
        "bw_bytes" : 0,
        "bw" : 0,
        "iops" : 0.000000,
        "runtime" : 0,
        "total_ios" : 0,
        "short_ios" : 0,
        "drop_ios" : 0,
        "slat_ns" : {
          "min" : 0,
          "max" : 0,
          "mean" : 0.000000,
          "stddev" : 0.000000,
          "N" : 0
        },
        "clat_ns" : {
          "min" : 0,
          "max" : 0,
          "mean" : 0.000000,
          "stddev" : 0.000000,
          "N" : 0
        },
        "lat_ns" : {
          "min" : 0,
          "max" : 0,
          "mean" : 0.000000,
          "stddev" : 0.000000,
          "N" : 0
        },
        "bw_min" : 0,
        "bw_max" : 0,
        "bw_agg" : 0.000000,
        "bw_mean" : 0.000000,
        "bw_dev" : 0.000000,
        "bw_samples" : 0,
        "iops_min" : 0,
        "iops_max" : 0,
        "iops_mean" : 0.000000,
        "iops_stddev" : 0.000000,
        "iops_samples" : 0
      },
      "sync" : {
        "total_ios" : 0,
        "lat_ns" : {
          "min" : 0,
          "max" : 0,
          "mean" : 0.000000,
          "stddev" : 0.000000,
          "N" : 0
        }
      },
      "job_runtime" : 720282209,
      "usr_cpu" : 0.055125,
      "sys_cpu" : 1.115083,
      "ctx" : 479556265,
      "majf" : 0,
      "minf" : 3627,
      "iodepth_level" : {
        "1" : 0.100000,
        "2" : 0.100000,
        "4" : 0.100000,
        "8" : 0.100000,
        "16" : 0.100000,
        "32" : 0.100000,
        ">=64" : 99.962843
      },
      "iodepth_submit" : {
        "0" : 0.000000,
        "4" : 100.000000,
        "8" : 0.000000,
        "16" : 0.000000,
        "32" : 0.000000,
        "64" : 0.000000,
        ">=64" : 0.000000
      },
      "iodepth_complete" : {
        "0" : 0.000000,
        "4" : 99.999407,
        "8" : 0.000000,
        "16" : 0.000000,
        "32" : 0.000000,
        "64" : 0.000000,
        ">=64" : 0.100000
      },
      "latency_ns" : {
        "2" : 0.000000,
        "4" : 0.000000,
        "10" : 0.000000,
        "20" : 0.000000,
        "50" : 0.000000,
        "100" : 0.000000,
        "250" : 0.000000,
        "500" : 0.000000,
        "750" : 0.000000,
        "1000" : 0.000000
      },
      "latency_us" : {
        "2" : 0.000000,
        "4" : 0.000000,
        "10" : 0.010000,
        "20" : 0.010000,
        "50" : 0.010000,
        "100" : 0.010000,
        "250" : 0.010000,
        "500" : 0.010000,
        "750" : 0.010000,
        "1000" : 0.010000
      },
      "latency_ms" : {
        "2" : 0.010000,
        "4" : 0.010000,
        "10" : 0.010000,
        "20" : 0.010000,
        "50" : 0.010000,
        "100" : 0.010000,
        "250" : 0.010000,
        "500" : 0.065436,
        "750" : 0.061100,
        "1000" : 0.067045,
        "2000" : 0.291463,
        ">=2000" : 99.492744
      },
      "latency_depth" : 1000,
      "latency_target" : 0,
      "latency_percentile" : 100.000000,
      "latency_window" : 0
    }
  ],
  "disk_util" : [
    {
      "name" : "nvme1n1",
      "read_ios" : 16955277,
      "write_ios" : 152570943,
      "read_merges" : 0,
      "write_merges" : 9083,
      "read_ticks" : 392589544,
      "write_ticks" : -532463981,
      "in_queue" : -139874437,
      "util" : 90.246263
    }
  ]
}
