{
  "fio version" : "fio-3.33",
  "timestamp" : 1755888837,
  "timestamp_ms" : 1755888837579,
  "time" : "Fri Aug 22 18:53:57 2025",
  "global options" : {
    "ioengine" : "libaio",
    "direct" : "1",
    "time_based" : "1",
    "runtime" : "720",
    "group_reporting" : "1"
  },
  "jobs" : [
    {
      "jobname" : "rocksdb-wal",
      "groupid" : 0,
      "error" : 0,
      "eta" : 0,
      "elapsed" : 721,
      "job options" : {
        "name" : "rocksdb-compaction-write",
        "ioengine" : "libaio",
        "rw" : "write",
        "bs" : "1M",
        "size" : "50G",
        "iodepth" : "8",
        "filename" : "/mnt/ext4/compaction_output.dat"
      },
      "read" : {
        "io_bytes" : 3796715438080,
        "io_kbytes" : 3707729920,
        "bw_bytes" : 5273208562,
        "bw" : 5149617,
        "iops" : 5028.923571,
        "runtime" : 720001,
        "total_ios" : 3620830,
        "short_ios" : 0,
        "drop_ios" : 0,
        "slat_ns" : {
          "min" : 5250,
          "max" : 2503064,
          "mean" : 7041.317052,
          "stddev" : 1729.372578,
          "N" : 3620830
        },
        "clat_ns" : {
          "min" : 285342,
          "max" : 10577471,
          "mean" : 788044.097671,
          "stddev" : 338265.654993,
          "N" : 3620830,
          "percentile" : {
            "1.000000" : 358400,
            "5.000000" : 415744,
            "10.000000" : 456704,
            "20.000000" : 528384,
            "30.000000" : 585728,
            "40.000000" : 667648,
            "50.000000" : 815104,
            "60.000000" : 880640,
            "70.000000" : 921600,
            "80.000000" : 970752,
            "90.000000" : 1044480,
            "95.000000" : 1122304,
            "99.000000" : 2039808,
            "99.500000" : 2605056,
            "99.900000" : 3883008,
            "99.950000" : 6127616,
            "99.990000" : 6586368
          }
        },
        "lat_ns" : {
          "min" : 292802,
          "max" : 10583781,
          "mean" : 795085.414724,
          "stddev" : 338221.241183,
          "N" : 3620830
        },
        "bw_min" : 4628480,
        "bw_max" : 5986304,
        "bw_agg" : 100.000000,
        "bw_mean" : 5152090.824878,
        "bw_dev" : 249772.568731,
        "bw_samples" : 1439,
        "iops_min" : 4520,
        "iops_max" : 5846,
        "iops_mean" : 5031.248089,
        "iops_stddev" : 243.926903,
        "iops_samples" : 1439
      },
      "write" : {
        "io_bytes" : 4633896566784,
        "io_kbytes" : 4525289616,
        "bw_bytes" : 6435949576,
        "bw" : 6285107,
        "iops" : 25290.258916,
        "runtime" : 720002,
        "total_ios" : 18209037,
        "short_ios" : 0,
        "drop_ios" : 0,
        "slat_ns" : {
          "min" : 2160,
          "max" : 3893633,
          "mean" : 5118.494295,
          "stddev" : 5257.792685,
          "N" : 17793268
        },
        "clat_ns" : {
          "min" : 92500,
          "max" : 28877987,
          "mean" : 1615887.711391,
          "stddev" : 441208.617670,
          "N" : 18209037,
          "percentile" : {
            "1.000000" : 1138688,
            "5.000000" : 1286144,
            "10.000000" : 1335296,
            "20.000000" : 1384448,
            "30.000000" : 1433600,
            "40.000000" : 1466368,
            "50.000000" : 1531904,
            "60.000000" : 1597440,
            "70.000000" : 1662976,
            "80.000000" : 1744896,
            "90.000000" : 1875968,
            "95.000000" : 2039808,
            "99.000000" : 3588096,
            "99.500000" : 4112384,
            "99.900000" : 7045120,
            "99.950000" : 7372800,
            "99.990000" : 8159232
          }
        },
        "lat_ns" : {
          "min" : 92770,
          "max" : 28878057,
          "mean" : 1620892.127253,
          "stddev" : 441246.865338,
          "N" : 18209037
        },
        "bw_min" : 5583104,
        "bw_max" : 6719936,
        "bw_agg" : 100.000000,
        "bw_mean" : 6288096.998610,
        "bw_dev" : 111855.370144,
        "bw_samples" : 5756,
        "iops_min" : 22460,
        "iops_max" : 27074,
        "iops_mean" : 25301.967338,
        "iops_stddev" : 326.991786,
        "iops_samples" : 5756
      },
      "trim" : {
        "io_bytes" : 0,
        "io_kbytes" : 0,
        "bw_bytes" : 0,
        "bw" : 0,
        "iops" : 0.000000,
        "runtime" : 0,
        "total_ios" : 0,
        "short_ios" : 0,
        "drop_ios" : 0,
        "slat_ns" : {
          "min" : 0,
          "max" : 0,
          "mean" : 0.000000,
          "stddev" : 0.000000,
          "N" : 0
        },
        "clat_ns" : {
          "min" : 0,
          "max" : 0,
          "mean" : 0.000000,
          "stddev" : 0.000000,
          "N" : 0
        },
        "lat_ns" : {
          "min" : 0,
          "max" : 0,
          "mean" : 0.000000,
          "stddev" : 0.000000,
          "N" : 0
        },
        "bw_min" : 0,
        "bw_max" : 0,
        "bw_agg" : 0.000000,
        "bw_mean" : 0.000000,
        "bw_dev" : 0.000000,
        "bw_samples" : 0,
        "iops_min" : 0,
        "iops_max" : 0,
        "iops_mean" : 0.000000,
        "iops_stddev" : 0.000000,
        "iops_samples" : 0
      },
      "sync" : {
        "total_ios" : 0,
        "lat_ns" : {
          "min" : 0,
          "max" : 0,
          "mean" : 0.000000,
          "stddev" : 0.000000,
          "N" : 0
        }
      },
      "job_runtime" : 3600004,
      "usr_cpu" : 1.094777,
      "sys_cpu" : 3.237385,
      "ctx" : 21660546,
      "majf" : 0,
      "minf" : 68,
      "iodepth_level" : {
        "1" : 1.904606,
        "2" : 0.100000,
        "4" : 16.586629,
        "8" : 16.127927,
        "16" : 65.380801,
        "32" : 0.000000,
        ">=64" : 0.000000
      },
      "iodepth_submit" : {
        "0" : 0.000000,
        "4" : 100.000000,
        "8" : 0.000000,
        "16" : 0.000000,
        "32" : 0.000000,
        "64" : 0.000000,
        ">=64" : 0.000000
      },
      "iodepth_complete" : {
        "0" : 0.000000,
        "4" : 99.999986,
        "8" : 0.100000,
        "16" : 0.100000,
        "32" : 0.000000,
        "64" : 0.000000,
        ">=64" : 0.000000
      },
      "latency_ns" : {
        "2" : 0.000000,
        "4" : 0.000000,
        "10" : 0.000000,
        "20" : 0.000000,
        "50" : 0.000000,
        "100" : 0.000000,
        "250" : 0.000000,
        "500" : 0.000000,
        "750" : 0.000000,
        "1000" : 0.000000
      },
      "latency_us" : {
        "2" : 0.000000,
        "4" : 0.000000,
        "10" : 0.000000,
        "20" : 0.000000,
        "50" : 0.000000,
        "100" : 0.010000,
        "250" : 0.010000,
        "500" : 2.594931,
        "750" : 5.026971,
        "1000" : 6.871430
      },
      "latency_ms" : {
        "2" : 80.524000,
        "4" : 4.483023,
        "10" : 0.497749,
        "20" : 0.010000,
        "50" : 0.010000,
        "100" : 0.000000,
        "250" : 0.000000,
        "500" : 0.000000,
        "750" : 0.000000,
        "1000" : 0.000000,
        "2000" : 0.000000,
        ">=2000" : 0.000000
      },
      "latency_depth" : 8,
      "latency_target" : 0,
      "latency_percentile" : 100.000000,
      "latency_window" : 0
    }
  ],
  "disk_util" : [
    {
      "name" : "nvme0n1",
      "read_ios" : 28959072,
      "write_ios" : 42843518,
      "read_merges" : 0,
      "write_merges" : 856,
      "read_ticks" : 17463100,
      "write_ticks" : 67571227,
      "in_queue" : 85034327,
      "util" : 88.649860
    }
  ]
}
