{
  "fio version" : "fio-3.33",
  "timestamp" : 1754291596,
  "timestamp_ms" : 1754291596640,
  "time" : "Mon Aug  4 07:13:16 2025",
  "global options" : {
    "ioengine" : "libaio",
    "direct" : "1",
    "thread" : "1",
    "time_based" : "1",
    "runtime" : "720",
    "group_reporting" : "1",
    "rw" : "randrw",
    "rwmixread" : "10",
    "bs" : "4k",
    "iodepth" : "1000",
    "numjobs" : "1000",
    "size" : "1M",
    "randrepeat" : "0",
    "norandommap" : "1"
  },
  "jobs" : [
    {
      "jobname" : "job1",
      "groupid" : 0,
      "error" : 0,
      "eta" : 0,
      "elapsed" : 721,
      "job options" : {
        "directory" : "/mnt/xfs"
      },
      "read" : {
        "io_bytes" : 308219613184,
        "io_kbytes" : 300995716,
        "bw_bytes" : 428034642,
        "bw" : 418002,
        "iops" : 104500.645066,
        "runtime" : 720081,
        "total_ios" : 75248929,
        "short_ios" : 0,
        "drop_ios" : 0,
        "slat_ns" : {
          "min" : 940,
          "max" : 56331579,
          "mean" : 947480.654262,
          "stddev" : 2186520.722560,
          "N" : 75248929
        },
        "clat_ns" : {
          "min" : 28970,
          "max" : 1397135615,
          "mean" : 953247752.361976,
          "stddev" : 73736454.891653,
          "N" : 75248929,
          "percentile" : {
            "1.000000" : 792723456,
            "5.000000" : 843055104,
            "10.000000" : 868220928,
            "20.000000" : 893386752,
            "30.000000" : 918552576,
            "40.000000" : 935329792,
            "50.000000" : 952107008,
            "60.000000" : 968884224,
            "70.000000" : 985661440,
            "80.000000" : 1010827264,
            "90.000000" : 1044381696,
            "95.000000" : 1069547520,
            "99.000000" : 1115684864,
            "99.500000" : 1149239296,
            "99.900000" : 1182793728,
            "99.950000" : 1199570944,
            "99.990000" : 1233125376
          }
        },
        "lat_ns" : {
          "min" : 31990,
          "max" : 1397139035,
          "mean" : 954195233.016240,
          "stddev" : 73798905.281078,
          "N" : 75248929
        },
        "bw_min" : 135523,
        "bw_max" : 735573,
        "bw_agg" : 99.965651,
        "bw_mean" : 417859.045223,
        "bw_dev" : 71.387039,
        "bw_samples" : 1434268,
        "iops_min" : 33266,
        "iops_max" : 183519,
        "iops_mean" : 103915.062559,
        "iops_stddev" : 17.890061,
        "iops_samples" : 1434268
      },
      "write" : {
        "io_bytes" : 2774094278656,
        "io_kbytes" : 2709076444,
        "bw_bytes" : 3852475316,
        "bw" : 3762182,
        "iops" : 940545.731661,
        "runtime" : 720081,
        "total_ios" : 677269111,
        "short_ios" : 0,
        "drop_ios" : 0,
        "slat_ns" : {
          "min" : 1000,
          "max" : 62266154,
          "mean" : 955711.053934,
          "stddev" : 2194046.518878,
          "N" : 677269111
        },
        "clat_ns" : {
          "min" : 483693,
          "max" : 1404004297,
          "mean" : 955653767.726215,
          "stddev" : 73818216.018519,
          "N" : 677269111,
          "percentile" : {
            "1.000000" : 792723456,
            "5.000000" : 843055104,
            "10.000000" : 868220928,
            "20.000000" : 893386752,
            "30.000000" : 918552576,
            "40.000000" : 935329792,
            "50.000000" : 952107008,
            "60.000000" : 968884224,
            "70.000000" : 994050048,
            "80.000000" : 1010827264,
            "90.000000" : 1044381696,
            "95.000000" : 1069547520,
            "99.000000" : 1132462080,
            "99.500000" : 1149239296,
            "99.900000" : 1182793728,
            "99.950000" : 1199570944,
            "99.990000" : 1233125376
          }
        },
        "lat_ns" : {
          "min" : 496903,
          "max" : 1404465589,
          "mean" : 956609478.780151,
          "stddev" : 73869147.331996,
          "N" : 677269111
        },
        "bw_min" : 1328302,
        "bw_max" : 5762954,
        "bw_agg" : 100.000000,
        "bw_mean" : 3763065.925282,
        "bw_dev" : 416.986958,
        "bw_samples" : 1434280,
        "iops_min" : 331690,
        "iops_max" : 1440446,
        "iops_mean" : 940514.500371,
        "iops_stddev" : 104.169971,
        "iops_samples" : 1434280
      },
      "trim" : {
        "io_bytes" : 0,
        "io_kbytes" : 0,
        "bw_bytes" : 0,
        "bw" : 0,
        "iops" : 0.000000,
        "runtime" : 0,
        "total_ios" : 0,
        "short_ios" : 0,
        "drop_ios" : 0,
        "slat_ns" : {
          "min" : 0,
          "max" : 0,
          "mean" : 0.000000,
          "stddev" : 0.000000,
          "N" : 0
        },
        "clat_ns" : {
          "min" : 0,
          "max" : 0,
          "mean" : 0.000000,
          "stddev" : 0.000000,
          "N" : 0
        },
        "lat_ns" : {
          "min" : 0,
          "max" : 0,
          "mean" : 0.000000,
          "stddev" : 0.000000,
          "N" : 0
        },
        "bw_min" : 0,
        "bw_max" : 0,
        "bw_agg" : 0.000000,
        "bw_mean" : 0.000000,
        "bw_dev" : 0.000000,
        "bw_samples" : 0,
        "iops_min" : 0,
        "iops_max" : 0,
        "iops_mean" : 0.000000,
        "iops_stddev" : 0.000000,
        "iops_samples" : 0
      },
      "sync" : {
        "total_ios" : 0,
        "lat_ns" : {
          "min" : 0,
          "max" : 0,
          "mean" : 0.000000,
          "stddev" : 0.000000,
          "N" : 0
        }
      },
      "job_runtime" : 720064606,
      "usr_cpu" : 0.149337,
      "sys_cpu" : 3.837630,
      "ctx" : 1474698613,
      "majf" : 0,
      "minf" : 3622,
      "iodepth_level" : {
        "1" : 0.100000,
        "2" : 0.100000,
        "4" : 0.100000,
        "8" : 0.100000,
        "16" : 0.100000,
        "32" : 0.100000,
        ">=64" : 99.991628
      },
      "iodepth_submit" : {
        "0" : 0.000000,
        "4" : 100.000000,
        "8" : 0.000000,
        "16" : 0.000000,
        "32" : 0.000000,
        "64" : 0.000000,
        ">=64" : 0.000000
      },
      "iodepth_complete" : {
        "0" : 0.000000,
        "4" : 99.999867,
        "8" : 0.000000,
        "16" : 0.000000,
        "32" : 0.000000,
        "64" : 0.000000,
        ">=64" : 0.100000
      },
      "latency_ns" : {
        "2" : 0.000000,
        "4" : 0.000000,
        "10" : 0.000000,
        "20" : 0.000000,
        "50" : 0.000000,
        "100" : 0.000000,
        "250" : 0.000000,
        "500" : 0.000000,
        "750" : 0.000000,
        "1000" : 0.000000
      },
      "latency_us" : {
        "2" : 0.000000,
        "4" : 0.000000,
        "10" : 0.000000,
        "20" : 0.000000,
        "50" : 0.010000,
        "100" : 0.010000,
        "250" : 0.010000,
        "500" : 0.010000,
        "750" : 0.010000,
        "1000" : 0.010000
      },
      "latency_ms" : {
        "2" : 0.010000,
        "4" : 0.010000,
        "10" : 0.010000,
        "20" : 0.010000,
        "50" : 0.010000,
        "100" : 0.014703,
        "250" : 0.028269,
        "500" : 0.038900,
        "750" : 0.140429,
        "1000" : 73.672868,
        "2000" : 26.093160,
        ">=2000" : 0.000000
      },
      "latency_depth" : 1000,
      "latency_target" : 0,
      "latency_percentile" : 100.000000,
      "latency_window" : 0
    }
  ],
  "disk_util" : [
    {
      "name" : "nvme2n1",
      "read_ios" : 75237541,
      "write_ios" : 677167465,
      "read_merges" : 0,
      "write_merges" : 10,
      "read_ticks" : 365655019,
      "write_ticks" : 3796712056,
      "in_queue" : 4162367076,
      "util" : 62.050933
    }
  ]
}
