{
  "fio version" : "fio-3.33",
  "timestamp" : 1754290875,
  "timestamp_ms" : 1754290875143,
  "time" : "Mon Aug  4 07:01:15 2025",
  "global options" : {
    "ioengine" : "libaio",
    "direct" : "1",
    "thread" : "1",
    "time_based" : "1",
    "runtime" : "720",
    "group_reporting" : "1",
    "rw" : "randrw",
    "rwmixread" : "10",
    "bs" : "4k",
    "iodepth" : "1000",
    "numjobs" : "1000",
    "size" : "1M",
    "randrepeat" : "0",
    "norandommap" : "1"
  },
  "jobs" : [
    {
      "jobname" : "job1",
      "groupid" : 0,
      "error" : 0,
      "eta" : 0,
      "elapsed" : 721,
      "job options" : {
        "directory" : "/mnt/ext4"
      },
      "read" : {
        "io_bytes" : 307820101632,
        "io_kbytes" : 300605568,
        "bw_bytes" : 427446585,
        "bw" : 417428,
        "iops" : 104357.076501,
        "runtime" : 720137,
        "total_ios" : 75151392,
        "short_ios" : 0,
        "drop_ios" : 0,
        "slat_ns" : {
          "min" : 940,
          "max" : 59583489,
          "mean" : 938706.796600,
          "stddev" : 2196919.656478,
          "N" : 75151392
        },
        "clat_ns" : {
          "min" : 23270,
          "max" : 1511458703,
          "mean" : 954466019.559611,
          "stddev" : 89889517.665979,
          "N" : 75151392,
          "percentile" : {
            "1.000000" : 734003200,
            "5.000000" : 817889280,
            "10.000000" : 851443712,
            "20.000000" : 884998144,
            "30.000000" : 910163968,
            "40.000000" : 935329792,
            "50.000000" : 952107008,
            "60.000000" : 977272832,
            "70.000000" : 994050048,
            "80.000000" : 1027604480,
            "90.000000" : 1061158912,
            "95.000000" : 1098907648,
            "99.000000" : 1149239296,
            "99.500000" : 1182793728,
            "99.900000" : 1233125376,
            "99.950000" : 1249902592,
            "99.990000" : 1317011456
          }
        },
        "lat_ns" : {
          "min" : 25300,
          "max" : 1511462093,
          "mean" : 955404726.356211,
          "stddev" : 89955921.378369,
          "N" : 75151392
        },
        "bw_min" : 157786,
        "bw_max" : 1014330,
        "bw_agg" : 99.976450,
        "bw_mean" : 417330.942905,
        "bw_dev" : 78.165610,
        "bw_samples" : 1434161,
        "iops_min" : 38825,
        "iops_max" : 253271,
        "iops_mean" : 103818.254592,
        "iops_stddev" : 19.586242,
        "iops_samples" : 1434161
      },
      "write" : {
        "io_bytes" : 2770518687744,
        "io_kbytes" : 2705584656,
        "bw_bytes" : 3847210583,
        "bw" : 3757041,
        "iops" : 939260.396286,
        "runtime" : 720137,
        "total_ios" : 676396164,
        "short_ios" : 0,
        "drop_ios" : 0,
        "slat_ns" : {
          "min" : 1000,
          "max" : 103021339,
          "mean" : 958151.424095,
          "stddev" : 2327464.383982,
          "N" : 676396164
        },
        "clat_ns" : {
          "min" : 438193,
          "max" : 1516662993,
          "mean" : 956909545.456483,
          "stddev" : 89918756.041244,
          "N" : 676396164,
          "percentile" : {
            "1.000000" : 734003200,
            "5.000000" : 826277888,
            "10.000000" : 851443712,
            "20.000000" : 893386752,
            "30.000000" : 918552576,
            "40.000000" : 935329792,
            "50.000000" : 960495616,
            "60.000000" : 977272832,
            "70.000000" : 1002438656,
            "80.000000" : 1027604480,
            "90.000000" : 1061158912,
            "95.000000" : 1098907648,
            "99.000000" : 1149239296,
            "99.500000" : 1182793728,
            "99.900000" : 1233125376,
            "99.950000" : 1266679808,
            "99.990000" : 1317011456
          }
        },
        "lat_ns" : {
          "min" : 439733,
          "max" : 1516692183,
          "mean" : 957867696.880577,
          "stddev" : 89978206.304982,
          "N" : 676396164
        },
        "bw_min" : 1654324,
        "bw_max" : 8908252,
        "bw_agg" : 100.000000,
        "bw_mean" : 3758443.756831,
        "bw_dev" : 505.842677,
        "bw_samples" : 1434168,
        "iops_min" : 413105,
        "iops_max" : 2226720,
        "iops_mean" : 939354.313904,
        "iops_stddev" : 126.409401,
        "iops_samples" : 1434168
      },
      "trim" : {
        "io_bytes" : 0,
        "io_kbytes" : 0,
        "bw_bytes" : 0,
        "bw" : 0,
        "iops" : 0.000000,
        "runtime" : 0,
        "total_ios" : 0,
        "short_ios" : 0,
        "drop_ios" : 0,
        "slat_ns" : {
          "min" : 0,
          "max" : 0,
          "mean" : 0.000000,
          "stddev" : 0.000000,
          "N" : 0
        },
        "clat_ns" : {
          "min" : 0,
          "max" : 0,
          "mean" : 0.000000,
          "stddev" : 0.000000,
          "N" : 0
        },
        "lat_ns" : {
          "min" : 0,
          "max" : 0,
          "mean" : 0.000000,
          "stddev" : 0.000000,
          "N" : 0
        },
        "bw_min" : 0,
        "bw_max" : 0,
        "bw_agg" : 0.000000,
        "bw_mean" : 0.000000,
        "bw_dev" : 0.000000,
        "bw_samples" : 0,
        "iops_min" : 0,
        "iops_max" : 0,
        "iops_mean" : 0.000000,
        "iops_stddev" : 0.000000,
        "iops_samples" : 0
      },
      "sync" : {
        "total_ios" : 0,
        "lat_ns" : {
          "min" : 0,
          "max" : 0,
          "mean" : 0.000000,
          "stddev" : 0.000000,
          "N" : 0
        }
      },
      "job_runtime" : 720065893,
      "usr_cpu" : 0.145034,
      "sys_cpu" : 3.959471,
      "ctx" : 1417945702,
      "majf" : 0,
      "minf" : 3718,
      "iodepth_level" : {
        "1" : 0.100000,
        "2" : 0.100000,
        "4" : 0.100000,
        "8" : 0.100000,
        "16" : 0.100000,
        "32" : 0.100000,
        ">=64" : 99.991617
      },
      "iodepth_submit" : {
        "0" : 0.000000,
        "4" : 100.000000,
        "8" : 0.000000,
        "16" : 0.000000,
        "32" : 0.000000,
        "64" : 0.000000,
        ">=64" : 0.000000
      },
      "iodepth_complete" : {
        "0" : 0.000000,
        "4" : 99.999867,
        "8" : 0.000000,
        "16" : 0.000000,
        "32" : 0.000000,
        "64" : 0.000000,
        ">=64" : 0.100000
      },
      "latency_ns" : {
        "2" : 0.000000,
        "4" : 0.000000,
        "10" : 0.000000,
        "20" : 0.000000,
        "50" : 0.000000,
        "100" : 0.000000,
        "250" : 0.000000,
        "500" : 0.000000,
        "750" : 0.000000,
        "1000" : 0.000000
      },
      "latency_us" : {
        "2" : 0.000000,
        "4" : 0.000000,
        "10" : 0.000000,
        "20" : 0.000000,
        "50" : 0.010000,
        "100" : 0.010000,
        "250" : 0.010000,
        "500" : 0.010000,
        "750" : 0.010000,
        "1000" : 0.010000
      },
      "latency_ms" : {
        "2" : 0.010000,
        "4" : 0.010000,
        "10" : 0.010000,
        "20" : 0.010000,
        "50" : 0.010000,
        "100" : 0.022153,
        "250" : 0.053716,
        "500" : 0.122086,
        "750" : 1.061910,
        "1000" : 68.745429,
        "2000" : 29.982977,
        ">=2000" : 0.000000
      },
      "latency_depth" : 1000,
      "latency_target" : 0,
      "latency_percentile" : 100.000000,
      "latency_window" : 0
    }
  ],
  "disk_util" : [
    {
      "name" : "nvme0n1",
      "read_ios" : 75132357,
      "write_ios" : 676223614,
      "read_merges" : 0,
      "write_merges" : 8928,
      "read_ticks" : 364874622,
      "write_ticks" : -505713020,
      "in_queue" : -140838398,
      "util" : 62.172222
    }
  ]
}
