{
  "fio version" : "fio-3.33",
  "timestamp" : 1755887368,
  "timestamp_ms" : 1755887368007,
  "time" : "Fri Aug 22 18:29:28 2025",
  "global options" : {
    "ioengine" : "libaio",
    "direct" : "1",
    "thread" : "1",
    "time_based" : "1",
    "runtime" : "720",
    "group_reporting" : "1",
    "rw" : "randrw",
    "rwmixread" : "10",
    "bs" : "4k",
    "iodepth" : "1000",
    "numjobs" : "1000",
    "size" : "1M",
    "randrepeat" : "0",
    "norandommap" : "1"
  },
  "jobs" : [
    {
      "jobname" : "job1",
      "groupid" : 0,
      "error" : 0,
      "eta" : 0,
      "elapsed" : 721,
      "job options" : {
        "directory" : "/mnt/ext4"
      },
      "read" : {
        "io_bytes" : 476836126720,
        "io_kbytes" : 465660280,
        "bw_bytes" : 662219052,
        "bw" : 646698,
        "iops" : 161674.573437,
        "runtime" : 720058,
        "total_ios" : 116415070,
        "short_ios" : 0,
        "drop_ios" : 0,
        "slat_ns" : {
          "min" : 909,
          "max" : 90779747,
          "mean" : 611751.026755,
          "stddev" : 1750936.625253,
          "N" : 116415070
        },
        "clat_ns" : {
          "min" : 73861,
          "max" : 1898397289,
          "mean" : 616862396.751032,
          "stddev" : 188732679.006167,
          "N" : 116415070,
          "percentile" : {
            "1.000000" : 250609664,
            "5.000000" : 329252864,
            "10.000000" : 383778816,
            "20.000000" : 450887680,
            "30.000000" : 505413632,
            "40.000000" : 557842432,
            "50.000000" : 608174080,
            "60.000000" : 650117120,
            "70.000000" : 708837376,
            "80.000000" : 775946240,
            "90.000000" : 868220928,
            "95.000000" : 943718400,
            "99.000000" : 1115684864,
            "99.500000" : 1182793728,
            "99.900000" : 1317011456,
            "99.950000" : 1384120320,
            "99.990000" : 1518338048
          }
        },
        "lat_ns" : {
          "min" : 75910,
          "max" : 1900015378,
          "mean" : 617474147.777786,
          "stddev" : 188847448.434717,
          "N" : 116415070
        },
        "bw_min" : 145814,
        "bw_max" : 1710000,
        "bw_agg" : 99.963926,
        "bw_mean" : 646465.354443,
        "bw_dev" : 227.129134,
        "bw_samples" : 1432663,
        "iops_min" : 35870,
        "iops_max" : 427339,
        "iops_mean" : 161250.731374,
        "iops_stddev" : 56.832628,
        "iops_samples" : 1432663
      },
      "write" : {
        "io_bytes" : 4290861641728,
        "io_kbytes" : 4190294572,
        "bw_bytes" : 5959050023,
        "bw" : 5819384,
        "iops" : 1454846.197112,
        "runtime" : 720058,
        "total_ios" : 1047573643,
        "short_ios" : 0,
        "drop_ios" : 0,
        "slat_ns" : {
          "min" : 1020,
          "max" : 96638577,
          "mean" : 617691.296380,
          "stddev" : 1786889.088472,
          "N" : 1047573643
        },
        "clat_ns" : {
          "min" : 568053,
          "max" : 1898969282,
          "mean" : 617890062.445460,
          "stddev" : 188883906.518738,
          "N" : 1047573643,
          "percentile" : {
            "1.000000" : 252706816,
            "5.000000" : 329252864,
            "10.000000" : 383778816,
            "20.000000" : 455081984,
            "30.000000" : 509607936,
            "40.000000" : 557842432,
            "50.000000" : 608174080,
            "60.000000" : 658505728,
            "70.000000" : 708837376,
            "80.000000" : 775946240,
            "90.000000" : 868220928,
            "95.000000" : 952107008,
            "99.000000" : 1115684864,
            "99.500000" : 1182793728,
            "99.900000" : 1317011456,
            "99.950000" : 1384120320,
            "99.990000" : 1518338048
          }
        },
        "lat_ns" : {
          "min" : 570383,
          "max" : 1909166320,
          "mean" : 618507753.741839,
          "stddev" : 188998260.492171,
          "N" : 1047573643
        },
        "bw_min" : 1526375,
        "bw_max" : 14983616,
        "bw_agg" : 100.000000,
        "bw_mean" : 5820901.793326,
        "bw_dev" : 1950.566445,
        "bw_samples" : 1432669,
        "iops_min" : 381409,
        "iops_max" : 3745547,
        "iops_mean" : 1454886.868779,
        "iops_stddev" : 487.640335,
        "iops_samples" : 1432669
      },
      "trim" : {
        "io_bytes" : 0,
        "io_kbytes" : 0,
        "bw_bytes" : 0,
        "bw" : 0,
        "iops" : 0.000000,
        "runtime" : 0,
        "total_ios" : 0,
        "short_ios" : 0,
        "drop_ios" : 0,
        "slat_ns" : {
          "min" : 0,
          "max" : 0,
          "mean" : 0.000000,
          "stddev" : 0.000000,
          "N" : 0
        },
        "clat_ns" : {
          "min" : 0,
          "max" : 0,
          "mean" : 0.000000,
          "stddev" : 0.000000,
          "N" : 0
        },
        "lat_ns" : {
          "min" : 0,
          "max" : 0,
          "mean" : 0.000000,
          "stddev" : 0.000000,
          "N" : 0
        },
        "bw_min" : 0,
        "bw_max" : 0,
        "bw_agg" : 0.000000,
        "bw_mean" : 0.000000,
        "bw_dev" : 0.000000,
        "bw_samples" : 0,
        "iops_min" : 0,
        "iops_max" : 0,
        "iops_mean" : 0.000000,
        "iops_stddev" : 0.000000,
        "iops_samples" : 0
      },
      "sync" : {
        "total_ios" : 0,
        "lat_ns" : {
          "min" : 0,
          "max" : 0,
          "mean" : 0.000000,
          "stddev" : 0.000000,
          "N" : 0
        }
      },
      "job_runtime" : 720045024,
      "usr_cpu" : 0.187382,
      "sys_cpu" : 4.341731,
      "ctx" : 1579289955,
      "majf" : 0,
      "minf" : 3528,
      "iodepth_level" : {
        "1" : 0.100000,
        "2" : 0.100000,
        "4" : 0.100000,
        "8" : 0.100000,
        "16" : 0.100000,
        "32" : 0.100000,
        ">=64" : 99.994588
      },
      "iodepth_submit" : {
        "0" : 0.000000,
        "4" : 100.000000,
        "8" : 0.000000,
        "16" : 0.000000,
        "32" : 0.000000,
        "64" : 0.000000,
        ">=64" : 0.000000
      },
      "iodepth_complete" : {
        "0" : 0.000000,
        "4" : 99.999914,
        "8" : 0.000000,
        "16" : 0.000000,
        "32" : 0.000000,
        "64" : 0.000000,
        ">=64" : 0.100000
      },
      "latency_ns" : {
        "2" : 0.000000,
        "4" : 0.000000,
        "10" : 0.000000,
        "20" : 0.000000,
        "50" : 0.000000,
        "100" : 0.000000,
        "250" : 0.000000,
        "500" : 0.000000,
        "750" : 0.000000,
        "1000" : 0.000000
      },
      "latency_us" : {
        "2" : 0.000000,
        "4" : 0.000000,
        "10" : 0.000000,
        "20" : 0.000000,
        "50" : 0.000000,
        "100" : 0.010000,
        "250" : 0.010000,
        "500" : 0.010000,
        "750" : 0.010000,
        "1000" : 0.010000
      },
      "latency_ms" : {
        "2" : 0.010000,
        "4" : 0.010000,
        "10" : 0.010000,
        "20" : 0.010000,
        "50" : 0.010000,
        "100" : 0.023285,
        "250" : 0.914267,
        "500" : 27.465862,
        "750" : 48.305005,
        "1000" : 20.200923,
        "2000" : 3.081044,
        ">=2000" : 0.000000
      },
      "latency_depth" : 1000,
      "latency_target" : 0,
      "latency_percentile" : 100.000000,
      "latency_window" : 0
    }
  ],
  "disk_util" : [
    {
      "name" : "nvme0n1",
      "read_ios" : 116413861,
      "write_ios" : 1047587793,
      "read_merges" : 0,
      "write_merges" : 9303,
      "read_ticks" : 394535895,
      "write_ticks" : 3716322403,
      "in_queue" : 4110858298,
      "util" : 76.951076
    }
  ]
}
