{
  "fio version" : "fio-3.33",
  "timestamp" : 1755853371,
  "timestamp_ms" : 1755853371687,
  "time" : "Fri Aug 22 09:02:51 2025",
  "global options" : {
    "ioengine" : "libaio",
    "direct" : "1",
    "time_based" : "1",
    "runtime" : "720",
    "group_reporting" : "1"
  },
  "jobs" : [
    {
      "jobname" : "rocksdb-wal",
      "groupid" : 0,
      "error" : 0,
      "eta" : 0,
      "elapsed" : 721,
      "job options" : {
        "name" : "rocksdb-compaction-write",
        "ioengine" : "libaio",
        "rw" : "write",
        "bs" : "1M",
        "size" : "50G",
        "iodepth" : "8",
        "filename" : "/mnt/xfs/compaction_output.dat"
      },
      "read" : {
        "io_bytes" : 2040147214336,
        "io_kbytes" : 1992331264,
        "bw_bytes" : 2833529926,
        "bw" : 2767119,
        "iops" : 2702.264716,
        "runtime" : 720002,
        "total_ios" : 1945636,
        "short_ios" : 0,
        "drop_ios" : 0,
        "slat_ns" : {
          "min" : 5230,
          "max" : 337092,
          "mean" : 14273.551927,
          "stddev" : 5629.653199,
          "N" : 1945636
        },
        "clat_ns" : {
          "min" : 268921,
          "max" : 9610801,
          "mean" : 1465641.589811,
          "stddev" : 405927.967194,
          "N" : 1945636,
          "percentile" : {
            "1.000000" : 411648,
            "5.000000" : 937984,
            "10.000000" : 1019904,
            "20.000000" : 1155072,
            "30.000000" : 1269760,
            "40.000000" : 1351680,
            "50.000000" : 1433600,
            "60.000000" : 1531904,
            "70.000000" : 1630208,
            "80.000000" : 1761280,
            "90.000000" : 1941504,
            "95.000000" : 2113536,
            "99.000000" : 2736128,
            "99.500000" : 3031040,
            "99.900000" : 3522560,
            "99.950000" : 3686400,
            "99.990000" : 3948544
          }
        },
        "lat_ns" : {
          "min" : 286532,
          "max" : 9634761,
          "mean" : 1479915.141738,
          "stddev" : 405824.438620,
          "N" : 1945636
        },
        "bw_min" : 2527232,
        "bw_max" : 3016704,
        "bw_agg" : 100.000000,
        "bw_mean" : 2768690.135511,
        "bw_dev" : 80617.228990,
        "bw_samples" : 1439,
        "iops_min" : 2468,
        "iops_max" : 2946,
        "iops_mean" : 2703.710910,
        "iops_stddev" : 78.693998,
        "iops_samples" : 1439
      },
      "write" : {
        "io_bytes" : 238726397952,
        "io_kbytes" : 233131248,
        "bw_bytes" : 331559376,
        "bw" : 323788,
        "iops" : 1298.621827,
        "runtime" : 720011,
        "total_ios" : 935022,
        "short_ios" : 0,
        "drop_ios" : 0,
        "slat_ns" : {
          "min" : 2470,
          "max" : 38809957,
          "mean" : 16292.173045,
          "stddev" : 361445.825998,
          "N" : 912187
        },
        "clat_ns" : {
          "min" : 13960,
          "max" : 74674420,
          "mean" : 31555262.068774,
          "stddev" : 5013632.798414,
          "N" : 935022,
          "percentile" : {
            "1.000000" : 21364736,
            "5.000000" : 24772608,
            "10.000000" : 26083328,
            "20.000000" : 27656192,
            "30.000000" : 28966912,
            "40.000000" : 29753344,
            "50.000000" : 30801920,
            "60.000000" : 31588352,
            "70.000000" : 33423360,
            "80.000000" : 35913728,
            "90.000000" : 39059456,
            "95.000000" : 40108032,
            "99.000000" : 42205184,
            "99.500000" : 43778048,
            "99.900000" : 55312384,
            "99.950000" : 59506688,
            "99.990000" : 66322432
          }
        },
        "lat_ns" : {
          "min" : 14040,
          "max" : 74680720,
          "mean" : 31571169.183629,
          "stddev" : 5001665.634440,
          "N" : 935022
        },
        "bw_min" : 272416,
        "bw_max" : 383855,
        "bw_agg" : 100.000000,
        "bw_mean" : 323951.131341,
        "bw_dev" : 6765.427036,
        "bw_samples" : 5756,
        "iops_min" : 1096,
        "iops_max" : 1649,
        "iops_mean" : 1299.074357,
        "iops_stddev" : 20.405387,
        "iops_samples" : 5756
      },
      "trim" : {
        "io_bytes" : 0,
        "io_kbytes" : 0,
        "bw_bytes" : 0,
        "bw" : 0,
        "iops" : 0.000000,
        "runtime" : 0,
        "total_ios" : 0,
        "short_ios" : 0,
        "drop_ios" : 0,
        "slat_ns" : {
          "min" : 0,
          "max" : 0,
          "mean" : 0.000000,
          "stddev" : 0.000000,
          "N" : 0
        },
        "clat_ns" : {
          "min" : 0,
          "max" : 0,
          "mean" : 0.000000,
          "stddev" : 0.000000,
          "N" : 0
        },
        "lat_ns" : {
          "min" : 0,
          "max" : 0,
          "mean" : 0.000000,
          "stddev" : 0.000000,
          "N" : 0
        },
        "bw_min" : 0,
        "bw_max" : 0,
        "bw_agg" : 0.000000,
        "bw_mean" : 0.000000,
        "bw_dev" : 0.000000,
        "bw_samples" : 0,
        "iops_min" : 0,
        "iops_max" : 0,
        "iops_mean" : 0.000000,
        "iops_stddev" : 0.000000,
        "iops_samples" : 0
      },
      "sync" : {
        "total_ios" : 0,
        "lat_ns" : {
          "min" : 0,
          "max" : 0,
          "mean" : 0.000000,
          "stddev" : 0.000000,
          "N" : 0
        }
      },
      "job_runtime" : 3600032,
      "usr_cpu" : 0.195443,
      "sys_cpu" : 1.160962,
      "ctx" : 2624410,
      "majf" : 0,
      "minf" : 571,
      "iodepth_level" : {
        "1" : 0.792840,
        "2" : 0.100000,
        "4" : 67.541687,
        "8" : 6.306233,
        "16" : 25.358963,
        "32" : 0.000000,
        ">=64" : 0.000000
      },
      "iodepth_submit" : {
        "0" : 0.000000,
        "4" : 100.000000,
        "8" : 0.000000,
        "16" : 0.000000,
        "32" : 0.000000,
        "64" : 0.000000,
        ">=64" : 0.000000
      },
      "iodepth_complete" : {
        "0" : 0.000000,
        "4" : 99.999896,
        "8" : 0.100000,
        "16" : 0.100000,
        "32" : 0.000000,
        "64" : 0.000000,
        ">=64" : 0.000000
      },
      "latency_ns" : {
        "2" : 0.000000,
        "4" : 0.000000,
        "10" : 0.000000,
        "20" : 0.000000,
        "50" : 0.000000,
        "100" : 0.000000,
        "250" : 0.000000,
        "500" : 0.000000,
        "750" : 0.000000,
        "1000" : 0.000000
      },
      "latency_us" : {
        "2" : 0.000000,
        "4" : 0.000000,
        "10" : 0.000000,
        "20" : 0.010000,
        "50" : 0.010000,
        "100" : 0.010000,
        "250" : 0.010000,
        "500" : 1.109295,
        "750" : 0.773365,
        "1000" : 3.743277
      },
      "latency_ms" : {
        "2" : 56.679828,
        "4" : 5.241025,
        "10" : 0.038116,
        "20" : 0.136705,
        "50" : 32.202712,
        "100" : 0.068109,
        "250" : 0.000000,
        "500" : 0.000000,
        "750" : 0.000000,
        "1000" : 0.000000,
        "2000" : 0.000000,
        ">=2000" : 0.000000
      },
      "latency_depth" : 8,
      "latency_target" : 0,
      "latency_percentile" : 100.000000,
      "latency_window" : 0
    }
  ],
  "disk_util" : [
    {
      "name" : "nvme1n1",
      "read_ios" : 15561559,
      "write_ios" : 2206749,
      "read_merges" : 0,
      "write_merges" : 1318,
      "read_ticks" : 15362838,
      "write_ticks" : 67834658,
      "in_queue" : 83197496,
      "util" : 94.525391
    }
  ]
}
