{
  "fio version" : "fio-3.33",
  "timestamp" : 1755852596,
  "timestamp_ms" : 1755852596248,
  "time" : "Fri Aug 22 08:49:56 2025",
  "global options" : {
    "ioengine" : "libaio",
    "direct" : "1",
    "time_based" : "1",
    "runtime" : "720",
    "group_reporting" : "1"
  },
  "jobs" : [
    {
      "jobname" : "rocksdb-wal",
      "groupid" : 0,
      "error" : 0,
      "eta" : 0,
      "elapsed" : 721,
      "job options" : {
        "name" : "rocksdb-compaction-write",
        "ioengine" : "libaio",
        "rw" : "write",
        "bs" : "1M",
        "size" : "50G",
        "iodepth" : "8",
        "filename" : "/mnt/ext4/compaction_output.dat"
      },
      "read" : {
        "io_bytes" : 2043611709440,
        "io_kbytes" : 1995714560,
        "bw_bytes" : 2838341712,
        "bw" : 2771818,
        "iops" : 2706.853592,
        "runtime" : 720002,
        "total_ios" : 1948940,
        "short_ios" : 0,
        "drop_ios" : 0,
        "slat_ns" : {
          "min" : 5240,
          "max" : 326812,
          "mean" : 13056.234722,
          "stddev" : 4776.797223,
          "N" : 1948940
        },
        "clat_ns" : {
          "min" : 270412,
          "max" : 9252298,
          "mean" : 1464361.112059,
          "stddev" : 406002.442461,
          "N" : 1948940,
          "percentile" : {
            "1.000000" : 407552,
            "5.000000" : 937984,
            "10.000000" : 1019904,
            "20.000000" : 1138688,
            "30.000000" : 1253376,
            "40.000000" : 1351680,
            "50.000000" : 1417216,
            "60.000000" : 1531904,
            "70.000000" : 1630208,
            "80.000000" : 1761280,
            "90.000000" : 1941504,
            "95.000000" : 2113536,
            "99.000000" : 2736128,
            "99.500000" : 3063808,
            "99.900000" : 3588096,
            "99.950000" : 3719168,
            "99.990000" : 3981312
          }
        },
        "lat_ns" : {
          "min" : 288152,
          "max" : 9268538,
          "mean" : 1477417.346781,
          "stddev" : 405916.972056,
          "N" : 1948940
        },
        "bw_min" : 2557952,
        "bw_max" : 3018752,
        "bw_agg" : 100.000000,
        "bw_mean" : 2773031.641418,
        "bw_dev" : 81137.809458,
        "bw_samples" : 1439,
        "iops_min" : 2498,
        "iops_max" : 2948,
        "iops_mean" : 2707.947880,
        "iops_stddev" : 79.201470,
        "iops_samples" : 1439
      },
      "write" : {
        "io_bytes" : 243808681984,
        "io_kbytes" : 238094416,
        "bw_bytes" : 338617996,
        "bw" : 330681,
        "iops" : 1327.243612,
        "runtime" : 720011,
        "total_ios" : 955630,
        "short_ios" : 0,
        "drop_ios" : 0,
        "slat_ns" : {
          "min" : 2440,
          "max" : 41432074,
          "mean" : 16735.560648,
          "stddev" : 357537.311833,
          "N" : 932297
        },
        "clat_ns" : {
          "min" : 13480,
          "max" : 81804580,
          "mean" : 30873894.395648,
          "stddev" : 5120897.343210,
          "N" : 955630,
          "percentile" : {
            "1.000000" : 20840448,
            "5.000000" : 23724032,
            "10.000000" : 25034752,
            "20.000000" : 26869760,
            "30.000000" : 27918336,
            "40.000000" : 29229056,
            "50.000000" : 30277632,
            "60.000000" : 31326208,
            "70.000000" : 32899072,
            "80.000000" : 35389440,
            "90.000000" : 38010880,
            "95.000000" : 40108032,
            "99.000000" : 42205184,
            "99.500000" : 43253760,
            "99.900000" : 53215232,
            "99.950000" : 57933824,
            "99.990000" : 65273856
          }
        },
        "lat_ns" : {
          "min" : 13560,
          "max" : 81809370,
          "mean" : 30890233.695036,
          "stddev" : 5108207.521611,
          "N" : 955630
        },
        "bw_min" : 279200,
        "bw_max" : 395074,
        "bw_agg" : 100.000000,
        "bw_mean" : 330817.043780,
        "bw_dev" : 8386.331578,
        "bw_samples" : 5756,
        "iops_min" : 1112,
        "iops_max" : 1704,
        "iops_mean" : 1327.607366,
        "iops_stddev" : 25.237792,
        "iops_samples" : 5756
      },
      "trim" : {
        "io_bytes" : 0,
        "io_kbytes" : 0,
        "bw_bytes" : 0,
        "bw" : 0,
        "iops" : 0.000000,
        "runtime" : 0,
        "total_ios" : 0,
        "short_ios" : 0,
        "drop_ios" : 0,
        "slat_ns" : {
          "min" : 0,
          "max" : 0,
          "mean" : 0.000000,
          "stddev" : 0.000000,
          "N" : 0
        },
        "clat_ns" : {
          "min" : 0,
          "max" : 0,
          "mean" : 0.000000,
          "stddev" : 0.000000,
          "N" : 0
        },
        "lat_ns" : {
          "min" : 0,
          "max" : 0,
          "mean" : 0.000000,
          "stddev" : 0.000000,
          "N" : 0
        },
        "bw_min" : 0,
        "bw_max" : 0,
        "bw_agg" : 0.000000,
        "bw_mean" : 0.000000,
        "bw_dev" : 0.000000,
        "bw_samples" : 0,
        "iops_min" : 0,
        "iops_max" : 0,
        "iops_mean" : 0.000000,
        "iops_stddev" : 0.000000,
        "iops_samples" : 0
      },
      "sync" : {
        "total_ios" : 0,
        "lat_ns" : {
          "min" : 0,
          "max" : 0,
          "mean" : 0.000000,
          "stddev" : 0.000000,
          "N" : 0
        }
      },
      "job_runtime" : 3600024,
      "usr_cpu" : 0.194526,
      "sys_cpu" : 1.099659,
      "ctx" : 2650185,
      "majf" : 0,
      "minf" : 581,
      "iodepth_level" : {
        "1" : 0.803458,
        "2" : 0.100000,
        "4" : 67.099399,
        "8" : 6.385868,
        "16" : 25.711000,
        "32" : 0.000000,
        ">=64" : 0.000000
      },
      "iodepth_submit" : {
        "0" : 0.000000,
        "4" : 100.000000,
        "8" : 0.000000,
        "16" : 0.000000,
        "32" : 0.000000,
        "64" : 0.000000,
        ">=64" : 0.000000
      },
      "iodepth_complete" : {
        "0" : 0.000000,
        "4" : 99.999897,
        "8" : 0.100000,
        "16" : 0.100000,
        "32" : 0.000000,
        "64" : 0.000000,
        ">=64" : 0.000000
      },
      "latency_ns" : {
        "2" : 0.000000,
        "4" : 0.000000,
        "10" : 0.000000,
        "20" : 0.000000,
        "50" : 0.000000,
        "100" : 0.000000,
        "250" : 0.000000,
        "500" : 0.000000,
        "750" : 0.000000,
        "1000" : 0.000000
      },
      "latency_us" : {
        "2" : 0.000000,
        "4" : 0.000000,
        "10" : 0.000000,
        "20" : 0.010000,
        "50" : 0.010000,
        "100" : 0.010000,
        "250" : 0.010000,
        "500" : 1.050379,
        "750" : 0.676245,
        "1000" : 3.834440
      },
      "latency_ms" : {
        "2" : 56.325997,
        "4" : 5.217640,
        "10" : 0.051230,
        "20" : 0.163398,
        "50" : 32.607649,
        "100" : 0.062866,
        "250" : 0.000000,
        "500" : 0.000000,
        "750" : 0.000000,
        "1000" : 0.000000,
        "2000" : 0.000000,
        ">=2000" : 0.000000
      },
      "latency_depth" : 8,
      "latency_target" : 0,
      "latency_percentile" : 100.000000,
      "latency_window" : 0
    }
  ],
  "disk_util" : [
    {
      "name" : "nvme1n1",
      "read_ios" : 15586271,
      "write_ios" : 2253875,
      "read_merges" : 0,
      "write_merges" : 1176,
      "read_ticks" : 15333978,
      "write_ticks" : 67813084,
      "in_queue" : 83147063,
      "util" : 94.805438
    }
  ]
}
