{
  "fio version" : "fio-3.33",
  "timestamp" : 1755891017,
  "timestamp_ms" : 1755891017011,
  "time" : "Fri Aug 22 19:30:17 2025",
  "global options" : {
    "ioengine" : "libaio",
    "direct" : "1",
    "thread" : "1",
    "group_reporting" : "1",
    "time_based" : "1",
    "runtime" : "720"
  },
  "jobs" : [
    {
      "jobname" : "solana-snapshot-write",
      "groupid" : 0,
      "error" : 0,
      "eta" : 0,
      "elapsed" : 721,
      "job options" : {
        "name" : "solana-snapshot-write",
        "rw" : "write",
        "bs" : "1M",
        "size" : "100G",
        "iodepth" : "4",
        "filename" : "/mnt/xfs/snapshot.dat"
      },
      "read" : {
        "io_bytes" : 0,
        "io_kbytes" : 0,
        "bw_bytes" : 0,
        "bw" : 0,
        "iops" : 0.000000,
        "runtime" : 0,
        "total_ios" : 0,
        "short_ios" : 0,
        "drop_ios" : 0,
        "slat_ns" : {
          "min" : 0,
          "max" : 0,
          "mean" : 0.000000,
          "stddev" : 0.000000,
          "N" : 0
        },
        "clat_ns" : {
          "min" : 0,
          "max" : 0,
          "mean" : 0.000000,
          "stddev" : 0.000000,
          "N" : 0
        },
        "lat_ns" : {
          "min" : 0,
          "max" : 0,
          "mean" : 0.000000,
          "stddev" : 0.000000,
          "N" : 0
        },
        "bw_min" : 0,
        "bw_max" : 0,
        "bw_agg" : 0.000000,
        "bw_mean" : 0.000000,
        "bw_dev" : 0.000000,
        "bw_samples" : 0,
        "iops_min" : 0,
        "iops_max" : 0,
        "iops_mean" : 0.000000,
        "iops_stddev" : 0.000000,
        "iops_samples" : 0
      },
      "write" : {
        "io_bytes" : 6162158190592,
        "io_kbytes" : 6017732608,
        "bw_bytes" : 8558541155,
        "bw" : 8357950,
        "iops" : 8162.060886,
        "runtime" : 720001,
        "total_ios" : 5876692,
        "short_ios" : 0,
        "drop_ios" : 0,
        "slat_ns" : {
          "min" : 8010,
          "max" : 157741,
          "mean" : 11602.140481,
          "stddev" : 1870.664614,
          "N" : 5876692
        },
        "clat_ns" : {
          "min" : 111910,
          "max" : 10199781,
          "mean" : 478142.690138,
          "stddev" : 213636.517297,
          "N" : 5876692,
          "percentile" : {
            "1.000000" : 244736,
            "5.000000" : 362496,
            "10.000000" : 378880,
            "20.000000" : 399360,
            "30.000000" : 419840,
            "40.000000" : 428032,
            "50.000000" : 432128,
            "60.000000" : 444416,
            "70.000000" : 473088,
            "80.000000" : 518144,
            "90.000000" : 585728,
            "95.000000" : 675840,
            "99.000000" : 1499136,
            "99.500000" : 1957888,
            "99.900000" : 2539520,
            "99.950000" : 2801664,
            "99.990000" : 6520832
          }
        },
        "lat_ns" : {
          "min" : 123171,
          "max" : 10213732,
          "mean" : 489744.830620,
          "stddev" : 213617.067685,
          "N" : 5876692
        },
        "bw_min" : 7604224,
        "bw_max" : 8742912,
        "bw_agg" : 100.000000,
        "bw_mean" : 8362025.074357,
        "bw_dev" : 300261.604311,
        "bw_samples" : 1439,
        "iops_min" : 7426,
        "iops_max" : 8538,
        "iops_mean" : 8165.952745,
        "iops_stddev" : 293.198033,
        "iops_samples" : 1439
      },
      "trim" : {
        "io_bytes" : 0,
        "io_kbytes" : 0,
        "bw_bytes" : 0,
        "bw" : 0,
        "iops" : 0.000000,
        "runtime" : 0,
        "total_ios" : 0,
        "short_ios" : 0,
        "drop_ios" : 0,
        "slat_ns" : {
          "min" : 0,
          "max" : 0,
          "mean" : 0.000000,
          "stddev" : 0.000000,
          "N" : 0
        },
        "clat_ns" : {
          "min" : 0,
          "max" : 0,
          "mean" : 0.000000,
          "stddev" : 0.000000,
          "N" : 0
        },
        "lat_ns" : {
          "min" : 0,
          "max" : 0,
          "mean" : 0.000000,
          "stddev" : 0.000000,
          "N" : 0
        },
        "bw_min" : 0,
        "bw_max" : 0,
        "bw_agg" : 0.000000,
        "bw_mean" : 0.000000,
        "bw_dev" : 0.000000,
        "bw_samples" : 0,
        "iops_min" : 0,
        "iops_max" : 0,
        "iops_mean" : 0.000000,
        "iops_stddev" : 0.000000,
        "iops_samples" : 0
      },
      "sync" : {
        "total_ios" : 0,
        "lat_ns" : {
          "min" : 0,
          "max" : 0,
          "mean" : 0.000000,
          "stddev" : 0.000000,
          "N" : 0
        }
      },
      "job_runtime" : 720000,
      "usr_cpu" : 4.391806,
      "sys_cpu" : 6.358611,
      "ctx" : 5877497,
      "majf" : 0,
      "minf" : 1,
      "iodepth_level" : {
        "1" : 0.100000,
        "2" : 0.100000,
        "4" : 99.999949,
        "8" : 0.000000,
        "16" : 0.000000,
        "32" : 0.000000,
        ">=64" : 0.000000
      },
      "iodepth_submit" : {
        "0" : 0.000000,
        "4" : 100.000000,
        "8" : 0.000000,
        "16" : 0.000000,
        "32" : 0.000000,
        "64" : 0.000000,
        ">=64" : 0.000000
      },
      "iodepth_complete" : {
        "0" : 0.000000,
        "4" : 100.000000,
        "8" : 0.000000,
        "16" : 0.000000,
        "32" : 0.000000,
        "64" : 0.000000,
        ">=64" : 0.000000
      },
      "latency_ns" : {
        "2" : 0.000000,
        "4" : 0.000000,
        "10" : 0.000000,
        "20" : 0.000000,
        "50" : 0.000000,
        "100" : 0.000000,
        "250" : 0.000000,
        "500" : 0.000000,
        "750" : 0.000000,
        "1000" : 0.000000
      },
      "latency_us" : {
        "2" : 0.000000,
        "4" : 0.000000,
        "10" : 0.000000,
        "20" : 0.000000,
        "50" : 0.000000,
        "100" : 0.000000,
        "250" : 1.102644,
        "500" : 75.360390,
        "750" : 20.527943,
        "1000" : 1.306160
      },
      "latency_ms" : {
        "2" : 1.237550,
        "4" : 0.438733,
        "10" : 0.026512,
        "20" : 0.010000,
        "50" : 0.000000,
        "100" : 0.000000,
        "250" : 0.000000,
        "500" : 0.000000,
        "750" : 0.000000,
        "1000" : 0.000000,
        "2000" : 0.000000,
        ">=2000" : 0.000000
      },
      "latency_depth" : 4,
      "latency_target" : 0,
      "latency_percentile" : 100.000000,
      "latency_window" : 0
    }
  ],
  "disk_util" : [
    {
      "name" : "nvme2n1",
      "read_ios" : 0,
      "write_ios" : 47006459,
      "read_merges" : 0,
      "write_merges" : 689,
      "read_ticks" : 0,
      "write_ticks" : 20067525,
      "in_queue" : 20067524,
      "util" : 95.555083
    }
  ]
}
