{
  "fio version" : "fio-3.33",
  "timestamp" : 1755851099,
  "timestamp_ms" : 1755851099565,
  "time" : "Fri Aug 22 08:24:59 2025",
  "global options" : {
    "ioengine" : "libaio",
    "direct" : "1",
    "thread" : "1",
    "time_based" : "1",
    "runtime" : "720",
    "group_reporting" : "1",
    "rw" : "randrw",
    "rwmixread" : "10",
    "bs" : "4k",
    "iodepth" : "1000",
    "numjobs" : "1000",
    "size" : "1M",
    "randrepeat" : "0",
    "norandommap" : "1"
  },
  "jobs" : [
    {
      "jobname" : "job1",
      "groupid" : 0,
      "error" : 0,
      "eta" : 0,
      "elapsed" : 721,
      "job options" : {
        "directory" : "/mnt/ext4"
      },
      "read" : {
        "io_bytes" : 69876273152,
        "io_kbytes" : 68238548,
        "bw_bytes" : 96980338,
        "bw" : 94707,
        "iops" : 23676.840338,
        "runtime" : 720520,
        "total_ios" : 17059637,
        "short_ios" : 0,
        "drop_ios" : 0,
        "slat_ns" : {
          "min" : 1031,
          "max" : 315302023,
          "mean" : 4331837.256034,
          "stddev" : 8273097.275648,
          "N" : 17059637
        },
        "clat_ns" : {
          "min" : 6350,
          "max" : 5425661132,
          "mean" : 4206175306.886236,
          "stddev" : 356040970.983432,
          "N" : 17059637,
          "percentile" : {
            "1.000000" : 3238002688,
            "5.000000" : 3808428032,
            "10.000000" : 3909091328,
            "20.000000" : 4009754624,
            "30.000000" : 4076863488,
            "40.000000" : 4143972352,
            "50.000000" : 4211081216,
            "60.000000" : 4278190080,
            "70.000000" : 4395630592,
            "80.000000" : 4462739456,
            "90.000000" : 4596957184,
            "95.000000" : 4664066048,
            "99.000000" : 4798283776,
            "99.500000" : 4865392640,
            "99.900000" : 4932501504,
            "99.950000" : 4999610368,
            "99.990000" : 5066719232
          }
        },
        "lat_ns" : {
          "min" : 42920,
          "max" : 5426204525,
          "mean" : 4210507144.142268,
          "stddev" : 356243794.392449,
          "N" : 17059637
        },
        "bw_min" : 9849,
        "bw_max" : 439129,
        "bw_agg" : 99.483291,
        "bw_mean" : 94218.400952,
        "bw_dev" : 33.107325,
        "bw_samples" : 1429533,
        "iops_min" : 1827,
        "iops_max" : 109367,
        "iops_mean" : 23042.862700,
        "iops_stddev" : 8.288906,
        "iops_samples" : 1429533
      },
      "write" : {
        "io_bytes" : 628836810752,
        "io_kbytes" : 614098448,
        "bw_bytes" : 872754136,
        "bw" : 852298,
        "iops" : 213074.740465,
        "runtime" : 720520,
        "total_ios" : 153524612,
        "short_ios" : 0,
        "drop_ios" : 0,
        "slat_ns" : {
          "min" : 1080,
          "max" : 324155771,
          "mean" : 4205927.317725,
          "stddev" : 6666212.908140,
          "N" : 153524612
        },
        "clat_ns" : {
          "min" : 428882,
          "max" : 5457160502,
          "mean" : 4207834716.035763,
          "stddev" : 355835805.815919,
          "N" : 153524612,
          "percentile" : {
            "1.000000" : 3238002688,
            "5.000000" : 3808428032,
            "10.000000" : 3909091328,
            "20.000000" : 4009754624,
            "30.000000" : 4076863488,
            "40.000000" : 4143972352,
            "50.000000" : 4211081216,
            "60.000000" : 4278190080,
            "70.000000" : 4395630592,
            "80.000000" : 4462739456,
            "90.000000" : 4596957184,
            "95.000000" : 4664066048,
            "99.000000" : 4798283776,
            "99.500000" : 4865392640,
            "99.900000" : 4932501504,
            "99.950000" : 4999610368,
            "99.990000" : 5066719232
          }
        },
        "lat_ns" : {
          "min" : 432422,
          "max" : 5457195202,
          "mean" : 4212040643.353483,
          "stddev" : 356000723.288641,
          "N" : 153524612
        },
        "bw_min" : 200255,
        "bw_max" : 3839332,
        "bw_agg" : 100.000000,
        "bw_mean" : 852456.046615,
        "bw_dev" : 186.468834,
        "bw_samples" : 1429899,
        "iops_min" : 49491,
        "iops_max" : 959590,
        "iops_mean" : 212772.590956,
        "iops_stddev" : 46.645692,
        "iops_samples" : 1429899
      },
      "trim" : {
        "io_bytes" : 0,
        "io_kbytes" : 0,
        "bw_bytes" : 0,
        "bw" : 0,
        "iops" : 0.000000,
        "runtime" : 0,
        "total_ios" : 0,
        "short_ios" : 0,
        "drop_ios" : 0,
        "slat_ns" : {
          "min" : 0,
          "max" : 0,
          "mean" : 0.000000,
          "stddev" : 0.000000,
          "N" : 0
        },
        "clat_ns" : {
          "min" : 0,
          "max" : 0,
          "mean" : 0.000000,
          "stddev" : 0.000000,
          "N" : 0
        },
        "lat_ns" : {
          "min" : 0,
          "max" : 0,
          "mean" : 0.000000,
          "stddev" : 0.000000,
          "N" : 0
        },
        "bw_min" : 0,
        "bw_max" : 0,
        "bw_agg" : 0.000000,
        "bw_mean" : 0.000000,
        "bw_dev" : 0.000000,
        "bw_samples" : 0,
        "iops_min" : 0,
        "iops_max" : 0,
        "iops_mean" : 0.000000,
        "iops_stddev" : 0.000000,
        "iops_samples" : 0
      },
      "sync" : {
        "total_ios" : 0,
        "lat_ns" : {
          "min" : 0,
          "max" : 0,
          "mean" : 0.000000,
          "stddev" : 0.000000,
          "N" : 0
        }
      },
      "job_runtime" : 720283249,
      "usr_cpu" : 0.054284,
      "sys_cpu" : 1.133056,
      "ctx" : 463531698,
      "majf" : 0,
      "minf" : 3734,
      "iodepth_level" : {
        "1" : 0.100000,
        "2" : 0.100000,
        "4" : 0.100000,
        "8" : 0.100000,
        "16" : 0.100000,
        "32" : 0.100000,
        ">=64" : 99.963068
      },
      "iodepth_submit" : {
        "0" : 0.000000,
        "4" : 100.000000,
        "8" : 0.000000,
        "16" : 0.000000,
        "32" : 0.000000,
        "64" : 0.000000,
        ">=64" : 0.000000
      },
      "iodepth_complete" : {
        "0" : 0.000000,
        "4" : 99.999410,
        "8" : 0.000000,
        "16" : 0.000000,
        "32" : 0.000000,
        "64" : 0.000000,
        ">=64" : 0.100000
      },
      "latency_ns" : {
        "2" : 0.000000,
        "4" : 0.000000,
        "10" : 0.000000,
        "20" : 0.000000,
        "50" : 0.000000,
        "100" : 0.000000,
        "250" : 0.000000,
        "500" : 0.000000,
        "750" : 0.000000,
        "1000" : 0.000000
      },
      "latency_us" : {
        "2" : 0.000000,
        "4" : 0.000000,
        "10" : 0.010000,
        "20" : 0.010000,
        "50" : 0.010000,
        "100" : 0.010000,
        "250" : 0.010000,
        "500" : 0.010000,
        "750" : 0.010000,
        "1000" : 0.010000
      },
      "latency_ms" : {
        "2" : 0.010000,
        "4" : 0.010000,
        "10" : 0.010000,
        "20" : 0.010000,
        "50" : 0.010000,
        "100" : 0.010000,
        "250" : 0.010000,
        "500" : 0.063744,
        "750" : 0.054002,
        "1000" : 0.060891,
        "2000" : 0.287011,
        ">=2000" : 99.516606
      },
      "latency_depth" : 1000,
      "latency_target" : 0,
      "latency_percentile" : 100.000000,
      "latency_window" : 0
    }
  ],
  "disk_util" : [
    {
      "name" : "nvme1n1",
      "read_ios" : 17057961,
      "write_ios" : 153510110,
      "read_merges" : 0,
      "write_merges" : 9039,
      "read_ticks" : 392676603,
      "write_ticks" : 3769608655,
      "in_queue" : 4162285259,
      "util" : 91.457954
    }
  ]
}
