{
  "fio version" : "fio-3.33",
  "timestamp" : 1755888089,
  "timestamp_ms" : 1755888089852,
  "time" : "Fri Aug 22 18:41:29 2025",
  "global options" : {
    "ioengine" : "libaio",
    "direct" : "1",
    "thread" : "1",
    "time_based" : "1",
    "runtime" : "720",
    "group_reporting" : "1",
    "rw" : "randrw",
    "rwmixread" : "10",
    "bs" : "4k",
    "iodepth" : "1000",
    "numjobs" : "1000",
    "size" : "1M",
    "randrepeat" : "0",
    "norandommap" : "1"
  },
  "jobs" : [
    {
      "jobname" : "job1",
      "groupid" : 0,
      "error" : 0,
      "eta" : 0,
      "elapsed" : 721,
      "job options" : {
        "directory" : "/mnt/xfs"
      },
      "read" : {
        "io_bytes" : 507638362112,
        "io_kbytes" : 495740588,
        "bw_bytes" : 704957328,
        "bw" : 688434,
        "iops" : 172108.722702,
        "runtime" : 720098,
        "total_ios" : 123935147,
        "short_ios" : 0,
        "drop_ios" : 0,
        "slat_ns" : {
          "min" : 970,
          "max" : 120763563,
          "mean" : 578484.569367,
          "stddev" : 1258854.375597,
          "N" : 123935147
        },
        "clat_ns" : {
          "min" : 40641,
          "max" : 849986408,
          "mean" : 579569226.950499,
          "stddev" : 51339116.567140,
          "N" : 123935147,
          "percentile" : {
            "1.000000" : 463470592,
            "5.000000" : 501219328,
            "10.000000" : 517996544,
            "20.000000" : 541065216,
            "30.000000" : 557842432,
            "40.000000" : 566231040,
            "50.000000" : 583008256,
            "60.000000" : 591396864,
            "70.000000" : 608174080,
            "80.000000" : 624951296,
            "90.000000" : 641728512,
            "95.000000" : 658505728,
            "99.000000" : 692060160,
            "99.500000" : 708837376,
            "99.900000" : 734003200,
            "99.950000" : 742391808,
            "99.990000" : 767557632
          }
        },
        "lat_ns" : {
          "min" : 42521,
          "max" : 849989638,
          "mean" : 580147711.519865,
          "stddev" : 51379208.841005,
          "N" : 123935147
        },
        "bw_min" : 328257,
        "bw_max" : 1143846,
        "bw_agg" : 99.937265,
        "bw_mean" : 688003.910491,
        "bw_dev" : 94.605239,
        "bw_samples" : 1415209,
        "iops_min" : 81725,
        "iops_max" : 285583,
        "iops_mean" : 171630.445480,
        "iops_stddev" : 23.649727,
        "iops_samples" : 1415209
      },
      "write" : {
        "io_bytes" : 4568019578880,
        "io_kbytes" : 4460956620,
        "bw_bytes" : 6343608201,
        "bw" : 6194929,
        "iops" : 1548732.471136,
        "runtime" : 720098,
        "total_ios" : 1115239155,
        "short_ios" : 0,
        "drop_ios" : 0,
        "slat_ns" : {
          "min" : 1020,
          "max" : 107832340,
          "mean" : 579571.272899,
          "stddev" : 1259936.155313,
          "N" : 1115239155
        },
        "clat_ns" : {
          "min" : 786155,
          "max" : 853907689,
          "mean" : 580401725.448096,
          "stddev" : 51366425.820074,
          "N" : 1115239155,
          "percentile" : {
            "1.000000" : 463470592,
            "5.000000" : 501219328,
            "10.000000" : 517996544,
            "20.000000" : 541065216,
            "30.000000" : 557842432,
            "40.000000" : 566231040,
            "50.000000" : 583008256,
            "60.000000" : 591396864,
            "70.000000" : 608174080,
            "80.000000" : 624951296,
            "90.000000" : 641728512,
            "95.000000" : 658505728,
            "99.000000" : 700448768,
            "99.500000" : 708837376,
            "99.900000" : 734003200,
            "99.950000" : 750780416,
            "99.990000" : 767557632
          }
        },
        "lat_ns" : {
          "min" : 787725,
          "max" : 853910269,
          "mean" : 580981296.720996,
          "stddev" : 51404728.730384,
          "N" : 1115239155
        },
        "bw_min" : 3351438,
        "bw_max" : 9707466,
        "bw_agg" : 100.000000,
        "bw_mean" : 6195045.392591,
        "bw_dev" : 577.196739,
        "bw_samples" : 1415220,
        "iops_min" : 837555,
        "iops_max" : 2426491,
        "iops_mean" : 1548389.354895,
        "iops_stddev" : 144.293889,
        "iops_samples" : 1415220
      },
      "trim" : {
        "io_bytes" : 0,
        "io_kbytes" : 0,
        "bw_bytes" : 0,
        "bw" : 0,
        "iops" : 0.000000,
        "runtime" : 0,
        "total_ios" : 0,
        "short_ios" : 0,
        "drop_ios" : 0,
        "slat_ns" : {
          "min" : 0,
          "max" : 0,
          "mean" : 0.000000,
          "stddev" : 0.000000,
          "N" : 0
        },
        "clat_ns" : {
          "min" : 0,
          "max" : 0,
          "mean" : 0.000000,
          "stddev" : 0.000000,
          "N" : 0
        },
        "lat_ns" : {
          "min" : 0,
          "max" : 0,
          "mean" : 0.000000,
          "stddev" : 0.000000,
          "N" : 0
        },
        "bw_min" : 0,
        "bw_max" : 0,
        "bw_agg" : 0.000000,
        "bw_mean" : 0.000000,
        "bw_dev" : 0.000000,
        "bw_samples" : 0,
        "iops_min" : 0,
        "iops_max" : 0,
        "iops_mean" : 0.000000,
        "iops_stddev" : 0.000000,
        "iops_samples" : 0
      },
      "sync" : {
        "total_ios" : 0,
        "lat_ns" : {
          "min" : 0,
          "max" : 0,
          "mean" : 0.000000,
          "stddev" : 0.000000,
          "N" : 0
        }
      },
      "job_runtime" : 720039287,
      "usr_cpu" : 0.188741,
      "sys_cpu" : 5.593816,
      "ctx" : 1261062435,
      "majf" : 0,
      "minf" : 3813,
      "iodepth_level" : {
        "1" : 0.100000,
        "2" : 0.100000,
        "4" : 0.100000,
        "8" : 0.100000,
        "16" : 0.100000,
        "32" : 0.100000,
        ">=64" : 99.994916
      },
      "iodepth_submit" : {
        "0" : 0.000000,
        "4" : 100.000000,
        "8" : 0.000000,
        "16" : 0.000000,
        "32" : 0.000000,
        "64" : 0.000000,
        ">=64" : 0.000000
      },
      "iodepth_complete" : {
        "0" : 0.000000,
        "4" : 99.999919,
        "8" : 0.000000,
        "16" : 0.000000,
        "32" : 0.000000,
        "64" : 0.000000,
        ">=64" : 0.100000
      },
      "latency_ns" : {
        "2" : 0.000000,
        "4" : 0.000000,
        "10" : 0.000000,
        "20" : 0.000000,
        "50" : 0.000000,
        "100" : 0.000000,
        "250" : 0.000000,
        "500" : 0.000000,
        "750" : 0.000000,
        "1000" : 0.000000
      },
      "latency_us" : {
        "2" : 0.000000,
        "4" : 0.000000,
        "10" : 0.000000,
        "20" : 0.000000,
        "50" : 0.010000,
        "100" : 0.010000,
        "250" : 0.010000,
        "500" : 0.010000,
        "750" : 0.010000,
        "1000" : 0.010000
      },
      "latency_ms" : {
        "2" : 0.010000,
        "4" : 0.010000,
        "10" : 0.010000,
        "20" : 0.010000,
        "50" : 0.012818,
        "100" : 0.030581,
        "250" : 0.060982,
        "500" : 4.603289,
        "750" : 95.248707,
        "1000" : 0.040818,
        "2000" : 0.000000,
        ">=2000" : 0.000000
      },
      "latency_depth" : 1000,
      "latency_target" : 0,
      "latency_percentile" : 100.000000,
      "latency_window" : 0
    }
  ],
  "disk_util" : [
    {
      "name" : "nvme2n1",
      "read_ios" : 123906517,
      "write_ios" : 1114982260,
      "read_merges" : 0,
      "write_merges" : 10,
      "read_ticks" : 403274271,
      "write_ticks" : 3766697665,
      "in_queue" : 4169971936,
      "util" : 76.603637
    }
  ]
}
