{
  "fio version" : "fio-3.39",
  "timestamp" : 1764085267,
  "timestamp_ms" : 1764085267450,
  "time" : "Tue Nov 25 15:41:07 2025",
  "global options" : {
    "ioengine" : "libaio",
    "direct" : "1",
    "thread" : "1",
    "time_based" : "1",
    "runtime" : "720",
    "group_reporting" : "1",
    "rw" : "randrw",
    "rwmixread" : "10",
    "bs" : "4k",
    "iodepth" : "1000",
    "numjobs" : "1000",
    "size" : "1M",
    "randrepeat" : "0",
    "norandommap" : "1"
  },
  "jobs" : [
    {
      "jobname" : "job1",
      "groupid" : 0,
      "job_start" : 1764084546353,
      "error" : 0,
      "eta" : 0,
      "elapsed" : 722,
      "job options" : {
        "directory" : "/mnt/xfs"
      },
      "read" : {
        "io_bytes" : 505584664576,
        "io_kbytes" : 493735024,
        "bw_bytes" : 701963035,
        "bw" : 685510,
        "iops" : 171377.694226,
        "runtime" : 720244,
        "total_ios" : 123433756,
        "short_ios" : 0,
        "drop_ios" : 0,
        "slat_ns" : {
          "min" : 2410,
          "max" : 132961393,
          "mean" : 579459.917108,
          "stddev" : 1274697.481434,
          "N" : 123433756
        },
        "clat_ns" : {
          "min" : 1825136,
          "max" : 896368913,
          "mean" : 581852738.577902,
          "stddev" : 55476794.548555,
          "N" : 123433756,
          "percentile" : {
            "1.000000" : 450887680,
            "5.000000" : 497025024,
            "10.000000" : 517996544,
            "20.000000" : 541065216,
            "30.000000" : 557842432,
            "40.000000" : 566231040,
            "50.000000" : 583008256,
            "60.000000" : 599785472,
            "70.000000" : 608174080,
            "80.000000" : 624951296,
            "90.000000" : 650117120,
            "95.000000" : 666894336,
            "99.000000" : 700448768,
            "99.500000" : 717225984,
            "99.900000" : 742391808,
            "99.950000" : 750780416,
            "99.990000" : 775946240
          }
        },
        "lat_ns" : {
          "min" : 1830316,
          "max" : 896373453,
          "mean" : 582432198.495011,
          "stddev" : 55520394.884812,
          "N" : 123433756
        },
        "bw_min" : 365841,
        "bw_max" : 1435233,
        "bw_agg" : 99.957437,
        "bw_mean" : 685219.358165,
        "bw_dev" : 98.455476,
        "bw_samples" : 1414809,
        "iops_min" : 91088,
        "iops_max" : 358435,
        "iops_mean" : 170939.442153,
        "iops_stddev" : 24.611945,
        "iops_samples" : 1414809
      },
      "write" : {
        "io_bytes" : 4549910622208,
        "io_kbytes" : 4443272092,
        "bw_bytes" : 6317179486,
        "bw" : 6169120,
        "iops" : 1542280.148116,
        "runtime" : 720244,
        "total_ios" : 1110818023,
        "short_ios" : 0,
        "drop_ios" : 0,
        "slat_ns" : {
          "min" : 2570,
          "max" : 173259287,
          "mean" : 580776.601012,
          "stddev" : 1276091.124687,
          "N" : 1110818023
        },
        "clat_ns" : {
          "min" : 4824779,
          "max" : 896362573,
          "mean" : 582722028.671502,
          "stddev" : 55500055.509698,
          "N" : 1110818023,
          "percentile" : {
            "1.000000" : 450887680,
            "5.000000" : 497025024,
            "10.000000" : 517996544,
            "20.000000" : 541065216,
            "30.000000" : 557842432,
            "40.000000" : 574619648,
            "50.000000" : 583008256,
            "60.000000" : 599785472,
            "70.000000" : 608174080,
            "80.000000" : 624951296,
            "90.000000" : 650117120,
            "95.000000" : 666894336,
            "99.000000" : 700448768,
            "99.500000" : 717225984,
            "99.900000" : 742391808,
            "99.950000" : 759169024,
            "99.990000" : 775946240
          }
        },
        "lat_ns" : {
          "min" : 4828559,
          "max" : 897450070,
          "mean" : 583302805.272514,
          "stddev" : 55541749.190608,
          "N" : 1110818023
        },
        "bw_min" : 3795118,
        "bw_max" : 12638514,
        "bw_agg" : 100.000000,
        "bw_mean" : 6170456.283725,
        "bw_dev" : 631.090634,
        "bw_samples" : 1414813,
        "iops_min" : 948418,
        "iops_max" : 3159259,
        "iops_mean" : 1542250.581001,
        "iops_stddev" : 157.767512,
        "iops_samples" : 1414813
      },
      "trim" : {
        "io_bytes" : 0,
        "io_kbytes" : 0,
        "bw_bytes" : 0,
        "bw" : 0,
        "iops" : 0.000000,
        "runtime" : 0,
        "total_ios" : 0,
        "short_ios" : 0,
        "drop_ios" : 0,
        "slat_ns" : {
          "min" : 0,
          "max" : 0,
          "mean" : 0.000000,
          "stddev" : 0.000000,
          "N" : 0
        },
        "clat_ns" : {
          "min" : 0,
          "max" : 0,
          "mean" : 0.000000,
          "stddev" : 0.000000,
          "N" : 0
        },
        "lat_ns" : {
          "min" : 0,
          "max" : 0,
          "mean" : 0.000000,
          "stddev" : 0.000000,
          "N" : 0
        },
        "bw_min" : 0,
        "bw_max" : 0,
        "bw_agg" : 0.000000,
        "bw_mean" : 0.000000,
        "bw_dev" : 0.000000,
        "bw_samples" : 0,
        "iops_min" : 0,
        "iops_max" : 0,
        "iops_mean" : 0.000000,
        "iops_stddev" : 0.000000,
        "iops_samples" : 0
      },
      "sync" : {
        "total_ios" : 0,
        "lat_ns" : {
          "min" : 0,
          "max" : 0,
          "mean" : 0.000000,
          "stddev" : 0.000000,
          "N" : 0
        }
      },
      "job_runtime" : 720043079,
      "usr_cpu" : 0.290589,
      "sys_cpu" : 5.396473,
      "ctx" : 1207953958,
      "majf" : 0,
      "minf" : 3755,
      "iodepth_level" : {
        "1" : 0.100000,
        "2" : 0.100000,
        "4" : 0.100000,
        "8" : 0.100000,
        "16" : 0.100000,
        "32" : 0.100000,
        ">=64" : 99.994896
      },
      "iodepth_submit" : {
        "0" : 0.000000,
        "4" : 100.000000,
        "8" : 0.000000,
        "16" : 0.000000,
        "32" : 0.000000,
        "64" : 0.000000,
        ">=64" : 0.000000
      },
      "iodepth_complete" : {
        "0" : 0.000000,
        "4" : 99.999919,
        "8" : 0.000000,
        "16" : 0.000000,
        "32" : 0.000000,
        "64" : 0.000000,
        ">=64" : 0.100000
      },
      "latency_ns" : {
        "2" : 0.000000,
        "4" : 0.000000,
        "10" : 0.000000,
        "20" : 0.000000,
        "50" : 0.000000,
        "100" : 0.000000,
        "250" : 0.000000,
        "500" : 0.000000,
        "750" : 0.000000,
        "1000" : 0.000000
      },
      "latency_us" : {
        "2" : 0.000000,
        "4" : 0.000000,
        "10" : 0.000000,
        "20" : 0.000000,
        "50" : 0.000000,
        "100" : 0.000000,
        "250" : 0.000000,
        "500" : 0.000000,
        "750" : 0.000000,
        "1000" : 0.000000
      },
      "latency_ms" : {
        "2" : 0.010000,
        "4" : 0.010000,
        "10" : 0.010000,
        "20" : 0.010000,
        "50" : 0.012961,
        "100" : 0.032358,
        "250" : 0.118492,
        "500" : 5.140852,
        "750" : 94.619953,
        "1000" : 0.070489,
        "2000" : 0.000000,
        ">=2000" : 0.000000
      },
      "latency_depth" : 1000,
      "latency_target" : 0,
      "latency_percentile" : 100.000000,
      "latency_window" : 0
    }
  ],
  "disk_util" : [
    {
      "name" : "nvme3n1",
      "read_ios" : 123413761,
      "write_ios" : 1110638769,
      "read_sectors" : 987310088,
      "write_sectors" : 8885135456,
      "read_merges" : 0,
      "write_merges" : 32,
      "read_ticks" : 4695770491,
      "write_ticks" : 42404150924,
      "in_queue" : 47099921415,
      "util" : 83.635429
    }
  ]
}
