{
  "fio version" : "fio-3.39",
  "timestamp" : 1764084544,
  "timestamp_ms" : 1764084544465,
  "time" : "Tue Nov 25 15:29:04 2025",
  "global options" : {
    "ioengine" : "libaio",
    "direct" : "1",
    "thread" : "1",
    "time_based" : "1",
    "runtime" : "720",
    "group_reporting" : "1",
    "rw" : "randrw",
    "rwmixread" : "10",
    "bs" : "4k",
    "iodepth" : "1000",
    "numjobs" : "1000",
    "size" : "1M",
    "randrepeat" : "0",
    "norandommap" : "1"
  },
  "jobs" : [
    {
      "jobname" : "job1",
      "groupid" : 0,
      "job_start" : 1764083823266,
      "error" : 0,
      "eta" : 0,
      "elapsed" : 722,
      "job options" : {
        "directory" : "/mnt/ext4"
      },
      "read" : {
        "io_bytes" : 505402560512,
        "io_kbytes" : 493557188,
        "bw_bytes" : 701788148,
        "bw" : 685339,
        "iops" : 171334.997306,
        "runtime" : 720164,
        "total_ios" : 123389297,
        "short_ios" : 0,
        "drop_ios" : 0,
        "slat_ns" : {
          "min" : 2560,
          "max" : 86899325,
          "mean" : 582500.743287,
          "stddev" : 1325684.699910,
          "N" : 123389297
        },
        "clat_ns" : {
          "min" : 8450,
          "max" : 933623540,
          "mean" : 581959201.785287,
          "stddev" : 57351192.802428,
          "N" : 123389297,
          "percentile" : {
            "1.000000" : 438304768,
            "5.000000" : 497025024,
            "10.000000" : 517996544,
            "20.000000" : 541065216,
            "30.000000" : 557842432,
            "40.000000" : 566231040,
            "50.000000" : 583008256,
            "60.000000" : 599785472,
            "70.000000" : 608174080,
            "80.000000" : 624951296,
            "90.000000" : 650117120,
            "95.000000" : 666894336,
            "99.000000" : 708837376,
            "99.500000" : 725614592,
            "99.900000" : 759169024,
            "99.950000" : 767557632,
            "99.990000" : 801112064
          }
        },
        "lat_ns" : {
          "min" : 83580,
          "max" : 933629480,
          "mean" : 582541702.528574,
          "stddev" : 57396354.703449,
          "N" : 123389297
        },
        "bw_min" : 351949,
        "bw_max" : 1504230,
        "bw_agg" : 99.964399,
        "bw_mean" : 685096.834904,
        "bw_dev" : 101.397395,
        "bw_samples" : 1418479,
        "iops_min" : 87597,
        "iops_max" : 375709,
        "iops_mean" : 170912.041203,
        "iops_stddev" : 25.346096,
        "iops_samples" : 1418479
      },
      "write" : {
        "io_bytes" : 4549105827840,
        "io_kbytes" : 4442486160,
        "bw_bytes" : 6316763720,
        "bw" : 6168714,
        "iops" : 1542178.642643,
        "runtime" : 720164,
        "total_ios" : 1110621540,
        "short_ios" : 0,
        "drop_ios" : 0,
        "slat_ns" : {
          "min" : 2680,
          "max" : 97406462,
          "mean" : 580607.598518,
          "stddev" : 1301431.611773,
          "N" : 1110621540
        },
        "clat_ns" : {
          "min" : 462589,
          "max" : 933915849,
          "mean" : 582832731.720698,
          "stddev" : 57363417.500010,
          "N" : 1110621540,
          "percentile" : {
            "1.000000" : 442499072,
            "5.000000" : 497025024,
            "10.000000" : 517996544,
            "20.000000" : 541065216,
            "30.000000" : 557842432,
            "40.000000" : 574619648,
            "50.000000" : 583008256,
            "60.000000" : 599785472,
            "70.000000" : 608174080,
            "80.000000" : 624951296,
            "90.000000" : 650117120,
            "95.000000" : 666894336,
            "99.000000" : 708837376,
            "99.500000" : 725614592,
            "99.900000" : 759169024,
            "99.950000" : 767557632,
            "99.990000" : 801112064
          }
        },
        "lat_ns" : {
          "min" : 473189,
          "max" : 941603625,
          "mean" : 583413339.319215,
          "stddev" : 57405886.931064,
          "N" : 1110621540
        },
        "bw_min" : 3568685,
        "bw_max" : 13285504,
        "bw_agg" : 100.000000,
        "bw_mean" : 6170501.797486,
        "bw_dev" : 664.952905,
        "bw_samples" : 1418482,
        "iops_min" : 891804,
        "iops_max" : 3321026,
        "iops_mean" : 1542262.721006,
        "iops_stddev" : 166.232288,
        "iops_samples" : 1418482
      },
      "trim" : {
        "io_bytes" : 0,
        "io_kbytes" : 0,
        "bw_bytes" : 0,
        "bw" : 0,
        "iops" : 0.000000,
        "runtime" : 0,
        "total_ios" : 0,
        "short_ios" : 0,
        "drop_ios" : 0,
        "slat_ns" : {
          "min" : 0,
          "max" : 0,
          "mean" : 0.000000,
          "stddev" : 0.000000,
          "N" : 0
        },
        "clat_ns" : {
          "min" : 0,
          "max" : 0,
          "mean" : 0.000000,
          "stddev" : 0.000000,
          "N" : 0
        },
        "lat_ns" : {
          "min" : 0,
          "max" : 0,
          "mean" : 0.000000,
          "stddev" : 0.000000,
          "N" : 0
        },
        "bw_min" : 0,
        "bw_max" : 0,
        "bw_agg" : 0.000000,
        "bw_mean" : 0.000000,
        "bw_dev" : 0.000000,
        "bw_samples" : 0,
        "iops_min" : 0,
        "iops_max" : 0,
        "iops_mean" : 0.000000,
        "iops_stddev" : 0.000000,
        "iops_samples" : 0
      },
      "sync" : {
        "total_ios" : 0,
        "lat_ns" : {
          "min" : 0,
          "max" : 0,
          "mean" : 0.000000,
          "stddev" : 0.000000,
          "N" : 0
        }
      },
      "job_runtime" : 720042174,
      "usr_cpu" : 0.289963,
      "sys_cpu" : 5.366126,
      "ctx" : 1280420828,
      "majf" : 0,
      "minf" : 3759,
      "iodepth_level" : {
        "1" : 0.100000,
        "2" : 0.100000,
        "4" : 0.100000,
        "8" : 0.100000,
        "16" : 0.100000,
        "32" : 0.100000,
        ">=64" : 99.994895
      },
      "iodepth_submit" : {
        "0" : 0.000000,
        "4" : 100.000000,
        "8" : 0.000000,
        "16" : 0.000000,
        "32" : 0.000000,
        "64" : 0.000000,
        ">=64" : 0.000000
      },
      "iodepth_complete" : {
        "0" : 0.000000,
        "4" : 99.999919,
        "8" : 0.000000,
        "16" : 0.000000,
        "32" : 0.000000,
        "64" : 0.000000,
        ">=64" : 0.100000
      },
      "latency_ns" : {
        "2" : 0.000000,
        "4" : 0.000000,
        "10" : 0.000000,
        "20" : 0.000000,
        "50" : 0.000000,
        "100" : 0.000000,
        "250" : 0.000000,
        "500" : 0.000000,
        "750" : 0.000000,
        "1000" : 0.000000
      },
      "latency_us" : {
        "2" : 0.000000,
        "4" : 0.000000,
        "10" : 0.010000,
        "20" : 0.000000,
        "50" : 0.000000,
        "100" : 0.010000,
        "250" : 0.010000,
        "500" : 0.010000,
        "750" : 0.010000,
        "1000" : 0.010000
      },
      "latency_ms" : {
        "2" : 0.010000,
        "4" : 0.010000,
        "10" : 0.010000,
        "20" : 0.010000,
        "50" : 0.014998,
        "100" : 0.038366,
        "250" : 0.132888,
        "500" : 5.327113,
        "750" : 94.338254,
        "1000" : 0.142528,
        "2000" : 0.000000,
        ">=2000" : 0.000000
      },
      "latency_depth" : 1000,
      "latency_target" : 0,
      "latency_percentile" : 100.000000,
      "latency_window" : 0
    }
  ],
  "disk_util" : [
    {
      "name" : "nvme2n1",
      "read_ios" : 123387741,
      "write_ios" : 1110607290,
      "read_sectors" : 987101928,
      "write_sectors" : 8884929880,
      "read_merges" : 0,
      "write_merges" : 8943,
      "read_ticks" : 4696112062,
      "write_ticks" : 42416395276,
      "in_queue" : 47112507337,
      "util" : 84.240942
    }
  ]
}
