{
  "fio version" : "fio-3.39",
  "timestamp" : 1764074128,
  "timestamp_ms" : 1764074128939,
  "time" : "Tue Nov 25 12:35:28 2025",
  "global options" : {
    "ioengine" : "libaio",
    "direct" : "1",
    "thread" : "1",
    "time_based" : "1",
    "runtime" : "720",
    "group_reporting" : "1",
    "rw" : "randrw",
    "rwmixread" : "10",
    "bs" : "4k",
    "iodepth" : "1000",
    "numjobs" : "1000",
    "size" : "1M",
    "randrepeat" : "0",
    "norandommap" : "1"
  },
  "jobs" : [
    {
      "jobname" : "job1",
      "groupid" : 0,
      "job_start" : 1764073407770,
      "error" : 0,
      "eta" : 0,
      "elapsed" : 722,
      "job options" : {
        "directory" : "/mnt/xfs"
      },
      "read" : {
        "io_bytes" : 506308009984,
        "io_kbytes" : 494441416,
        "bw_bytes" : 703055193,
        "bw" : 686577,
        "iops" : 171644.334406,
        "runtime" : 720154,
        "total_ios" : 123610354,
        "short_ios" : 0,
        "drop_ios" : 0,
        "slat_ns" : {
          "min" : 2510,
          "max" : 126767289,
          "mean" : 578550.955313,
          "stddev" : 1271349.638502,
          "N" : 123610354
        },
        "clat_ns" : {
          "min" : 1465546,
          "max" : 848328690,
          "mean" : 581016333.904847,
          "stddev" : 55121783.034955,
          "N" : 123610354,
          "percentile" : {
            "1.000000" : 450887680,
            "5.000000" : 497025024,
            "10.000000" : 517996544,
            "20.000000" : 541065216,
            "30.000000" : 557842432,
            "40.000000" : 566231040,
            "50.000000" : 583008256,
            "60.000000" : 591396864,
            "70.000000" : 608174080,
            "80.000000" : 624951296,
            "90.000000" : 650117120,
            "95.000000" : 666894336,
            "99.000000" : 700448768,
            "99.500000" : 717225984,
            "99.900000" : 742391808,
            "99.950000" : 750780416,
            "99.990000" : 775946240
          }
        },
        "lat_ns" : {
          "min" : 1468336,
          "max" : 849621026,
          "mean" : 581594884.860159,
          "stddev" : 55165144.875809,
          "N" : 123610354
        },
        "bw_min" : 348611,
        "bw_max" : 1381984,
        "bw_agg" : 99.940963,
        "bw_mean" : 686172.518423,
        "bw_dev" : 98.489881,
        "bw_samples" : 1414779,
        "iops_min" : 86788,
        "iops_max" : 345119,
        "iops_mean" : 171179.315231,
        "iops_stddev" : 24.621401,
        "iops_samples" : 1414779
      },
      "write" : {
        "io_bytes" : 4556510662656,
        "io_kbytes" : 4449717444,
        "bw_bytes" : 6327133727,
        "bw" : 6178841,
        "iops" : 1544710.382779,
        "runtime" : 720154,
        "total_ios" : 1112429361,
        "short_ios" : 0,
        "drop_ios" : 0,
        "slat_ns" : {
          "min" : 2660,
          "max" : 151916790,
          "mean" : 579945.795854,
          "stddev" : 1272699.915634,
          "N" : 1112429361
        },
        "clat_ns" : {
          "min" : 1409726,
          "max" : 851097031,
          "mean" : 581883216.359707,
          "stddev" : 55133983.086527,
          "N" : 1112429361,
          "percentile" : {
            "1.000000" : 450887680,
            "5.000000" : 497025024,
            "10.000000" : 517996544,
            "20.000000" : 541065216,
            "30.000000" : 557842432,
            "40.000000" : 566231040,
            "50.000000" : 583008256,
            "60.000000" : 599785472,
            "70.000000" : 608174080,
            "80.000000" : 624951296,
            "90.000000" : 650117120,
            "95.000000" : 666894336,
            "99.000000" : 700448768,
            "99.500000" : 717225984,
            "99.900000" : 742391808,
            "99.950000" : 750780416,
            "99.990000" : 775946240
          }
        },
        "lat_ns" : {
          "min" : 1441276,
          "max" : 852288107,
          "mean" : 582463162.155562,
          "stddev" : 55175235.521359,
          "N" : 1112429361
        },
        "bw_min" : 3620214,
        "bw_max" : 12159189,
        "bw_agg" : 100.000000,
        "bw_mean" : 6179154.243390,
        "bw_dev" : 629.928869,
        "bw_samples" : 1414789,
        "iops_min" : 904721,
        "iops_max" : 3039421,
        "iops_mean" : 1544424.209842,
        "iops_stddev" : 157.477384,
        "iops_samples" : 1414789
      },
      "trim" : {
        "io_bytes" : 0,
        "io_kbytes" : 0,
        "bw_bytes" : 0,
        "bw" : 0,
        "iops" : 0.000000,
        "runtime" : 0,
        "total_ios" : 0,
        "short_ios" : 0,
        "drop_ios" : 0,
        "slat_ns" : {
          "min" : 0,
          "max" : 0,
          "mean" : 0.000000,
          "stddev" : 0.000000,
          "N" : 0
        },
        "clat_ns" : {
          "min" : 0,
          "max" : 0,
          "mean" : 0.000000,
          "stddev" : 0.000000,
          "N" : 0
        },
        "lat_ns" : {
          "min" : 0,
          "max" : 0,
          "mean" : 0.000000,
          "stddev" : 0.000000,
          "N" : 0
        },
        "bw_min" : 0,
        "bw_max" : 0,
        "bw_agg" : 0.000000,
        "bw_mean" : 0.000000,
        "bw_dev" : 0.000000,
        "bw_samples" : 0,
        "iops_min" : 0,
        "iops_max" : 0,
        "iops_mean" : 0.000000,
        "iops_stddev" : 0.000000,
        "iops_samples" : 0
      },
      "sync" : {
        "total_ios" : 0,
        "lat_ns" : {
          "min" : 0,
          "max" : 0,
          "mean" : 0.000000,
          "stddev" : 0.000000,
          "N" : 0
        }
      },
      "job_runtime" : 720042392,
      "usr_cpu" : 0.290601,
      "sys_cpu" : 5.403533,
      "ctx" : 1207402845,
      "majf" : 0,
      "minf" : 4298,
      "iodepth_level" : {
        "1" : 0.100000,
        "2" : 0.100000,
        "4" : 0.100000,
        "8" : 0.100000,
        "16" : 0.100000,
        "32" : 0.100000,
        ">=64" : 99.994903
      },
      "iodepth_submit" : {
        "0" : 0.000000,
        "4" : 100.000000,
        "8" : 0.000000,
        "16" : 0.000000,
        "32" : 0.000000,
        "64" : 0.000000,
        ">=64" : 0.000000
      },
      "iodepth_complete" : {
        "0" : 0.000000,
        "4" : 99.999919,
        "8" : 0.000000,
        "16" : 0.000000,
        "32" : 0.000000,
        "64" : 0.000000,
        ">=64" : 0.100000
      },
      "latency_ns" : {
        "2" : 0.000000,
        "4" : 0.000000,
        "10" : 0.000000,
        "20" : 0.000000,
        "50" : 0.000000,
        "100" : 0.000000,
        "250" : 0.000000,
        "500" : 0.000000,
        "750" : 0.000000,
        "1000" : 0.000000
      },
      "latency_us" : {
        "2" : 0.000000,
        "4" : 0.000000,
        "10" : 0.000000,
        "20" : 0.000000,
        "50" : 0.000000,
        "100" : 0.000000,
        "250" : 0.000000,
        "500" : 0.000000,
        "750" : 0.000000,
        "1000" : 0.000000
      },
      "latency_ms" : {
        "2" : 0.010000,
        "4" : 0.010000,
        "10" : 0.010000,
        "20" : 0.010000,
        "50" : 0.016846,
        "100" : 0.037076,
        "250" : 0.093996,
        "500" : 5.353683,
        "750" : 94.430296,
        "1000" : 0.062790,
        "2000" : 0.000000,
        ">=2000" : 0.000000
      },
      "latency_depth" : 1000,
      "latency_target" : 0,
      "latency_percentile" : 100.000000,
      "latency_window" : 0
    }
  ],
  "disk_util" : [
    {
      "name" : "nvme3n1",
      "read_ios" : 123574708,
      "write_ios" : 1112111011,
      "read_sectors" : 988597672,
      "write_sectors" : 8896912408,
      "read_merges" : 0,
      "write_merges" : 32,
      "read_ticks" : 4695136249,
      "write_ticks" : 42398285119,
      "in_queue" : 47093421368,
      "util" : 83.467526
    }
  ]
}
