{
  "fio version" : "fio-3.39",
  "timestamp" : 1764073405,
  "timestamp_ms" : 1764073405780,
  "time" : "Tue Nov 25 12:23:25 2025",
  "global options" : {
    "ioengine" : "libaio",
    "direct" : "1",
    "thread" : "1",
    "time_based" : "1",
    "runtime" : "720",
    "group_reporting" : "1",
    "rw" : "randrw",
    "rwmixread" : "10",
    "bs" : "4k",
    "iodepth" : "1000",
    "numjobs" : "1000",
    "size" : "1M",
    "randrepeat" : "0",
    "norandommap" : "1"
  },
  "jobs" : [
    {
      "jobname" : "job1",
      "groupid" : 0,
      "job_start" : 1764072684652,
      "error" : 0,
      "eta" : 0,
      "elapsed" : 722,
      "job options" : {
        "directory" : "/mnt/ext4"
      },
      "read" : {
        "io_bytes" : 482471616512,
        "io_kbytes" : 471163688,
        "bw_bytes" : 669930123,
        "bw" : 654228,
        "iops" : 163557.159163,
        "runtime" : 720182,
        "total_ios" : 117790922,
        "short_ios" : 0,
        "drop_ios" : 0,
        "slat_ns" : {
          "min" : 2580,
          "max" : 89081543,
          "mean" : 611487.400713,
          "stddev" : 1461291.428527,
          "N" : 117790922
        },
        "clat_ns" : {
          "min" : 64910,
          "max" : 1011995686,
          "mean" : 609630657.906138,
          "stddev" : 63767760.192221,
          "N" : 117790922,
          "percentile" : {
            "1.000000" : 429916160,
            "5.000000" : 513802240,
            "10.000000" : 541065216,
            "20.000000" : 566231040,
            "30.000000" : 583008256,
            "40.000000" : 599785472,
            "50.000000" : 608174080,
            "60.000000" : 624951296,
            "70.000000" : 641728512,
            "80.000000" : 658505728,
            "90.000000" : 683671552,
            "95.000000" : 708837376,
            "99.000000" : 750780416,
            "99.500000" : 775946240,
            "99.900000" : 817889280,
            "99.950000" : 834666496,
            "99.990000" : 884998144
          }
        },
        "lat_ns" : {
          "min" : 78670,
          "max" : 1012000926,
          "mean" : 610242145.306851,
          "stddev" : 63815302.474293,
          "N" : 117790922
        },
        "bw_min" : 285457,
        "bw_max" : 1615668,
        "bw_agg" : 100.000000,
        "bw_mean" : 654261.742400,
        "bw_dev" : 104.150129,
        "bw_samples" : 1419382,
        "iops_min" : 70962,
        "iops_max" : 403569,
        "iops_mean" : 163204.740271,
        "iops_stddev" : 26.037222,
        "iops_samples" : 1419382
      },
      "write" : {
        "io_bytes" : 4341867950080,
        "io_kbytes" : 4240105420,
        "bw_bytes" : 6028848194,
        "bw" : 5887547,
        "iops" : 1471886.766123,
        "runtime" : 720182,
        "total_ios" : 1060026355,
        "short_ios" : 0,
        "drop_ios" : 0,
        "slat_ns" : {
          "min" : 2700,
          "max" : 123336588,
          "mean" : 608402.635035,
          "stddev" : 1426496.690399,
          "N" : 1060026355
        },
        "clat_ns" : {
          "min" : 1027404,
          "max" : 1012007896,
          "mean" : 610624920.944573,
          "stddev" : 63800609.637820,
          "N" : 1060026355,
          "percentile" : {
            "1.000000" : 434110464,
            "5.000000" : 513802240,
            "10.000000" : 541065216,
            "20.000000" : 566231040,
            "30.000000" : 583008256,
            "40.000000" : 599785472,
            "50.000000" : 608174080,
            "60.000000" : 624951296,
            "70.000000" : 641728512,
            "80.000000" : 658505728,
            "90.000000" : 683671552,
            "95.000000" : 708837376,
            "99.000000" : 750780416,
            "99.500000" : 775946240,
            "99.900000" : 817889280,
            "99.950000" : 843055104,
            "99.990000" : 884998144
          }
        },
        "lat_ns" : {
          "min" : 1030784,
          "max" : 1027299360,
          "mean" : 611233323.579610,
          "stddev" : 63845366.330841,
          "N" : 1060026355
        },
        "bw_min" : 2740411,
        "bw_max" : 14360505,
        "bw_agg" : 100.000000,
        "bw_mean" : 5891790.144330,
        "bw_dev" : 711.698785,
        "bw_samples" : 1419388,
        "iops_min" : 684770,
        "iops_max" : 3589768,
        "iops_mean" : 1472587.691300,
        "iops_stddev" : 177.920104,
        "iops_samples" : 1419388
      },
      "trim" : {
        "io_bytes" : 0,
        "io_kbytes" : 0,
        "bw_bytes" : 0,
        "bw" : 0,
        "iops" : 0.000000,
        "runtime" : 0,
        "total_ios" : 0,
        "short_ios" : 0,
        "drop_ios" : 0,
        "slat_ns" : {
          "min" : 0,
          "max" : 0,
          "mean" : 0.000000,
          "stddev" : 0.000000,
          "N" : 0
        },
        "clat_ns" : {
          "min" : 0,
          "max" : 0,
          "mean" : 0.000000,
          "stddev" : 0.000000,
          "N" : 0
        },
        "lat_ns" : {
          "min" : 0,
          "max" : 0,
          "mean" : 0.000000,
          "stddev" : 0.000000,
          "N" : 0
        },
        "bw_min" : 0,
        "bw_max" : 0,
        "bw_agg" : 0.000000,
        "bw_mean" : 0.000000,
        "bw_dev" : 0.000000,
        "bw_samples" : 0,
        "iops_min" : 0,
        "iops_max" : 0,
        "iops_mean" : 0.000000,
        "iops_stddev" : 0.000000,
        "iops_samples" : 0
      },
      "sync" : {
        "total_ios" : 0,
        "lat_ns" : {
          "min" : 0,
          "max" : 0,
          "mean" : 0.000000,
          "stddev" : 0.000000,
          "N" : 0
        }
      },
      "job_runtime" : 720047016,
      "usr_cpu" : 0.276654,
      "sys_cpu" : 5.377638,
      "ctx" : 1298691154,
      "majf" : 0,
      "minf" : 3819,
      "iodepth_level" : {
        "1" : 0.100000,
        "2" : 0.100000,
        "4" : 0.100000,
        "8" : 0.100000,
        "16" : 0.100000,
        "32" : 0.100000,
        ">=64" : 99.994651
      },
      "iodepth_submit" : {
        "0" : 0.000000,
        "4" : 100.000000,
        "8" : 0.000000,
        "16" : 0.000000,
        "32" : 0.000000,
        "64" : 0.000000,
        ">=64" : 0.000000
      },
      "iodepth_complete" : {
        "0" : 0.000000,
        "4" : 99.999915,
        "8" : 0.000000,
        "16" : 0.000000,
        "32" : 0.000000,
        "64" : 0.000000,
        ">=64" : 0.100000
      },
      "latency_ns" : {
        "2" : 0.000000,
        "4" : 0.000000,
        "10" : 0.000000,
        "20" : 0.000000,
        "50" : 0.000000,
        "100" : 0.000000,
        "250" : 0.000000,
        "500" : 0.000000,
        "750" : 0.000000,
        "1000" : 0.000000
      },
      "latency_us" : {
        "2" : 0.000000,
        "4" : 0.000000,
        "10" : 0.000000,
        "20" : 0.000000,
        "50" : 0.000000,
        "100" : 0.010000,
        "250" : 0.010000,
        "500" : 0.010000,
        "750" : 0.010000,
        "1000" : 0.010000
      },
      "latency_ms" : {
        "2" : 0.010000,
        "4" : 0.010000,
        "10" : 0.010000,
        "20" : 0.010000,
        "50" : 0.010000,
        "100" : 0.028010,
        "250" : 0.114869,
        "500" : 3.245351,
        "750" : 95.432405,
        "1000" : 1.168930,
        "2000" : 0.010000,
        ">=2000" : 0.000000
      },
      "latency_depth" : 1000,
      "latency_target" : 0,
      "latency_percentile" : 100.000000,
      "latency_window" : 0
    }
  ],
  "disk_util" : [
    {
      "name" : "nvme2n1",
      "read_ios" : 117778508,
      "write_ios" : 1059941183,
      "read_sectors" : 942228064,
      "write_sectors" : 8530314208,
      "read_merges" : 0,
      "write_merges" : 9301,
      "read_ticks" : 4686850988,
      "write_ticks" : 42346795151,
      "in_queue" : 47033646139,
      "util" : 84.036655
    }
  ]
}
