{
  "fio version" : "fio-3.39",
  "timestamp" : 1764074887,
  "timestamp_ms" : 1764074887518,
  "time" : "Tue Nov 25 12:48:07 2025",
  "global options" : {
    "ioengine" : "libaio",
    "direct" : "1",
    "time_based" : "1",
    "runtime" : "720",
    "group_reporting" : "1"
  },
  "jobs" : [
    {
      "jobname" : "rocksdb-wal",
      "groupid" : 0,
      "job_start" : 1764074167164,
      "error" : 0,
      "eta" : 0,
      "elapsed" : 721,
      "job options" : {
        "name" : "rocksdb-compaction-write",
        "ioengine" : "libaio",
        "rw" : "write",
        "bs" : "1M",
        "size" : "50G",
        "iodepth" : "8",
        "filename" : "/mnt/ext4/compaction_output.dat"
      },
      "read" : {
        "io_bytes" : 3773171761152,
        "io_kbytes" : 3684738048,
        "bw_bytes" : 5240509056,
        "bw" : 5117684,
        "iops" : 4997.738892,
        "runtime" : 720001,
        "total_ios" : 3598377,
        "short_ios" : 0,
        "drop_ios" : 0,
        "slat_ns" : {
          "min" : 9540,
          "max" : 141670,
          "mean" : 11966.881515,
          "stddev" : 1677.039481,
          "N" : 3598377
        },
        "clat_ns" : {
          "min" : 283740,
          "max" : 11450053,
          "mean" : 788108.993539,
          "stddev" : 359983.010072,
          "N" : 3598377,
          "percentile" : {
            "1.000000" : 362496,
            "5.000000" : 411648,
            "10.000000" : 456704,
            "20.000000" : 528384,
            "30.000000" : 585728,
            "40.000000" : 659456,
            "50.000000" : 798720,
            "60.000000" : 872448,
            "70.000000" : 921600,
            "80.000000" : 970752,
            "90.000000" : 1044480,
            "95.000000" : 1122304,
            "99.000000" : 2211840,
            "99.500000" : 2736128,
            "99.900000" : 4751360,
            "99.950000" : 6193152,
            "99.990000" : 6914048
          }
        },
        "lat_ns" : {
          "min" : 295879,
          "max" : 11460393,
          "mean" : 800075.875054,
          "stddev" : 359873.453576,
          "N" : 3598377
        },
        "bw_min" : 4612096,
        "bw_max" : 6023168,
        "bw_agg" : 100.000000,
        "bw_mean" : 5119710.426685,
        "bw_dev" : 261959.007509,
        "bw_samples" : 1439,
        "iops_min" : 4504,
        "iops_max" : 5882,
        "iops_mean" : 4999.663655,
        "iops_stddev" : 255.831002,
        "iops_samples" : 1439
      },
      "write" : {
        "io_bytes" : 4619172577280,
        "io_kbytes" : 4510910720,
        "bw_bytes" : 6415499647,
        "bw" : 6265136,
        "iops" : 25181.199497,
        "runtime" : 720002,
        "total_ios" : 18130514,
        "short_ios" : 0,
        "drop_ios" : 0,
        "slat_ns" : {
          "min" : 5170,
          "max" : 2053086,
          "mean" : 9522.543458,
          "stddev" : 6230.693776,
          "N" : 17711362
        },
        "clat_ns" : {
          "min" : 32870,
          "max" : 28584072,
          "mean" : 1618587.300742,
          "stddev" : 478917.341870,
          "N" : 18130514,
          "percentile" : {
            "1.000000" : 1105920,
            "5.000000" : 1269760,
            "10.000000" : 1318912,
            "20.000000" : 1384448,
            "30.000000" : 1417216,
            "40.000000" : 1466368,
            "50.000000" : 1515520,
            "60.000000" : 1581056,
            "70.000000" : 1662976,
            "80.000000" : 1744896,
            "90.000000" : 1875968,
            "95.000000" : 2088960,
            "99.000000" : 3751936,
            "99.500000" : 4227072,
            "99.900000" : 7241728,
            "99.950000" : 7438336,
            "99.990000" : 8585216
          }
        },
        "lat_ns" : {
          "min" : 33180,
          "max" : 28584362,
          "mean" : 1627892.367964,
          "stddev" : 478927.844128,
          "N" : 18130514
        },
        "bw_min" : 5595456,
        "bw_max" : 6684372,
        "bw_agg" : 100.000000,
        "bw_mean" : 6267419.352328,
        "bw_dev" : 105237.690370,
        "bw_samples" : 5756,
        "iops_min" : 22476,
        "iops_max" : 27035,
        "iops_mean" : 25190.235580,
        "iops_stddev" : 307.968460,
        "iops_samples" : 5756
      },
      "trim" : {
        "io_bytes" : 0,
        "io_kbytes" : 0,
        "bw_bytes" : 0,
        "bw" : 0,
        "iops" : 0.000000,
        "runtime" : 0,
        "total_ios" : 0,
        "short_ios" : 0,
        "drop_ios" : 0,
        "slat_ns" : {
          "min" : 0,
          "max" : 0,
          "mean" : 0.000000,
          "stddev" : 0.000000,
          "N" : 0
        },
        "clat_ns" : {
          "min" : 0,
          "max" : 0,
          "mean" : 0.000000,
          "stddev" : 0.000000,
          "N" : 0
        },
        "lat_ns" : {
          "min" : 0,
          "max" : 0,
          "mean" : 0.000000,
          "stddev" : 0.000000,
          "N" : 0
        },
        "bw_min" : 0,
        "bw_max" : 0,
        "bw_agg" : 0.000000,
        "bw_mean" : 0.000000,
        "bw_dev" : 0.000000,
        "bw_samples" : 0,
        "iops_min" : 0,
        "iops_max" : 0,
        "iops_mean" : 0.000000,
        "iops_stddev" : 0.000000,
        "iops_samples" : 0
      },
      "sync" : {
        "total_ios" : 0,
        "lat_ns" : {
          "min" : 0,
          "max" : 0,
          "mean" : 0.000000,
          "stddev" : 0.000000,
          "N" : 0
        }
      },
      "job_runtime" : 3600004,
      "usr_cpu" : 1.294471,
      "sys_cpu" : 6.418271,
      "ctx" : 20838934,
      "majf" : 0,
      "minf" : 46,
      "iodepth_level" : {
        "1" : 1.929026,
        "2" : 0.100000,
        "4" : 16.560376,
        "8" : 16.158814,
        "16" : 65.351748,
        "32" : 0.000000,
        ">=64" : 0.000000
      },
      "iodepth_submit" : {
        "0" : 0.000000,
        "4" : 100.000000,
        "8" : 0.000000,
        "16" : 0.000000,
        "32" : 0.000000,
        "64" : 0.000000,
        ">=64" : 0.000000
      },
      "iodepth_complete" : {
        "0" : 0.000000,
        "4" : 99.999986,
        "8" : 0.100000,
        "16" : 0.100000,
        "32" : 0.000000,
        "64" : 0.000000,
        ">=64" : 0.000000
      },
      "latency_ns" : {
        "2" : 0.000000,
        "4" : 0.000000,
        "10" : 0.000000,
        "20" : 0.000000,
        "50" : 0.000000,
        "100" : 0.000000,
        "250" : 0.000000,
        "500" : 0.000000,
        "750" : 0.000000,
        "1000" : 0.000000
      },
      "latency_us" : {
        "2" : 0.000000,
        "4" : 0.000000,
        "10" : 0.000000,
        "20" : 0.000000,
        "50" : 0.010000,
        "100" : 0.000000,
        "250" : 0.010000,
        "500" : 2.639716,
        "750" : 5.154520,
        "1000" : 6.747961
      },
      "latency_ms" : {
        "2" : 80.160124,
        "4" : 4.685610,
        "10" : 0.609663,
        "20" : 0.010000,
        "50" : 0.010000,
        "100" : 0.000000,
        "250" : 0.000000,
        "500" : 0.000000,
        "750" : 0.000000,
        "1000" : 0.000000,
        "2000" : 0.000000,
        ">=2000" : 0.000000
      },
      "latency_depth" : 8,
      "latency_target" : 0,
      "latency_percentile" : 100.000000,
      "latency_window" : 0
    }
  ],
  "disk_util" : [
    {
      "name" : "nvme2n1",
      "read_ios" : 28781020,
      "write_ios" : 42699519,
      "read_sectors" : 7367941120,
      "write_sectors" : 9019889768,
      "read_merges" : 0,
      "write_merges" : 1177,
      "read_ticks" : 17589686,
      "write_ticks" : 67236489,
      "in_queue" : 84826176,
      "util" : 90.872585
    }
  ]
}
