{
  "fio version" : "fio-3.33",
  "timestamp" : 1755889576,
  "timestamp_ms" : 1755889576333,
  "time" : "Fri Aug 22 19:06:16 2025",
  "global options" : {
    "ioengine" : "libaio",
    "direct" : "1",
    "time_based" : "1",
    "runtime" : "720",
    "group_reporting" : "1"
  },
  "jobs" : [
    {
      "jobname" : "rocksdb-wal",
      "groupid" : 0,
      "error" : 0,
      "eta" : 0,
      "elapsed" : 721,
      "job options" : {
        "name" : "rocksdb-compaction-write",
        "ioengine" : "libaio",
        "rw" : "write",
        "bs" : "1M",
        "size" : "50G",
        "iodepth" : "8",
        "filename" : "/mnt/xfs/compaction_output.dat"
      },
      "read" : {
        "io_bytes" : 3845778309120,
        "io_kbytes" : 3755642880,
        "bw_bytes" : 5341351344,
        "bw" : 5216163,
        "iops" : 5093.909592,
        "runtime" : 720001,
        "total_ios" : 3667620,
        "short_ios" : 0,
        "drop_ios" : 0,
        "slat_ns" : {
          "min" : 5240,
          "max" : 387522,
          "mean" : 11420.231128,
          "stddev" : 3531.891286,
          "N" : 3667620
        },
        "clat_ns" : {
          "min" : 280802,
          "max" : 9322426,
          "mean" : 773527.925527,
          "stddev" : 318225.263070,
          "N" : 3667620,
          "percentile" : {
            "1.000000" : 358400,
            "5.000000" : 411648,
            "10.000000" : 448512,
            "20.000000" : 522240,
            "30.000000" : 577536,
            "40.000000" : 651264,
            "50.000000" : 790528,
            "60.000000" : 872448,
            "70.000000" : 913408,
            "80.000000" : 962560,
            "90.000000" : 1036288,
            "95.000000" : 1105920,
            "99.000000" : 1843200,
            "99.500000" : 2408448,
            "99.900000" : 3653632,
            "99.950000" : 5079040,
            "99.990000" : 6586368
          }
        },
        "lat_ns" : {
          "min" : 291602,
          "max" : 9328196,
          "mean" : 784948.156656,
          "stddev" : 318135.561454,
          "N" : 3667620
        },
        "bw_min" : 4773194,
        "bw_max" : 6103040,
        "bw_agg" : 100.000000,
        "bw_mean" : 5218554.469076,
        "bw_dev" : 246060.264623,
        "bw_samples" : 1439,
        "iops_min" : 4661,
        "iops_max" : 5960,
        "iops_mean" : 5096.210563,
        "iops_stddev" : 240.296518,
        "iops_samples" : 1439
      },
      "write" : {
        "io_bytes" : 4698738933760,
        "io_kbytes" : 4588612240,
        "bw_bytes" : 6526008169,
        "bw" : 6373054,
        "iops" : 25727.592423,
        "runtime" : 720002,
        "total_ios" : 18523918,
        "short_ios" : 0,
        "drop_ios" : 0,
        "slat_ns" : {
          "min" : 1800,
          "max" : 171481,
          "mean" : 5221.559211,
          "stddev" : 5381.253616,
          "N" : 18088789
        },
        "clat_ns" : {
          "min" : 10131,
          "max" : 12374603,
          "mean" : 1588222.450216,
          "stddev" : 397550.887994,
          "N" : 18523918,
          "percentile" : {
            "1.000000" : 1155072,
            "5.000000" : 1286144,
            "10.000000" : 1335296,
            "20.000000" : 1384448,
            "30.000000" : 1417216,
            "40.000000" : 1466368,
            "50.000000" : 1499136,
            "60.000000" : 1564672,
            "70.000000" : 1646592,
            "80.000000" : 1728512,
            "90.000000" : 1843200,
            "95.000000" : 1990656,
            "99.000000" : 3325952,
            "99.500000" : 3850240,
            "99.900000" : 6193152,
            "99.950000" : 7438336,
            "99.990000" : 7831552
          }
        },
        "lat_ns" : {
          "min" : 10200,
          "max" : 12377563,
          "mean" : 1593324.398029,
          "stddev" : 397648.581842,
          "N" : 18523918
        },
        "bw_min" : 5765632,
        "bw_max" : 6761184,
        "bw_agg" : 100.000000,
        "bw_mean" : 6376031.083391,
        "bw_dev" : 93875.474235,
        "bw_samples" : 5756,
        "iops_min" : 23296,
        "iops_max" : 27324,
        "iops_mean" : 25739.473245,
        "iops_stddev" : 275.871258,
        "iops_samples" : 5756
      },
      "trim" : {
        "io_bytes" : 0,
        "io_kbytes" : 0,
        "bw_bytes" : 0,
        "bw" : 0,
        "iops" : 0.000000,
        "runtime" : 0,
        "total_ios" : 0,
        "short_ios" : 0,
        "drop_ios" : 0,
        "slat_ns" : {
          "min" : 0,
          "max" : 0,
          "mean" : 0.000000,
          "stddev" : 0.000000,
          "N" : 0
        },
        "clat_ns" : {
          "min" : 0,
          "max" : 0,
          "mean" : 0.000000,
          "stddev" : 0.000000,
          "N" : 0
        },
        "lat_ns" : {
          "min" : 0,
          "max" : 0,
          "mean" : 0.000000,
          "stddev" : 0.000000,
          "N" : 0
        },
        "bw_min" : 0,
        "bw_max" : 0,
        "bw_agg" : 0.000000,
        "bw_mean" : 0.000000,
        "bw_dev" : 0.000000,
        "bw_samples" : 0,
        "iops_min" : 0,
        "iops_max" : 0,
        "iops_mean" : 0.000000,
        "iops_stddev" : 0.000000,
        "iops_samples" : 0
      },
      "sync" : {
        "total_ios" : 0,
        "lat_ns" : {
          "min" : 0,
          "max" : 0,
          "mean" : 0.000000,
          "stddev" : 0.000000,
          "N" : 0
        }
      },
      "job_runtime" : 3600002,
      "usr_cpu" : 1.124249,
      "sys_cpu" : 3.860331,
      "ctx" : 21976286,
      "majf" : 0,
      "minf" : 569,
      "iodepth_level" : {
        "1" : 1.960806,
        "2" : 0.100000,
        "4" : 16.527151,
        "8" : 16.072081,
        "16" : 65.439926,
        "32" : 0.000000,
        ">=64" : 0.000000
      },
      "iodepth_submit" : {
        "0" : 0.000000,
        "4" : 100.000000,
        "8" : 0.000000,
        "16" : 0.000000,
        "32" : 0.000000,
        "64" : 0.000000,
        ">=64" : 0.000000
      },
      "iodepth_complete" : {
        "0" : 0.000000,
        "4" : 99.999986,
        "8" : 0.100000,
        "16" : 0.100000,
        "32" : 0.000000,
        "64" : 0.000000,
        ">=64" : 0.000000
      },
      "latency_ns" : {
        "2" : 0.000000,
        "4" : 0.000000,
        "10" : 0.000000,
        "20" : 0.000000,
        "50" : 0.000000,
        "100" : 0.000000,
        "250" : 0.000000,
        "500" : 0.000000,
        "750" : 0.000000,
        "1000" : 0.000000
      },
      "latency_us" : {
        "2" : 0.000000,
        "4" : 0.000000,
        "10" : 0.000000,
        "20" : 0.010000,
        "50" : 0.010000,
        "100" : 0.010000,
        "250" : 0.010000,
        "500" : 2.729946,
        "750" : 5.134948,
        "1000" : 6.664365
      },
      "latency_ms" : {
        "2" : 81.355637,
        "4" : 3.762732,
        "10" : 0.350706,
        "20" : 0.010000,
        "50" : 0.000000,
        "100" : 0.000000,
        "250" : 0.000000,
        "500" : 0.000000,
        "750" : 0.000000,
        "1000" : 0.000000,
        "2000" : 0.000000,
        ">=2000" : 0.000000
      },
      "latency_depth" : 8,
      "latency_target" : 0,
      "latency_percentile" : 100.000000,
      "latency_window" : 0
    }
  ],
  "disk_util" : [
    {
      "name" : "nvme2n1",
      "read_ios" : 29340497,
      "write_ios" : 43489415,
      "read_merges" : 429,
      "write_merges" : 525,
      "read_ticks" : 17400140,
      "write_ticks" : 67508817,
      "in_queue" : 84908958,
      "util" : 87.604185
    }
  ]
}
