{
  "fio version" : "fio-3.39",
  "timestamp" : 1764075627,
  "timestamp_ms" : 1764075627476,
  "time" : "Tue Nov 25 13:00:27 2025",
  "global options" : {
    "ioengine" : "libaio",
    "direct" : "1",
    "time_based" : "1",
    "runtime" : "720",
    "group_reporting" : "1"
  },
  "jobs" : [
    {
      "jobname" : "rocksdb-wal",
      "groupid" : 0,
      "job_start" : 1764074907181,
      "error" : 0,
      "eta" : 0,
      "elapsed" : 721,
      "job options" : {
        "name" : "rocksdb-compaction-write",
        "ioengine" : "libaio",
        "rw" : "write",
        "bs" : "1M",
        "size" : "50G",
        "iodepth" : "8",
        "filename" : "/mnt/xfs/compaction_output.dat"
      },
      "read" : {
        "io_bytes" : 4236482969600,
        "io_kbytes" : 4137190400,
        "bw_bytes" : 5883995952,
        "bw" : 5746089,
        "iops" : 5611.415817,
        "runtime" : 720001,
        "total_ios" : 4040225,
        "short_ios" : 0,
        "drop_ios" : 0,
        "slat_ns" : {
          "min" : 9660,
          "max" : 138070,
          "mean" : 11912.737672,
          "stddev" : 1742.159180,
          "N" : 4040225
        },
        "clat_ns" : {
          "min" : 194320,
          "max" : 2781914,
          "mean" : 700631.719204,
          "stddev" : 225406.126973,
          "N" : 4040225,
          "percentile" : {
            "1.000000" : 284672,
            "5.000000" : 395264,
            "10.000000" : 444416,
            "20.000000" : 505856,
            "30.000000" : 552960,
            "40.000000" : 593920,
            "50.000000" : 643072,
            "60.000000" : 733184,
            "70.000000" : 831488,
            "80.000000" : 921600,
            "90.000000" : 1011712,
            "95.000000" : 1089536,
            "99.000000" : 1236992,
            "99.500000" : 1302528,
            "99.900000" : 1548288,
            "99.950000" : 1859584,
            "99.990000" : 2007040
          }
        },
        "lat_ns" : {
          "min" : 206070,
          "max" : 2792074,
          "mean" : 712544.456876,
          "stddev" : 225294.527875,
          "N" : 4040225
        },
        "bw_min" : 4698112,
        "bw_max" : 6748160,
        "bw_agg" : 100.000000,
        "bw_mean" : 5747717.420833,
        "bw_dev" : 332488.233773,
        "bw_samples" : 1440,
        "iops_min" : 4588,
        "iops_max" : 6590,
        "iops_mean" : 5612.933333,
        "iops_stddev" : 324.694003,
        "iops_samples" : 1440
      },
      "write" : {
        "io_bytes" : 4427399168000,
        "io_kbytes" : 4323632000,
        "bw_bytes" : 6149148430,
        "bw" : 6005027,
        "iops" : 55809.318585,
        "runtime" : 720002,
        "total_ios" : 40182821,
        "short_ios" : 0,
        "drop_ios" : 0,
        "slat_ns" : {
          "min" : 4869,
          "max" : 100171389,
          "mean" : 6803.071850,
          "stddev" : 26379.324187,
          "N" : 35598733
        },
        "clat_ns" : {
          "min" : 12800,
          "max" : 102151532,
          "mean" : 728329.080327,
          "stddev" : 729051.535449,
          "N" : 40182821,
          "percentile" : {
            "1.000000" : 42240,
            "5.000000" : 115200,
            "10.000000" : 259072,
            "20.000000" : 561152,
            "30.000000" : 585728,
            "40.000000" : 602112,
            "50.000000" : 618496,
            "60.000000" : 634880,
            "70.000000" : 651264,
            "80.000000" : 684032,
            "90.000000" : 831488,
            "95.000000" : 2473984,
            "99.000000" : 3063808,
            "99.500000" : 3784704,
            "99.900000" : 6717440,
            "99.950000" : 13959168,
            "99.990000" : 20054016
          }
        },
        "lat_ns" : {
          "min" : 12860,
          "max" : 102167452,
          "mean" : 734363.817352,
          "stddev" : 731896.698700,
          "N" : 40182821
        },
        "bw_min" : 4458880,
        "bw_max" : 6503300,
        "bw_agg" : 100.000000,
        "bw_mean" : 6006754.533157,
        "bw_dev" : 102381.932264,
        "bw_samples" : 5759,
        "iops_min" : 41842,
        "iops_max" : 60848,
        "iops_mean" : 55825.317957,
        "iops_stddev" : 944.469993,
        "iops_samples" : 5759
      },
      "trim" : {
        "io_bytes" : 0,
        "io_kbytes" : 0,
        "bw_bytes" : 0,
        "bw" : 0,
        "iops" : 0.000000,
        "runtime" : 0,
        "total_ios" : 0,
        "short_ios" : 0,
        "drop_ios" : 0,
        "slat_ns" : {
          "min" : 0,
          "max" : 0,
          "mean" : 0.000000,
          "stddev" : 0.000000,
          "N" : 0
        },
        "clat_ns" : {
          "min" : 0,
          "max" : 0,
          "mean" : 0.000000,
          "stddev" : 0.000000,
          "N" : 0
        },
        "lat_ns" : {
          "min" : 0,
          "max" : 0,
          "mean" : 0.000000,
          "stddev" : 0.000000,
          "N" : 0
        },
        "bw_min" : 0,
        "bw_max" : 0,
        "bw_agg" : 0.000000,
        "bw_mean" : 0.000000,
        "bw_dev" : 0.000000,
        "bw_samples" : 0,
        "iops_min" : 0,
        "iops_max" : 0,
        "iops_mean" : 0.000000,
        "iops_stddev" : 0.000000,
        "iops_samples" : 0
      },
      "sync" : {
        "total_ios" : 0,
        "lat_ns" : {
          "min" : 0,
          "max" : 0,
          "mean" : 0.000000,
          "stddev" : 0.000000,
          "N" : 0
        }
      },
      "job_runtime" : 3600001,
      "usr_cpu" : 1.872527,
      "sys_cpu" : 10.979136,
      "ctx" : 44021126,
      "majf" : 0,
      "minf" : 45,
      "iodepth_level" : {
        "1" : 10.365844,
        "2" : 0.100000,
        "4" : 9.136037,
        "8" : 4.644958,
        "16" : 75.853142,
        "32" : 0.000000,
        ">=64" : 0.000000
      },
      "iodepth_submit" : {
        "0" : 0.000000,
        "4" : 100.000000,
        "8" : 0.000000,
        "16" : 0.000000,
        "32" : 0.000000,
        "64" : 0.000000,
        ">=64" : 0.000000
      },
      "iodepth_complete" : {
        "0" : 0.000000,
        "4" : 99.999993,
        "8" : 0.100000,
        "16" : 0.100000,
        "32" : 0.000000,
        "64" : 0.000000,
        ">=64" : 0.000000
      },
      "latency_ns" : {
        "2" : 0.000000,
        "4" : 0.000000,
        "10" : 0.000000,
        "20" : 0.000000,
        "50" : 0.000000,
        "100" : 0.000000,
        "250" : 0.000000,
        "500" : 0.000000,
        "750" : 0.000000,
        "1000" : 0.000000
      },
      "latency_us" : {
        "2" : 0.000000,
        "4" : 0.000000,
        "10" : 0.000000,
        "20" : 0.010000,
        "50" : 1.415907,
        "100" : 2.373869,
        "250" : 5.152510,
        "500" : 4.179992,
        "750" : 71.354615,
        "1000" : 7.722625
      },
      "latency_ms" : {
        "2" : 2.153187,
        "4" : 5.256619,
        "10" : 0.316204,
        "20" : 0.060070,
        "50" : 0.010000,
        "100" : 0.000000,
        "250" : 0.010000,
        "500" : 0.000000,
        "750" : 0.000000,
        "1000" : 0.000000,
        "2000" : 0.000000,
        ">=2000" : 0.000000
      },
      "latency_depth" : 8,
      "latency_target" : 0,
      "latency_percentile" : 100.000000,
      "latency_window" : 0
    }
  ],
  "disk_util" : [
    {
      "name" : "nvme3n1",
      "read_ios" : 32313559,
      "write_ios" : 54546439,
      "read_sectors" : 8272230656,
      "write_sectors" : 8644805952,
      "read_merges" : 315,
      "write_merges" : 410,
      "read_ticks" : 18365133,
      "write_ticks" : 66540367,
      "in_queue" : 84905501,
      "util" : 85.923991
    }
  ]
}
