{
  "fio version" : "fio-3.39",
  "timestamp" : 1764086765,
  "timestamp_ms" : 1764086765991,
  "time" : "Tue Nov 25 16:06:05 2025",
  "global options" : {
    "ioengine" : "libaio",
    "direct" : "1",
    "time_based" : "1",
    "runtime" : "720",
    "group_reporting" : "1"
  },
  "jobs" : [
    {
      "jobname" : "rocksdb-wal",
      "groupid" : 0,
      "job_start" : 1764086045823,
      "error" : 0,
      "eta" : 0,
      "elapsed" : 721,
      "job options" : {
        "name" : "rocksdb-compaction-write",
        "ioengine" : "libaio",
        "rw" : "write",
        "bs" : "1M",
        "size" : "50G",
        "iodepth" : "8",
        "filename" : "/mnt/xfs/compaction_output.dat"
      },
      "read" : {
        "io_bytes" : 3918958428160,
        "io_kbytes" : 3827107840,
        "bw_bytes" : 5442990257,
        "bw" : 5315420,
        "iops" : 5190.840013,
        "runtime" : 720001,
        "total_ios" : 3737410,
        "short_ios" : 0,
        "drop_ios" : 0,
        "slat_ns" : {
          "min" : 10430,
          "max" : 417850,
          "mean" : 36996.016467,
          "stddev" : 17433.297379,
          "N" : 3737410
        },
        "clat_ns" : {
          "min" : 181070,
          "max" : 10440397,
          "mean" : 733297.705733,
          "stddev" : 273946.270095,
          "N" : 3737410,
          "percentile" : {
            "1.000000" : 309248,
            "5.000000" : 399360,
            "10.000000" : 444416,
            "20.000000" : 509952,
            "30.000000" : 561152,
            "40.000000" : 618496,
            "50.000000" : 700416,
            "60.000000" : 806912,
            "70.000000" : 880640,
            "80.000000" : 937984,
            "90.000000" : 1028096,
            "95.000000" : 1105920,
            "99.000000" : 1318912,
            "99.500000" : 1777664,
            "99.900000" : 2899968,
            "99.950000" : 3457024,
            "99.990000" : 6389760
          }
        },
        "lat_ns" : {
          "min" : 195890,
          "max" : 10452177,
          "mean" : 770293.722200,
          "stddev" : 273005.577626,
          "N" : 3737410
        },
        "bw_min" : 4284416,
        "bw_max" : 6424576,
        "bw_agg" : 100.000000,
        "bw_mean" : 5317506.490618,
        "bw_dev" : 422775.046042,
        "bw_samples" : 1439,
        "iops_min" : 4184,
        "iops_max" : 6274,
        "iops_mean" : 5192.835997,
        "iops_stddev" : 412.864165,
        "iops_samples" : 1439
      },
      "write" : {
        "io_bytes" : 4452303798272,
        "io_kbytes" : 4347952928,
        "bw_bytes" : 6183738098,
        "bw" : 6038806,
        "iops" : 68331.954633,
        "runtime" : 720002,
        "total_ios" : 49199144,
        "short_ios" : 0,
        "drop_ios" : 0,
        "slat_ns" : {
          "min" : 5180,
          "max" : 70732980,
          "mean" : 7912.947920,
          "stddev" : 20757.377529,
          "N" : 45298338
        },
        "clat_ns" : {
          "min" : 12270,
          "max" : 73041222,
          "mean" : 592431.836886,
          "stddev" : 1263484.717650,
          "N" : 49199144,
          "percentile" : {
            "1.000000" : 43264,
            "5.000000" : 162816,
            "10.000000" : 224256,
            "20.000000" : 276480,
            "30.000000" : 305152,
            "40.000000" : 362496,
            "50.000000" : 536576,
            "60.000000" : 593920,
            "70.000000" : 618496,
            "80.000000" : 643072,
            "90.000000" : 708608,
            "95.000000" : 937984,
            "99.000000" : 2801664,
            "99.500000" : 3325952,
            "99.900000" : 30277632,
            "99.950000" : 33161216,
            "99.990000" : 38535168
          }
        },
        "lat_ns" : {
          "min" : 12340,
          "max" : 73078142,
          "mean" : 599723.032714,
          "stddev" : 1265887.947694,
          "N" : 49199144
        },
        "bw_min" : 2543840,
        "bw_max" : 9612736,
        "bw_agg" : 100.000000,
        "bw_mean" : 6041361.241140,
        "bw_dev" : 783553.913253,
        "bw_samples" : 5756,
        "iops_min" : 38708,
        "iops_max" : 110158,
        "iops_mean" : 68365.088951,
        "iops_stddev" : 7500.735892,
        "iops_samples" : 5756
      },
      "trim" : {
        "io_bytes" : 0,
        "io_kbytes" : 0,
        "bw_bytes" : 0,
        "bw" : 0,
        "iops" : 0.000000,
        "runtime" : 0,
        "total_ios" : 0,
        "short_ios" : 0,
        "drop_ios" : 0,
        "slat_ns" : {
          "min" : 0,
          "max" : 0,
          "mean" : 0.000000,
          "stddev" : 0.000000,
          "N" : 0
        },
        "clat_ns" : {
          "min" : 0,
          "max" : 0,
          "mean" : 0.000000,
          "stddev" : 0.000000,
          "N" : 0
        },
        "lat_ns" : {
          "min" : 0,
          "max" : 0,
          "mean" : 0.000000,
          "stddev" : 0.000000,
          "N" : 0
        },
        "bw_min" : 0,
        "bw_max" : 0,
        "bw_agg" : 0.000000,
        "bw_mean" : 0.000000,
        "bw_dev" : 0.000000,
        "bw_samples" : 0,
        "iops_min" : 0,
        "iops_max" : 0,
        "iops_mean" : 0.000000,
        "iops_stddev" : 0.000000,
        "iops_samples" : 0
      },
      "sync" : {
        "total_ios" : 0,
        "lat_ns" : {
          "min" : 0,
          "max" : 0,
          "mean" : 0.000000,
          "stddev" : 0.000000,
          "N" : 0
        }
      },
      "job_runtime" : 3600001,
      "usr_cpu" : 2.057861,
      "sys_cpu" : 16.089134,
      "ctx" : 50352086,
      "majf" : 0,
      "minf" : 554,
      "iodepth_level" : {
        "1" : 7.368840,
        "2" : 0.100000,
        "4" : 7.060186,
        "8" : 2.728217,
        "16" : 82.842742,
        "32" : 0.000000,
        ">=64" : 0.000000
      },
      "iodepth_submit" : {
        "0" : 0.000000,
        "4" : 100.000000,
        "8" : 0.000000,
        "16" : 0.000000,
        "32" : 0.000000,
        "64" : 0.000000,
        ">=64" : 0.000000
      },
      "iodepth_complete" : {
        "0" : 0.000000,
        "4" : 99.999994,
        "8" : 0.100000,
        "16" : 0.100000,
        "32" : 0.000000,
        "64" : 0.000000,
        ">=64" : 0.000000
      },
      "latency_ns" : {
        "2" : 0.000000,
        "4" : 0.000000,
        "10" : 0.000000,
        "20" : 0.000000,
        "50" : 0.000000,
        "100" : 0.000000,
        "250" : 0.000000,
        "500" : 0.000000,
        "750" : 0.000000,
        "1000" : 0.000000
      },
      "latency_us" : {
        "2" : 0.000000,
        "4" : 0.000000,
        "10" : 0.000000,
        "20" : 0.190451,
        "50" : 0.993752,
        "100" : 1.440243,
        "250" : 10.114844,
        "500" : 32.727338,
        "750" : 43.583613,
        "1000" : 5.788301
      },
      "latency_ms" : {
        "2" : 1.689985,
        "4" : 3.155340,
        "10" : 0.175076,
        "20" : 0.032649,
        "50" : 0.107848,
        "100" : 0.010000,
        "250" : 0.000000,
        "500" : 0.000000,
        "750" : 0.000000,
        "1000" : 0.000000,
        "2000" : 0.000000,
        ">=2000" : 0.000000
      },
      "latency_depth" : 8,
      "latency_target" : 0,
      "latency_percentile" : 100.000000,
      "latency_window" : 0
    }
  ],
  "disk_util" : [
    {
      "name" : "nvme3n1",
      "read_ios" : 29895451,
      "write_ios" : 59301928,
      "read_sectors" : 7653198080,
      "write_sectors" : 8694806256,
      "read_merges" : 292,
      "write_merges" : 412,
      "read_ticks" : 17318652,
      "write_ticks" : 66257083,
      "in_queue" : 83575734,
      "util" : 85.061259
    }
  ]
}
