{
  "fio version" : "fio-3.39",
  "timestamp" : 1764086026,
  "timestamp_ms" : 1764086026024,
  "time" : "Tue Nov 25 15:53:46 2025",
  "global options" : {
    "ioengine" : "libaio",
    "direct" : "1",
    "time_based" : "1",
    "runtime" : "720",
    "group_reporting" : "1"
  },
  "jobs" : [
    {
      "jobname" : "rocksdb-wal",
      "groupid" : 0,
      "job_start" : 1764085305849,
      "error" : 0,
      "eta" : 0,
      "elapsed" : 721,
      "job options" : {
        "name" : "rocksdb-compaction-write",
        "ioengine" : "libaio",
        "rw" : "write",
        "bs" : "1M",
        "size" : "50G",
        "iodepth" : "8",
        "filename" : "/mnt/ext4/compaction_output.dat"
      },
      "read" : {
        "io_bytes" : 3662538604544,
        "io_kbytes" : 3576697856,
        "bw_bytes" : 5086852107,
        "bw" : 4967629,
        "iops" : 4851.200207,
        "runtime" : 720001,
        "total_ios" : 3492869,
        "short_ios" : 0,
        "drop_ios" : 0,
        "slat_ns" : {
          "min" : 10490,
          "max" : 439032,
          "mean" : 37254.480093,
          "stddev" : 17286.494529,
          "N" : 3492869
        },
        "clat_ns" : {
          "min" : 262051,
          "max" : 9971313,
          "mean" : 786989.748564,
          "stddev" : 365473.389436,
          "N" : 3492869,
          "percentile" : {
            "1.000000" : 350208,
            "5.000000" : 403456,
            "10.000000" : 448512,
            "20.000000" : 514048,
            "30.000000" : 577536,
            "40.000000" : 675840,
            "50.000000" : 806912,
            "60.000000" : 872448,
            "70.000000" : 913408,
            "80.000000" : 962560,
            "90.000000" : 1036288,
            "95.000000" : 1122304,
            "99.000000" : 2277376,
            "99.500000" : 2801664,
            "99.900000" : 4620288,
            "99.950000" : 6193152,
            "99.990000" : 6782976
          }
        },
        "lat_ns" : {
          "min" : 291392,
          "max" : 10032094,
          "mean" : 824244.228657,
          "stddev" : 364648.119041,
          "N" : 3492869
        },
        "bw_min" : 4505600,
        "bw_max" : 6000640,
        "bw_agg" : 100.000000,
        "bw_mean" : 4969566.619180,
        "bw_dev" : 261289.963868,
        "bw_samples" : 1439,
        "iops_min" : 4400,
        "iops_max" : 5860,
        "iops_mean" : 4853.055594,
        "iops_stddev" : 255.173716,
        "iops_samples" : 1439
      },
      "write" : {
        "io_bytes" : 4625298702336,
        "io_kbytes" : 4516893264,
        "bw_bytes" : 6424017053,
        "bw" : 6273454,
        "iops" : 25298.573196,
        "runtime" : 720001,
        "total_ios" : 18214998,
        "short_ios" : 0,
        "drop_ios" : 0,
        "slat_ns" : {
          "min" : 3820,
          "max" : 3057126,
          "mean" : 11907.967482,
          "stddev" : 12677.191052,
          "N" : 17777637
        },
        "clat_ns" : {
          "min" : 17450,
          "max" : 14209096,
          "mean" : 1608714.514911,
          "stddev" : 480582.176618,
          "N" : 18214998,
          "percentile" : {
            "1.000000" : 1073152,
            "5.000000" : 1253376,
            "10.000000" : 1302528,
            "20.000000" : 1368064,
            "30.000000" : 1417216,
            "40.000000" : 1466368,
            "50.000000" : 1515520,
            "60.000000" : 1581056,
            "70.000000" : 1646592,
            "80.000000" : 1728512,
            "90.000000" : 1875968,
            "95.000000" : 2072576,
            "99.000000" : 3817472,
            "99.500000" : 4292608,
            "99.900000" : 7176192,
            "99.950000" : 7438336,
            "99.990000" : 8224768
          }
        },
        "lat_ns" : {
          "min" : 17511,
          "max" : 14215156,
          "mean" : 1620339.040583,
          "stddev" : 480618.988393,
          "N" : 18214998
        },
        "bw_min" : 5627008,
        "bw_max" : 6729248,
        "bw_agg" : 100.000000,
        "bw_mean" : 6275905.018763,
        "bw_dev" : 109464.122604,
        "bw_samples" : 5756,
        "iops_min" : 22540,
        "iops_max" : 27182,
        "iops_mean" : 25308.167477,
        "iops_stddev" : 322.117680,
        "iops_samples" : 5756
      },
      "trim" : {
        "io_bytes" : 0,
        "io_kbytes" : 0,
        "bw_bytes" : 0,
        "bw" : 0,
        "iops" : 0.000000,
        "runtime" : 0,
        "total_ios" : 0,
        "short_ios" : 0,
        "drop_ios" : 0,
        "slat_ns" : {
          "min" : 0,
          "max" : 0,
          "mean" : 0.000000,
          "stddev" : 0.000000,
          "N" : 0
        },
        "clat_ns" : {
          "min" : 0,
          "max" : 0,
          "mean" : 0.000000,
          "stddev" : 0.000000,
          "N" : 0
        },
        "lat_ns" : {
          "min" : 0,
          "max" : 0,
          "mean" : 0.000000,
          "stddev" : 0.000000,
          "N" : 0
        },
        "bw_min" : 0,
        "bw_max" : 0,
        "bw_agg" : 0.000000,
        "bw_mean" : 0.000000,
        "bw_dev" : 0.000000,
        "bw_samples" : 0,
        "iops_min" : 0,
        "iops_max" : 0,
        "iops_mean" : 0.000000,
        "iops_stddev" : 0.000000,
        "iops_samples" : 0
      },
      "sync" : {
        "total_ios" : 0,
        "lat_ns" : {
          "min" : 0,
          "max" : 0,
          "mean" : 0.000000,
          "stddev" : 0.000000,
          "N" : 0
        }
      },
      "job_runtime" : 3600000,
      "usr_cpu" : 1.360528,
      "sys_cpu" : 10.191500,
      "ctx" : 20485195,
      "majf" : 0,
      "minf" : 560,
      "iodepth_level" : {
        "1" : 2.014776,
        "2" : 0.100000,
        "4" : 16.090379,
        "8" : 16.181419,
        "16" : 65.713389,
        "32" : 0.000000,
        ">=64" : 0.000000
      },
      "iodepth_submit" : {
        "0" : 0.000000,
        "4" : 100.000000,
        "8" : 0.000000,
        "16" : 0.000000,
        "32" : 0.000000,
        "64" : 0.000000,
        ">=64" : 0.000000
      },
      "iodepth_complete" : {
        "0" : 0.000000,
        "4" : 99.999986,
        "8" : 0.100000,
        "16" : 0.100000,
        "32" : 0.000000,
        "64" : 0.000000,
        ">=64" : 0.000000
      },
      "latency_ns" : {
        "2" : 0.000000,
        "4" : 0.000000,
        "10" : 0.000000,
        "20" : 0.000000,
        "50" : 0.000000,
        "100" : 0.000000,
        "250" : 0.000000,
        "500" : 0.000000,
        "750" : 0.000000,
        "1000" : 0.000000
      },
      "latency_us" : {
        "2" : 0.000000,
        "4" : 0.000000,
        "10" : 0.000000,
        "20" : 0.010000,
        "50" : 0.010000,
        "100" : 0.010000,
        "250" : 0.010000,
        "500" : 2.809111,
        "750" : 4.594620,
        "1000" : 6.968377
      },
      "latency_ms" : {
        "2" : 80.427114,
        "4" : 4.532951,
        "10" : 0.664455,
        "20" : 0.010000,
        "50" : 0.000000,
        "100" : 0.000000,
        "250" : 0.000000,
        "500" : 0.000000,
        "750" : 0.000000,
        "1000" : 0.000000,
        "2000" : 0.000000,
        ">=2000" : 0.000000
      },
      "latency_depth" : 8,
      "latency_target" : 0,
      "latency_percentile" : 100.000000,
      "latency_window" : 0
    }
  ],
  "disk_util" : [
    {
      "name" : "nvme2n1",
      "read_ios" : 27940025,
      "write_ios" : 42799058,
      "read_sectors" : 7152646656,
      "write_sectors" : 9032799600,
      "read_merges" : 0,
      "write_merges" : 1172,
      "read_ticks" : 17247389,
      "write_ticks" : 67046563,
      "in_queue" : 84293952,
      "util" : 88.166772
    }
  ]
}
