{
  "fio version" : "fio-3.39",
  "timestamp" : 1764076348,
  "timestamp_ms" : 1764076348176,
  "time" : "Tue Nov 25 13:12:28 2025",
  "global options" : {
    "ioengine" : "libaio",
    "direct" : "1",
    "thread" : "1",
    "group_reporting" : "1",
    "time_based" : "1",
    "runtime" : "720"
  },
  "jobs" : [
    {
      "jobname" : "solana-snapshot-write",
      "groupid" : 0,
      "job_start" : 1764075627852,
      "error" : 0,
      "eta" : 0,
      "elapsed" : 721,
      "job options" : {
        "name" : "solana-snapshot-write",
        "rw" : "write",
        "bs" : "1M",
        "size" : "100G",
        "iodepth" : "4",
        "filename" : "/mnt/ext4/snapshot.dat"
      },
      "read" : {
        "io_bytes" : 0,
        "io_kbytes" : 0,
        "bw_bytes" : 0,
        "bw" : 0,
        "iops" : 0.000000,
        "runtime" : 0,
        "total_ios" : 0,
        "short_ios" : 0,
        "drop_ios" : 0,
        "slat_ns" : {
          "min" : 0,
          "max" : 0,
          "mean" : 0.000000,
          "stddev" : 0.000000,
          "N" : 0
        },
        "clat_ns" : {
          "min" : 0,
          "max" : 0,
          "mean" : 0.000000,
          "stddev" : 0.000000,
          "N" : 0
        },
        "lat_ns" : {
          "min" : 0,
          "max" : 0,
          "mean" : 0.000000,
          "stddev" : 0.000000,
          "N" : 0
        },
        "bw_min" : 0,
        "bw_max" : 0,
        "bw_agg" : 0.000000,
        "bw_mean" : 0.000000,
        "bw_dev" : 0.000000,
        "bw_samples" : 0,
        "iops_min" : 0,
        "iops_max" : 0,
        "iops_mean" : 0.000000,
        "iops_stddev" : 0.000000,
        "iops_samples" : 0
      },
      "write" : {
        "io_bytes" : 6040512888832,
        "io_kbytes" : 5898938368,
        "bw_bytes" : 8389589582,
        "bw" : 8192958,
        "iops" : 8000.936110,
        "runtime" : 720001,
        "total_ios" : 5760682,
        "short_ios" : 0,
        "drop_ios" : 0,
        "slat_ns" : {
          "min" : 12700,
          "max" : 261500,
          "mean" : 18275.755494,
          "stddev" : 2905.217392,
          "N" : 5760682
        },
        "clat_ns" : {
          "min" : 114320,
          "max" : 10536189,
          "mean" : 481320.313253,
          "stddev" : 268361.709732,
          "N" : 5760682,
          "percentile" : {
            "1.000000" : 224256,
            "5.000000" : 342016,
            "10.000000" : 370688,
            "20.000000" : 391168,
            "30.000000" : 411648,
            "40.000000" : 423936,
            "50.000000" : 428032,
            "60.000000" : 444416,
            "70.000000" : 473088,
            "80.000000" : 514048,
            "90.000000" : 585728,
            "95.000000" : 667648,
            "99.000000" : 1908736,
            "99.500000" : 2211840,
            "99.900000" : 2867200,
            "99.950000" : 4292608,
            "99.990000" : 6717440
          }
        },
        "lat_ns" : {
          "min" : 132030,
          "max" : 10555529,
          "mean" : 499596.068747,
          "stddev" : 268236.022925,
          "N" : 5760682
        },
        "bw_min" : 7260160,
        "bw_max" : 8597504,
        "bw_agg" : 100.000000,
        "bw_mean" : 8195134.846528,
        "bw_dev" : 344601.734234,
        "bw_samples" : 1440,
        "iops_min" : 7090,
        "iops_max" : 8396,
        "iops_mean" : 8002.994444,
        "iops_stddev" : 336.521611,
        "iops_samples" : 1440
      },
      "trim" : {
        "io_bytes" : 0,
        "io_kbytes" : 0,
        "bw_bytes" : 0,
        "bw" : 0,
        "iops" : 0.000000,
        "runtime" : 0,
        "total_ios" : 0,
        "short_ios" : 0,
        "drop_ios" : 0,
        "slat_ns" : {
          "min" : 0,
          "max" : 0,
          "mean" : 0.000000,
          "stddev" : 0.000000,
          "N" : 0
        },
        "clat_ns" : {
          "min" : 0,
          "max" : 0,
          "mean" : 0.000000,
          "stddev" : 0.000000,
          "N" : 0
        },
        "lat_ns" : {
          "min" : 0,
          "max" : 0,
          "mean" : 0.000000,
          "stddev" : 0.000000,
          "N" : 0
        },
        "bw_min" : 0,
        "bw_max" : 0,
        "bw_agg" : 0.000000,
        "bw_mean" : 0.000000,
        "bw_dev" : 0.000000,
        "bw_samples" : 0,
        "iops_min" : 0,
        "iops_max" : 0,
        "iops_mean" : 0.000000,
        "iops_stddev" : 0.000000,
        "iops_samples" : 0
      },
      "sync" : {
        "total_ios" : 0,
        "lat_ns" : {
          "min" : 0,
          "max" : 0,
          "mean" : 0.000000,
          "stddev" : 0.000000,
          "N" : 0
        }
      },
      "job_runtime" : 720000,
      "usr_cpu" : 4.863611,
      "sys_cpu" : 12.549583,
      "ctx" : 5766262,
      "majf" : 0,
      "minf" : 1,
      "iodepth_level" : {
        "1" : 0.100000,
        "2" : 0.100000,
        "4" : 99.999948,
        "8" : 0.000000,
        "16" : 0.000000,
        "32" : 0.000000,
        ">=64" : 0.000000
      },
      "iodepth_submit" : {
        "0" : 0.000000,
        "4" : 100.000000,
        "8" : 0.000000,
        "16" : 0.000000,
        "32" : 0.000000,
        "64" : 0.000000,
        ">=64" : 0.000000
      },
      "iodepth_complete" : {
        "0" : 0.000000,
        "4" : 100.000000,
        "8" : 0.000000,
        "16" : 0.000000,
        "32" : 0.000000,
        "64" : 0.000000,
        ">=64" : 0.000000
      },
      "latency_ns" : {
        "2" : 0.000000,
        "4" : 0.000000,
        "10" : 0.000000,
        "20" : 0.000000,
        "50" : 0.000000,
        "100" : 0.000000,
        "250" : 0.000000,
        "500" : 0.000000,
        "750" : 0.000000,
        "1000" : 0.000000
      },
      "latency_us" : {
        "2" : 0.000000,
        "4" : 0.000000,
        "10" : 0.000000,
        "20" : 0.000000,
        "50" : 0.000000,
        "100" : 0.000000,
        "250" : 1.985546,
        "500" : 74.587905,
        "750" : 20.476968,
        "1000" : 0.894356
      },
      "latency_ms" : {
        "2" : 1.222598,
        "4" : 0.781175,
        "10" : 0.051296,
        "20" : 0.010000,
        "50" : 0.000000,
        "100" : 0.000000,
        "250" : 0.000000,
        "500" : 0.000000,
        "750" : 0.000000,
        "1000" : 0.000000,
        "2000" : 0.000000,
        ">=2000" : 0.000000
      },
      "latency_depth" : 4,
      "latency_target" : 0,
      "latency_percentile" : 100.000000,
      "latency_window" : 0
    }
  ],
  "disk_util" : [
    {
      "name" : "nvme2n1",
      "read_ios" : 0,
      "write_ios" : 46073697,
      "read_sectors" : 0,
      "write_sectors" : 11794786016,
      "read_merges" : 0,
      "write_merges" : 1759,
      "read_ticks" : 0,
      "write_ticks" : 19744073,
      "in_queue" : 19744072,
      "util" : 95.176479
    }
  ]
}
