{
  "fio version" : "fio-3.39",
  "timestamp" : 1764088207,
  "timestamp_ms" : 1764088207148,
  "time" : "Tue Nov 25 16:30:07 2025",
  "global options" : {
    "ioengine" : "libaio",
    "direct" : "1",
    "thread" : "1",
    "group_reporting" : "1",
    "time_based" : "1",
    "runtime" : "720"
  },
  "jobs" : [
    {
      "jobname" : "solana-snapshot-write",
      "groupid" : 0,
      "job_start" : 1764087487004,
      "error" : 0,
      "eta" : 0,
      "elapsed" : 721,
      "job options" : {
        "name" : "solana-snapshot-write",
        "rw" : "write",
        "bs" : "1M",
        "size" : "100G",
        "iodepth" : "4",
        "filename" : "/mnt/xfs/snapshot.dat"
      },
      "read" : {
        "io_bytes" : 0,
        "io_kbytes" : 0,
        "bw_bytes" : 0,
        "bw" : 0,
        "iops" : 0.000000,
        "runtime" : 0,
        "total_ios" : 0,
        "short_ios" : 0,
        "drop_ios" : 0,
        "slat_ns" : {
          "min" : 0,
          "max" : 0,
          "mean" : 0.000000,
          "stddev" : 0.000000,
          "N" : 0
        },
        "clat_ns" : {
          "min" : 0,
          "max" : 0,
          "mean" : 0.000000,
          "stddev" : 0.000000,
          "N" : 0
        },
        "lat_ns" : {
          "min" : 0,
          "max" : 0,
          "mean" : 0.000000,
          "stddev" : 0.000000,
          "N" : 0
        },
        "bw_min" : 0,
        "bw_max" : 0,
        "bw_agg" : 0.000000,
        "bw_mean" : 0.000000,
        "bw_dev" : 0.000000,
        "bw_samples" : 0,
        "iops_min" : 0,
        "iops_max" : 0,
        "iops_mean" : 0.000000,
        "iops_stddev" : 0.000000,
        "iops_samples" : 0
      },
      "write" : {
        "io_bytes" : 5959809236992,
        "io_kbytes" : 5820126208,
        "bw_bytes" : 8277501332,
        "bw" : 8083497,
        "iops" : 7894.040425,
        "runtime" : 720001,
        "total_ios" : 5683717,
        "short_ios" : 0,
        "drop_ios" : 0,
        "slat_ns" : {
          "min" : 13150,
          "max" : 11896653,
          "mean" : 42378.593369,
          "stddev" : 17332.659803,
          "N" : 5683717
        },
        "clat_ns" : {
          "min" : 100879,
          "max" : 12254642,
          "mean" : 463946.497161,
          "stddev" : 274027.025426,
          "N" : 5683717,
          "percentile" : {
            "1.000000" : 189440,
            "5.000000" : 309248,
            "10.000000" : 342016,
            "20.000000" : 366592,
            "30.000000" : 382976,
            "40.000000" : 395264,
            "50.000000" : 411648,
            "60.000000" : 428032,
            "70.000000" : 464896,
            "80.000000" : 509952,
            "90.000000" : 585728,
            "95.000000" : 675840,
            "99.000000" : 1941504,
            "99.500000" : 2244608,
            "99.900000" : 2768896,
            "99.950000" : 3850240,
            "99.990000" : 6651904
          }
        },
        "lat_ns" : {
          "min" : 156280,
          "max" : 12270662,
          "mean" : 506325.090530,
          "stddev" : 273037.553801,
          "N" : 5683717
        },
        "bw_min" : 7237632,
        "bw_max" : 8570880,
        "bw_agg" : 100.000000,
        "bw_mean" : 8086559.895761,
        "bw_dev" : 368083.692796,
        "bw_samples" : 1439,
        "iops_min" : 7068,
        "iops_max" : 8370,
        "iops_mean" : 7896.990271,
        "iops_stddev" : 359.459599,
        "iops_samples" : 1439
      },
      "trim" : {
        "io_bytes" : 0,
        "io_kbytes" : 0,
        "bw_bytes" : 0,
        "bw" : 0,
        "iops" : 0.000000,
        "runtime" : 0,
        "total_ios" : 0,
        "short_ios" : 0,
        "drop_ios" : 0,
        "slat_ns" : {
          "min" : 0,
          "max" : 0,
          "mean" : 0.000000,
          "stddev" : 0.000000,
          "N" : 0
        },
        "clat_ns" : {
          "min" : 0,
          "max" : 0,
          "mean" : 0.000000,
          "stddev" : 0.000000,
          "N" : 0
        },
        "lat_ns" : {
          "min" : 0,
          "max" : 0,
          "mean" : 0.000000,
          "stddev" : 0.000000,
          "N" : 0
        },
        "bw_min" : 0,
        "bw_max" : 0,
        "bw_agg" : 0.000000,
        "bw_mean" : 0.000000,
        "bw_dev" : 0.000000,
        "bw_samples" : 0,
        "iops_min" : 0,
        "iops_max" : 0,
        "iops_mean" : 0.000000,
        "iops_stddev" : 0.000000,
        "iops_samples" : 0
      },
      "sync" : {
        "total_ios" : 0,
        "lat_ns" : {
          "min" : 0,
          "max" : 0,
          "mean" : 0.000000,
          "stddev" : 0.000000,
          "N" : 0
        }
      },
      "job_runtime" : 720000,
      "usr_cpu" : 5.520972,
      "sys_cpu" : 30.194722,
      "ctx" : 5693936,
      "majf" : 0,
      "minf" : 1,
      "iodepth_level" : {
        "1" : 0.100000,
        "2" : 0.100000,
        "4" : 99.999947,
        "8" : 0.000000,
        "16" : 0.000000,
        "32" : 0.000000,
        ">=64" : 0.000000
      },
      "iodepth_submit" : {
        "0" : 0.000000,
        "4" : 100.000000,
        "8" : 0.000000,
        "16" : 0.000000,
        "32" : 0.000000,
        "64" : 0.000000,
        ">=64" : 0.000000
      },
      "iodepth_complete" : {
        "0" : 0.000000,
        "4" : 100.000000,
        "8" : 0.000000,
        "16" : 0.000000,
        "32" : 0.000000,
        "64" : 0.000000,
        ">=64" : 0.000000
      },
      "latency_ns" : {
        "2" : 0.000000,
        "4" : 0.000000,
        "10" : 0.000000,
        "20" : 0.000000,
        "50" : 0.000000,
        "100" : 0.000000,
        "250" : 0.000000,
        "500" : 0.000000,
        "750" : 0.000000,
        "1000" : 0.000000
      },
      "latency_us" : {
        "2" : 0.000000,
        "4" : 0.000000,
        "10" : 0.000000,
        "20" : 0.000000,
        "50" : 0.000000,
        "100" : 0.000000,
        "250" : 2.667937,
        "500" : 75.502932,
        "750" : 18.875412,
        "1000" : 0.944822
      },
      "latency_ms" : {
        "2" : 1.117561,
        "4" : 0.841668,
        "10" : 0.049492,
        "20" : 0.010000,
        "50" : 0.000000,
        "100" : 0.000000,
        "250" : 0.000000,
        "500" : 0.000000,
        "750" : 0.000000,
        "1000" : 0.000000,
        "2000" : 0.000000,
        ">=2000" : 0.000000
      },
      "latency_depth" : 4,
      "latency_target" : 0,
      "latency_percentile" : 100.000000,
      "latency_window" : 0
    }
  ],
  "disk_util" : [
    {
      "name" : "nvme3n1",
      "read_ios" : 0,
      "write_ios" : 45462713,
      "read_sectors" : 0,
      "write_sectors" : 11638412064,
      "read_merges" : 0,
      "write_merges" : 562,
      "read_ticks" : 0,
      "write_ticks" : 19104952,
      "in_queue" : 19104951,
      "util" : 91.135216
    }
  ]
}
