{
  "fio version" : "fio-3.39",
  "timestamp" : 1764077068,
  "timestamp_ms" : 1764077068630,
  "time" : "Tue Nov 25 13:24:28 2025",
  "global options" : {
    "ioengine" : "libaio",
    "direct" : "1",
    "thread" : "1",
    "group_reporting" : "1",
    "time_based" : "1",
    "runtime" : "720"
  },
  "jobs" : [
    {
      "jobname" : "solana-snapshot-write",
      "groupid" : 0,
      "job_start" : 1764076348486,
      "error" : 0,
      "eta" : 0,
      "elapsed" : 721,
      "job options" : {
        "name" : "solana-snapshot-write",
        "rw" : "write",
        "bs" : "1M",
        "size" : "100G",
        "iodepth" : "4",
        "filename" : "/mnt/xfs/snapshot.dat"
      },
      "read" : {
        "io_bytes" : 0,
        "io_kbytes" : 0,
        "bw_bytes" : 0,
        "bw" : 0,
        "iops" : 0.000000,
        "runtime" : 0,
        "total_ios" : 0,
        "short_ios" : 0,
        "drop_ios" : 0,
        "slat_ns" : {
          "min" : 0,
          "max" : 0,
          "mean" : 0.000000,
          "stddev" : 0.000000,
          "N" : 0
        },
        "clat_ns" : {
          "min" : 0,
          "max" : 0,
          "mean" : 0.000000,
          "stddev" : 0.000000,
          "N" : 0
        },
        "lat_ns" : {
          "min" : 0,
          "max" : 0,
          "mean" : 0.000000,
          "stddev" : 0.000000,
          "N" : 0
        },
        "bw_min" : 0,
        "bw_max" : 0,
        "bw_agg" : 0.000000,
        "bw_mean" : 0.000000,
        "bw_dev" : 0.000000,
        "bw_samples" : 0,
        "iops_min" : 0,
        "iops_max" : 0,
        "iops_mean" : 0.000000,
        "iops_stddev" : 0.000000,
        "iops_samples" : 0
      },
      "write" : {
        "io_bytes" : 4894173954048,
        "io_kbytes" : 4779466752,
        "bw_bytes" : 6797454384,
        "bw" : 6638139,
        "iops" : 6482.557663,
        "runtime" : 720001,
        "total_ios" : 4667448,
        "short_ios" : 0,
        "drop_ios" : 0,
        "slat_ns" : {
          "min" : 13540,
          "max" : 11545950,
          "mean" : 41037.323663,
          "stddev" : 16324.782797,
          "N" : 4667448
        },
        "clat_ns" : {
          "min" : 102430,
          "max" : 11828520,
          "mean" : 575635.212069,
          "stddev" : 288333.507133,
          "N" : 4667448,
          "percentile" : {
            "1.000000" : 207872,
            "5.000000" : 325632,
            "10.000000" : 354304,
            "20.000000" : 378880,
            "30.000000" : 399360,
            "40.000000" : 423936,
            "50.000000" : 468992,
            "60.000000" : 552960,
            "70.000000" : 782336,
            "80.000000" : 806912,
            "90.000000" : 831488,
            "95.000000" : 847872,
            "99.000000" : 1630208,
            "99.500000" : 2113536,
            "99.900000" : 2637824,
            "99.950000" : 4292608,
            "99.990000" : 6651904
          }
        },
        "lat_ns" : {
          "min" : 132750,
          "max" : 11871270,
          "mean" : 616672.535732,
          "stddev" : 286738.376790,
          "N" : 4667448
        },
        "bw_min" : 4620288,
        "bw_max" : 8568832,
        "bw_agg" : 100.000000,
        "bw_mean" : 6639500.464211,
        "bw_dev" : 1676570.438201,
        "bw_samples" : 1439,
        "iops_min" : 4512,
        "iops_max" : 8368,
        "iops_mean" : 6483.856150,
        "iops_stddev" : 1637.269458,
        "iops_samples" : 1439
      },
      "trim" : {
        "io_bytes" : 0,
        "io_kbytes" : 0,
        "bw_bytes" : 0,
        "bw" : 0,
        "iops" : 0.000000,
        "runtime" : 0,
        "total_ios" : 0,
        "short_ios" : 0,
        "drop_ios" : 0,
        "slat_ns" : {
          "min" : 0,
          "max" : 0,
          "mean" : 0.000000,
          "stddev" : 0.000000,
          "N" : 0
        },
        "clat_ns" : {
          "min" : 0,
          "max" : 0,
          "mean" : 0.000000,
          "stddev" : 0.000000,
          "N" : 0
        },
        "lat_ns" : {
          "min" : 0,
          "max" : 0,
          "mean" : 0.000000,
          "stddev" : 0.000000,
          "N" : 0
        },
        "bw_min" : 0,
        "bw_max" : 0,
        "bw_agg" : 0.000000,
        "bw_mean" : 0.000000,
        "bw_dev" : 0.000000,
        "bw_samples" : 0,
        "iops_min" : 0,
        "iops_max" : 0,
        "iops_mean" : 0.000000,
        "iops_stddev" : 0.000000,
        "iops_samples" : 0
      },
      "sync" : {
        "total_ios" : 0,
        "lat_ns" : {
          "min" : 0,
          "max" : 0,
          "mean" : 0.000000,
          "stddev" : 0.000000,
          "N" : 0
        }
      },
      "job_runtime" : 720000,
      "usr_cpu" : 4.439583,
      "sys_cpu" : 24.100694,
      "ctx" : 4676833,
      "majf" : 0,
      "minf" : 1,
      "iodepth_level" : {
        "1" : 0.100000,
        "2" : 0.100000,
        "4" : 99.999936,
        "8" : 0.000000,
        "16" : 0.000000,
        "32" : 0.000000,
        ">=64" : 0.000000
      },
      "iodepth_submit" : {
        "0" : 0.000000,
        "4" : 100.000000,
        "8" : 0.000000,
        "16" : 0.000000,
        "32" : 0.000000,
        "64" : 0.000000,
        ">=64" : 0.000000
      },
      "iodepth_complete" : {
        "0" : 0.000000,
        "4" : 100.000000,
        "8" : 0.000000,
        "16" : 0.000000,
        "32" : 0.000000,
        "64" : 0.000000,
        ">=64" : 0.000000
      },
      "latency_ns" : {
        "2" : 0.000000,
        "4" : 0.000000,
        "10" : 0.000000,
        "20" : 0.000000,
        "50" : 0.000000,
        "100" : 0.000000,
        "250" : 0.000000,
        "500" : 0.000000,
        "750" : 0.000000,
        "1000" : 0.000000
      },
      "latency_us" : {
        "2" : 0.000000,
        "4" : 0.000000,
        "10" : 0.000000,
        "20" : 0.000000,
        "50" : 0.000000,
        "100" : 0.000000,
        "250" : 1.821702,
        "500" : 52.586167,
        "750" : 11.579304,
        "1000" : 32.437598
      },
      "latency_ms" : {
        "2" : 0.954397,
        "4" : 0.570569,
        "10" : 0.050134,
        "20" : 0.010000,
        "50" : 0.000000,
        "100" : 0.000000,
        "250" : 0.000000,
        "500" : 0.000000,
        "750" : 0.000000,
        "1000" : 0.000000,
        "2000" : 0.000000,
        ">=2000" : 0.000000
      },
      "latency_depth" : 4,
      "latency_target" : 0,
      "latency_percentile" : 100.000000,
      "latency_window" : 0
    }
  ],
  "disk_util" : [
    {
      "name" : "nvme3n1",
      "read_ios" : 0,
      "write_ios" : 37333027,
      "read_sectors" : 0,
      "write_sectors" : 9557217568,
      "read_merges" : 0,
      "write_merges" : 463,
      "read_ticks" : 0,
      "write_ticks" : 19392202,
      "in_queue" : 19392201,
      "util" : 92.032595
    }
  ]
}
