{
  "fio version" : "fio-3.33",
  "timestamp" : 1755890296,
  "timestamp_ms" : 1755890296685,
  "time" : "Fri Aug 22 19:18:16 2025",
  "global options" : {
    "ioengine" : "libaio",
    "direct" : "1",
    "thread" : "1",
    "group_reporting" : "1",
    "time_based" : "1",
    "runtime" : "720"
  },
  "jobs" : [
    {
      "jobname" : "solana-snapshot-write",
      "groupid" : 0,
      "error" : 0,
      "eta" : 0,
      "elapsed" : 721,
      "job options" : {
        "name" : "solana-snapshot-write",
        "rw" : "write",
        "bs" : "1M",
        "size" : "100G",
        "iodepth" : "4",
        "filename" : "/mnt/ext4/snapshot.dat"
      },
      "read" : {
        "io_bytes" : 0,
        "io_kbytes" : 0,
        "bw_bytes" : 0,
        "bw" : 0,
        "iops" : 0.000000,
        "runtime" : 0,
        "total_ios" : 0,
        "short_ios" : 0,
        "drop_ios" : 0,
        "slat_ns" : {
          "min" : 0,
          "max" : 0,
          "mean" : 0.000000,
          "stddev" : 0.000000,
          "N" : 0
        },
        "clat_ns" : {
          "min" : 0,
          "max" : 0,
          "mean" : 0.000000,
          "stddev" : 0.000000,
          "N" : 0
        },
        "lat_ns" : {
          "min" : 0,
          "max" : 0,
          "mean" : 0.000000,
          "stddev" : 0.000000,
          "N" : 0
        },
        "bw_min" : 0,
        "bw_max" : 0,
        "bw_agg" : 0.000000,
        "bw_mean" : 0.000000,
        "bw_dev" : 0.000000,
        "bw_samples" : 0,
        "iops_min" : 0,
        "iops_max" : 0,
        "iops_mean" : 0.000000,
        "iops_stddev" : 0.000000,
        "iops_samples" : 0
      },
      "write" : {
        "io_bytes" : 6064868163584,
        "io_kbytes" : 5922722816,
        "bw_bytes" : 8423416305,
        "bw" : 8225992,
        "iops" : 8033.195787,
        "runtime" : 720001,
        "total_ios" : 5783909,
        "short_ios" : 0,
        "drop_ios" : 0,
        "slat_ns" : {
          "min" : 8120,
          "max" : 639284,
          "mean" : 11664.160355,
          "stddev" : 1922.671808,
          "N" : 5783909
        },
        "clat_ns" : {
          "min" : 112501,
          "max" : 11332011,
          "mean" : 485927.527518,
          "stddev" : 245576.503963,
          "N" : 5783909,
          "percentile" : {
            "1.000000" : 240640,
            "5.000000" : 362496,
            "10.000000" : 378880,
            "20.000000" : 399360,
            "30.000000" : 419840,
            "40.000000" : 432128,
            "50.000000" : 432128,
            "60.000000" : 448512,
            "70.000000" : 485376,
            "80.000000" : 528384,
            "90.000000" : 602112,
            "95.000000" : 692224,
            "99.000000" : 1515520,
            "99.500000" : 2179072,
            "99.900000" : 2932736,
            "99.950000" : 3850240,
            "99.990000" : 6717440
          }
        },
        "lat_ns" : {
          "min" : 124161,
          "max" : 11343021,
          "mean" : 497591.687874,
          "stddev" : 245561.932239,
          "N" : 5783909
        },
        "bw_min" : 7356416,
        "bw_max" : 8669184,
        "bw_agg" : 100.000000,
        "bw_mean" : 8229912.068103,
        "bw_dev" : 360338.162346,
        "bw_samples" : 1439,
        "iops_min" : 7184,
        "iops_max" : 8466,
        "iops_mean" : 8036.935372,
        "iops_stddev" : 351.898545,
        "iops_samples" : 1439
      },
      "trim" : {
        "io_bytes" : 0,
        "io_kbytes" : 0,
        "bw_bytes" : 0,
        "bw" : 0,
        "iops" : 0.000000,
        "runtime" : 0,
        "total_ios" : 0,
        "short_ios" : 0,
        "drop_ios" : 0,
        "slat_ns" : {
          "min" : 0,
          "max" : 0,
          "mean" : 0.000000,
          "stddev" : 0.000000,
          "N" : 0
        },
        "clat_ns" : {
          "min" : 0,
          "max" : 0,
          "mean" : 0.000000,
          "stddev" : 0.000000,
          "N" : 0
        },
        "lat_ns" : {
          "min" : 0,
          "max" : 0,
          "mean" : 0.000000,
          "stddev" : 0.000000,
          "N" : 0
        },
        "bw_min" : 0,
        "bw_max" : 0,
        "bw_agg" : 0.000000,
        "bw_mean" : 0.000000,
        "bw_dev" : 0.000000,
        "bw_samples" : 0,
        "iops_min" : 0,
        "iops_max" : 0,
        "iops_mean" : 0.000000,
        "iops_stddev" : 0.000000,
        "iops_samples" : 0
      },
      "sync" : {
        "total_ios" : 0,
        "lat_ns" : {
          "min" : 0,
          "max" : 0,
          "mean" : 0.000000,
          "stddev" : 0.000000,
          "N" : 0
        }
      },
      "job_runtime" : 720000,
      "usr_cpu" : 4.215694,
      "sys_cpu" : 6.425833,
      "ctx" : 5784761,
      "majf" : 0,
      "minf" : 1,
      "iodepth_level" : {
        "1" : 0.100000,
        "2" : 0.100000,
        "4" : 99.999948,
        "8" : 0.000000,
        "16" : 0.000000,
        "32" : 0.000000,
        ">=64" : 0.000000
      },
      "iodepth_submit" : {
        "0" : 0.000000,
        "4" : 100.000000,
        "8" : 0.000000,
        "16" : 0.000000,
        "32" : 0.000000,
        "64" : 0.000000,
        ">=64" : 0.000000
      },
      "iodepth_complete" : {
        "0" : 0.000000,
        "4" : 100.000000,
        "8" : 0.000000,
        "16" : 0.000000,
        "32" : 0.000000,
        "64" : 0.000000,
        ">=64" : 0.000000
      },
      "latency_ns" : {
        "2" : 0.000000,
        "4" : 0.000000,
        "10" : 0.000000,
        "20" : 0.000000,
        "50" : 0.000000,
        "100" : 0.000000,
        "250" : 0.000000,
        "500" : 0.000000,
        "750" : 0.000000,
        "1000" : 0.000000
      },
      "latency_us" : {
        "2" : 0.000000,
        "4" : 0.000000,
        "10" : 0.000000,
        "20" : 0.000000,
        "50" : 0.000000,
        "100" : 0.000000,
        "250" : 1.131674,
        "500" : 72.738800,
        "750" : 22.924635,
        "1000" : 1.628812
      },
      "latency_ms" : {
        "2" : 0.938639,
        "4" : 0.588166,
        "10" : 0.049223,
        "20" : 0.010000,
        "50" : 0.000000,
        "100" : 0.000000,
        "250" : 0.000000,
        "500" : 0.000000,
        "750" : 0.000000,
        "1000" : 0.000000,
        "2000" : 0.000000,
        ">=2000" : 0.000000
      },
      "latency_depth" : 4,
      "latency_target" : 0,
      "latency_percentile" : 100.000000,
      "latency_window" : 0
    }
  ],
  "disk_util" : [
    {
      "name" : "nvme0n1",
      "read_ios" : 0,
      "write_ios" : 46263123,
      "read_merges" : 0,
      "write_merges" : 1248,
      "read_ticks" : 0,
      "write_ticks" : 20076068,
      "in_queue" : 20076068,
      "util" : 95.591248
    }
  ]
}
