{
  "fio version" : "fio-3.39",
  "timestamp" : 1764087486,
  "timestamp_ms" : 1764087486700,
  "time" : "Tue Nov 25 16:18:06 2025",
  "global options" : {
    "ioengine" : "libaio",
    "direct" : "1",
    "thread" : "1",
    "group_reporting" : "1",
    "time_based" : "1",
    "runtime" : "720"
  },
  "jobs" : [
    {
      "jobname" : "solana-snapshot-write",
      "groupid" : 0,
      "job_start" : 1764086766377,
      "error" : 0,
      "eta" : 0,
      "elapsed" : 721,
      "job options" : {
        "name" : "solana-snapshot-write",
        "rw" : "write",
        "bs" : "1M",
        "size" : "100G",
        "iodepth" : "4",
        "filename" : "/mnt/ext4/snapshot.dat"
      },
      "read" : {
        "io_bytes" : 0,
        "io_kbytes" : 0,
        "bw_bytes" : 0,
        "bw" : 0,
        "iops" : 0.000000,
        "runtime" : 0,
        "total_ios" : 0,
        "short_ios" : 0,
        "drop_ios" : 0,
        "slat_ns" : {
          "min" : 0,
          "max" : 0,
          "mean" : 0.000000,
          "stddev" : 0.000000,
          "N" : 0
        },
        "clat_ns" : {
          "min" : 0,
          "max" : 0,
          "mean" : 0.000000,
          "stddev" : 0.000000,
          "N" : 0
        },
        "lat_ns" : {
          "min" : 0,
          "max" : 0,
          "mean" : 0.000000,
          "stddev" : 0.000000,
          "N" : 0
        },
        "bw_min" : 0,
        "bw_max" : 0,
        "bw_agg" : 0.000000,
        "bw_mean" : 0.000000,
        "bw_dev" : 0.000000,
        "bw_samples" : 0,
        "iops_min" : 0,
        "iops_max" : 0,
        "iops_mean" : 0.000000,
        "iops_stddev" : 0.000000,
        "iops_samples" : 0
      },
      "write" : {
        "io_bytes" : 6017610940416,
        "io_kbytes" : 5876573184,
        "bw_bytes" : 8357781364,
        "bw" : 8161895,
        "iops" : 7970.601430,
        "runtime" : 720001,
        "total_ios" : 5738841,
        "short_ios" : 0,
        "drop_ios" : 0,
        "slat_ns" : {
          "min" : 13240,
          "max" : 322070,
          "mean" : 42692.547254,
          "stddev" : 16917.953020,
          "N" : 5738841
        },
        "clat_ns" : {
          "min" : 104970,
          "max" : 10395250,
          "mean" : 458767.439770,
          "stddev" : 271324.088228,
          "N" : 5738841,
          "percentile" : {
            "1.000000" : 191488,
            "5.000000" : 309248,
            "10.000000" : 337920,
            "20.000000" : 362496,
            "30.000000" : 378880,
            "40.000000" : 395264,
            "50.000000" : 407552,
            "60.000000" : 428032,
            "70.000000" : 456704,
            "80.000000" : 497664,
            "90.000000" : 569344,
            "95.000000" : 651264,
            "99.000000" : 1925120,
            "99.500000" : 2211840,
            "99.900000" : 2834432,
            "99.950000" : 4177920,
            "99.990000" : 6717440
          }
        },
        "lat_ns" : {
          "min" : 179400,
          "max" : 10413640,
          "mean" : 501459.987023,
          "stddev" : 270245.460652,
          "N" : 5738841
        },
        "bw_min" : 7176192,
        "bw_max" : 8597504,
        "bw_agg" : 100.000000,
        "bw_mean" : 8164008.168750,
        "bw_dev" : 356061.587655,
        "bw_samples" : 1440,
        "iops_min" : 7008,
        "iops_max" : 8396,
        "iops_mean" : 7972.598611,
        "iops_stddev" : 347.717893,
        "iops_samples" : 1440
      },
      "trim" : {
        "io_bytes" : 0,
        "io_kbytes" : 0,
        "bw_bytes" : 0,
        "bw" : 0,
        "iops" : 0.000000,
        "runtime" : 0,
        "total_ios" : 0,
        "short_ios" : 0,
        "drop_ios" : 0,
        "slat_ns" : {
          "min" : 0,
          "max" : 0,
          "mean" : 0.000000,
          "stddev" : 0.000000,
          "N" : 0
        },
        "clat_ns" : {
          "min" : 0,
          "max" : 0,
          "mean" : 0.000000,
          "stddev" : 0.000000,
          "N" : 0
        },
        "lat_ns" : {
          "min" : 0,
          "max" : 0,
          "mean" : 0.000000,
          "stddev" : 0.000000,
          "N" : 0
        },
        "bw_min" : 0,
        "bw_max" : 0,
        "bw_agg" : 0.000000,
        "bw_mean" : 0.000000,
        "bw_dev" : 0.000000,
        "bw_samples" : 0,
        "iops_min" : 0,
        "iops_max" : 0,
        "iops_mean" : 0.000000,
        "iops_stddev" : 0.000000,
        "iops_samples" : 0
      },
      "sync" : {
        "total_ios" : 0,
        "lat_ns" : {
          "min" : 0,
          "max" : 0,
          "mean" : 0.000000,
          "stddev" : 0.000000,
          "N" : 0
        }
      },
      "job_runtime" : 720000,
      "usr_cpu" : 5.587917,
      "sys_cpu" : 30.689583,
      "ctx" : 5750090,
      "majf" : 0,
      "minf" : 1,
      "iodepth_level" : {
        "1" : 0.100000,
        "2" : 0.100000,
        "4" : 99.999948,
        "8" : 0.000000,
        "16" : 0.000000,
        "32" : 0.000000,
        ">=64" : 0.000000
      },
      "iodepth_submit" : {
        "0" : 0.000000,
        "4" : 100.000000,
        "8" : 0.000000,
        "16" : 0.000000,
        "32" : 0.000000,
        "64" : 0.000000,
        ">=64" : 0.000000
      },
      "iodepth_complete" : {
        "0" : 0.000000,
        "4" : 100.000000,
        "8" : 0.000000,
        "16" : 0.000000,
        "32" : 0.000000,
        "64" : 0.000000,
        ">=64" : 0.000000
      },
      "latency_ns" : {
        "2" : 0.000000,
        "4" : 0.000000,
        "10" : 0.000000,
        "20" : 0.000000,
        "50" : 0.000000,
        "100" : 0.000000,
        "250" : 0.000000,
        "500" : 0.000000,
        "750" : 0.000000,
        "1000" : 0.000000
      },
      "latency_us" : {
        "2" : 0.000000,
        "4" : 0.000000,
        "10" : 0.000000,
        "20" : 0.000000,
        "50" : 0.000000,
        "100" : 0.000000,
        "250" : 2.635288,
        "500" : 77.646288,
        "750" : 17.030826,
        "1000" : 0.657990
      },
      "latency_ms" : {
        "2" : 1.173512,
        "4" : 0.805337,
        "10" : 0.050655,
        "20" : 0.010000,
        "50" : 0.000000,
        "100" : 0.000000,
        "250" : 0.000000,
        "500" : 0.000000,
        "750" : 0.000000,
        "1000" : 0.000000,
        "2000" : 0.000000,
        ">=2000" : 0.000000
      },
      "latency_depth" : 4,
      "latency_target" : 0,
      "latency_percentile" : 100.000000,
      "latency_window" : 0
    }
  ],
  "disk_util" : [
    {
      "name" : "nvme2n1",
      "read_ios" : 0,
      "write_ios" : 45899870,
      "read_sectors" : 0,
      "write_sectors" : 11750285792,
      "read_merges" : 0,
      "write_merges" : 1757,
      "read_ticks" : 0,
      "write_ticks" : 19081628,
      "in_queue" : 19081627,
      "util" : 91.135610
    }
  ]
}
