{
  "fio version" : "fio-3.33",
  "timestamp" : 1755191728,
  "timestamp_ms" : 1755191728602,
  "time" : "Thu Aug 14 17:15:28 2025",
  "global options" : {
    "ioengine" : "libaio",
    "direct" : "1",
    "thread" : "1",
    "time_based" : "1",
    "runtime" : "720",
    "group_reporting" : "1",
    "rw" : "randrw",
    "rwmixread" : "10",
    "bs" : "4k",
    "iodepth" : "1000",
    "numjobs" : "1000",
    "size" : "1M",
    "randrepeat" : "0",
    "norandommap" : "1"
  },
  "jobs" : [
    {
      "jobname" : "job1",
      "groupid" : 0,
      "error" : 0,
      "eta" : 0,
      "elapsed" : 721,
      "job options" : {
        "directory" : "/mnt/ext4"
      },
      "read" : {
        "io_bytes" : 493235101696,
        "io_kbytes" : 481674904,
        "bw_bytes" : 684988815,
        "bw" : 668934,
        "iops" : 167233.597616,
        "runtime" : 720063,
        "total_ios" : 120418726,
        "short_ios" : 0,
        "drop_ios" : 0,
        "slat_ns" : {
          "min" : 920,
          "max" : 74449887,
          "mean" : 592353.998832,
          "stddev" : 1319891.340073,
          "N" : 120418726
        },
        "clat_ns" : {
          "min" : 59371,
          "max" : 932651014,
          "mean" : 596427429.297429,
          "stddev" : 57314455.172782,
          "N" : 120418726,
          "percentile" : {
            "1.000000" : 455081984,
            "5.000000" : 509607936,
            "10.000000" : 530579456,
            "20.000000" : 549453824,
            "30.000000" : 566231040,
            "40.000000" : 583008256,
            "50.000000" : 599785472,
            "60.000000" : 608174080,
            "70.000000" : 624951296,
            "80.000000" : 641728512,
            "90.000000" : 666894336,
            "95.000000" : 683671552,
            "99.000000" : 725614592,
            "99.500000" : 742391808,
            "99.900000" : 775946240,
            "99.950000" : 792723456,
            "99.990000" : 817889280
          }
        },
        "lat_ns" : {
          "min" : 61491,
          "max" : 932654644,
          "mean" : 597019783.296260,
          "stddev" : 57357296.989209,
          "N" : 120418726
        },
        "bw_min" : 325248,
        "bw_max" : 1251720,
        "bw_agg" : 99.949115,
        "bw_mean" : 668594.164539,
        "bw_dev" : 97.494973,
        "bw_samples" : 1420292,
        "iops_min" : 80917,
        "iops_max" : 312569,
        "iops_mean" : 166778.752528,
        "iops_stddev" : 24.367589,
        "iops_samples" : 1420292
      },
      "write" : {
        "io_bytes" : 4438726885376,
        "io_kbytes" : 4334694224,
        "bw_bytes" : 6164359070,
        "bw" : 6019881,
        "iops" : 1504970.476194,
        "runtime" : 720063,
        "total_ios" : 1083673556,
        "short_ios" : 0,
        "drop_ios" : 0,
        "slat_ns" : {
          "min" : 1010,
          "max" : 83990414,
          "mean" : 596937.886099,
          "stddev" : 1358830.477474,
          "N" : 1083673556
        },
        "clat_ns" : {
          "min" : 744745,
          "max" : 940158334,
          "mean" : 597319786.329351,
          "stddev" : 57356324.258021,
          "N" : 1083673556,
          "percentile" : {
            "1.000000" : 455081984,
            "5.000000" : 509607936,
            "10.000000" : 530579456,
            "20.000000" : 557842432,
            "30.000000" : 566231040,
            "40.000000" : 583008256,
            "50.000000" : 599785472,
            "60.000000" : 608174080,
            "70.000000" : 624951296,
            "80.000000" : 641728512,
            "90.000000" : 666894336,
            "95.000000" : 692060160,
            "99.000000" : 725614592,
            "99.500000" : 742391808,
            "99.900000" : 775946240,
            "99.950000" : 792723456,
            "99.990000" : 817889280
          }
        },
        "lat_ns" : {
          "min" : 751765,
          "max" : 941606183,
          "mean" : 597916724.215451,
          "stddev" : 57397296.108028,
          "N" : 1083673556
        },
        "bw_min" : 3315688,
        "bw_max" : 11012304,
        "bw_agg" : 100.000000,
        "bw_mean" : 6020870.826207,
        "bw_dev" : 624.778831,
        "bw_samples" : 1420306,
        "iops_min" : 828543,
        "iops_max" : 2752701,
        "iops_mean" : 1504847.652336,
        "iops_stddev" : 156.185059,
        "iops_samples" : 1420306
      },
      "trim" : {
        "io_bytes" : 0,
        "io_kbytes" : 0,
        "bw_bytes" : 0,
        "bw" : 0,
        "iops" : 0.000000,
        "runtime" : 0,
        "total_ios" : 0,
        "short_ios" : 0,
        "drop_ios" : 0,
        "slat_ns" : {
          "min" : 0,
          "max" : 0,
          "mean" : 0.000000,
          "stddev" : 0.000000,
          "N" : 0
        },
        "clat_ns" : {
          "min" : 0,
          "max" : 0,
          "mean" : 0.000000,
          "stddev" : 0.000000,
          "N" : 0
        },
        "lat_ns" : {
          "min" : 0,
          "max" : 0,
          "mean" : 0.000000,
          "stddev" : 0.000000,
          "N" : 0
        },
        "bw_min" : 0,
        "bw_max" : 0,
        "bw_agg" : 0.000000,
        "bw_mean" : 0.000000,
        "bw_dev" : 0.000000,
        "bw_samples" : 0,
        "iops_min" : 0,
        "iops_max" : 0,
        "iops_mean" : 0.000000,
        "iops_stddev" : 0.000000,
        "iops_samples" : 0
      },
      "sync" : {
        "total_ios" : 0,
        "lat_ns" : {
          "min" : 0,
          "max" : 0,
          "mean" : 0.000000,
          "stddev" : 0.000000,
          "N" : 0
        }
      },
      "job_runtime" : 720042328,
      "usr_cpu" : 0.178995,
      "sys_cpu" : 5.465295,
      "ctx" : 1328277771,
      "majf" : 0,
      "minf" : 3665,
      "iodepth_level" : {
        "1" : 0.100000,
        "2" : 0.100000,
        "4" : 0.100000,
        "8" : 0.100000,
        "16" : 0.100000,
        "32" : 0.100000,
        ">=64" : 99.994768
      },
      "iodepth_submit" : {
        "0" : 0.000000,
        "4" : 100.000000,
        "8" : 0.000000,
        "16" : 0.000000,
        "32" : 0.000000,
        "64" : 0.000000,
        ">=64" : 0.000000
      },
      "iodepth_complete" : {
        "0" : 0.000000,
        "4" : 99.999917,
        "8" : 0.000000,
        "16" : 0.000000,
        "32" : 0.000000,
        "64" : 0.000000,
        ">=64" : 0.100000
      },
      "latency_ns" : {
        "2" : 0.000000,
        "4" : 0.000000,
        "10" : 0.000000,
        "20" : 0.000000,
        "50" : 0.000000,
        "100" : 0.000000,
        "250" : 0.000000,
        "500" : 0.000000,
        "750" : 0.000000,
        "1000" : 0.000000
      },
      "latency_us" : {
        "2" : 0.000000,
        "4" : 0.000000,
        "10" : 0.000000,
        "20" : 0.000000,
        "50" : 0.000000,
        "100" : 0.010000,
        "250" : 0.010000,
        "500" : 0.010000,
        "750" : 0.010000,
        "1000" : 0.010000
      },
      "latency_ms" : {
        "2" : 0.010000,
        "4" : 0.010000,
        "10" : 0.010000,
        "20" : 0.010000,
        "50" : 0.010000,
        "100" : 0.026541,
        "250" : 0.069773,
        "500" : 3.548593,
        "750" : 95.959099,
        "1000" : 0.388308,
        "2000" : 0.000000,
        ">=2000" : 0.000000
      },
      "latency_depth" : 1000,
      "latency_target" : 0,
      "latency_percentile" : 100.000000,
      "latency_window" : 0
    }
  ],
  "disk_util" : [
    {
      "name" : "nvme0n1",
      "read_ios" : 120385273,
      "write_ios" : 1083400521,
      "read_merges" : 0,
      "write_merges" : 9343,
      "read_ticks" : 395946627,
      "write_ticks" : -576791317,
      "in_queue" : -180844691,
      "util" : 77.414026
    }
  ]
}
