{
  "fio version" : "fio-3.39",
  "timestamp" : 1763997953,
  "timestamp_ms" : 1763997953089,
  "time" : "Mon Nov 24 15:25:53 2025",
  "global options" : {
    "ioengine" : "libaio",
    "direct" : "1",
    "thread" : "1",
    "time_based" : "1",
    "runtime" : "720",
    "group_reporting" : "1",
    "rw" : "randrw",
    "rwmixread" : "10",
    "bs" : "4k",
    "iodepth" : "1000",
    "numjobs" : "1000",
    "size" : "1M",
    "randrepeat" : "0",
    "norandommap" : "1"
  },
  "jobs" : [
    {
      "jobname" : "job1",
      "groupid" : 0,
      "job_start" : 1763997231619,
      "error" : 0,
      "eta" : 0,
      "elapsed" : 722,
      "job options" : {
        "directory" : "/mnt/xfs"
      },
      "read" : {
        "io_bytes" : 511247142912,
        "io_kbytes" : 499264788,
        "bw_bytes" : 709794374,
        "bw" : 693158,
        "iops" : 173289.642151,
        "runtime" : 720275,
        "total_ios" : 124816197,
        "short_ios" : 0,
        "drop_ios" : 0,
        "slat_ns" : {
          "min" : 2349,
          "max" : 166028016,
          "mean" : 572963.445505,
          "stddev" : 1253878.345575,
          "N" : 124816197
        },
        "clat_ns" : {
          "min" : 37620,
          "max" : 885574632,
          "mean" : 575388949.868425,
          "stddev" : 55995803.080302,
          "N" : 124816197,
          "percentile" : {
            "1.000000" : 446693376,
            "5.000000" : 488636416,
            "10.000000" : 509607936,
            "20.000000" : 530579456,
            "30.000000" : 549453824,
            "40.000000" : 566231040,
            "50.000000" : 574619648,
            "60.000000" : 591396864,
            "70.000000" : 599785472,
            "80.000000" : 616562688,
            "90.000000" : 641728512,
            "95.000000" : 658505728,
            "99.000000" : 700448768,
            "99.500000" : 708837376,
            "99.900000" : 742391808,
            "99.950000" : 750780416,
            "99.990000" : 775946240
          }
        },
        "lat_ns" : {
          "min" : 43850,
          "max" : 885658722,
          "mean" : 575961913.313931,
          "stddev" : 56040318.718076,
          "N" : 124816197
        },
        "bw_min" : 334324,
        "bw_max" : 1526370,
        "bw_agg" : 99.968324,
        "bw_mean" : 692939.529343,
        "bw_dev" : 101.298727,
        "bw_samples" : 1415318,
        "iops_min" : 83176,
        "iops_max" : 381218,
        "iops_mean" : 172869.862623,
        "iops_stddev" : 25.323160,
        "iops_samples" : 1415318
      },
      "write" : {
        "io_bytes" : 4601169891328,
        "io_kbytes" : 4493329972,
        "bw_bytes" : 6388073848,
        "bw" : 6238353,
        "iops" : 1559588.341953,
        "runtime" : 720275,
        "total_ios" : 1123332493,
        "short_ios" : 0,
        "drop_ios" : 0,
        "slat_ns" : {
          "min" : 2470,
          "max" : 165170508,
          "mean" : 574312.327600,
          "stddev" : 1255143.337660,
          "N" : 1123332493
        },
        "clat_ns" : {
          "min" : 4993024,
          "max" : 886182941,
          "mean" : 576245911.600287,
          "stddev" : 56021544.187550,
          "N" : 1123332493,
          "percentile" : {
            "1.000000" : 446693376,
            "5.000000" : 488636416,
            "10.000000" : 509607936,
            "20.000000" : 534773760,
            "30.000000" : 549453824,
            "40.000000" : 566231040,
            "50.000000" : 574619648,
            "60.000000" : 591396864,
            "70.000000" : 608174080,
            "80.000000" : 624951296,
            "90.000000" : 641728512,
            "95.000000" : 666894336,
            "99.000000" : 700448768,
            "99.500000" : 717225984,
            "99.900000" : 742391808,
            "99.950000" : 750780416,
            "99.990000" : 775946240
          }
        },
        "lat_ns" : {
          "min" : 4995754,
          "max" : 888838482,
          "mean" : 576820223.927888,
          "stddev" : 56064060.334024,
          "N" : 1123332493
        },
        "bw_min" : 3473603,
        "bw_max" : 13423699,
        "bw_agg" : 100.000000,
        "bw_mean" : 6240322.451611,
        "bw_dev" : 661.835940,
        "bw_samples" : 1415322,
        "iops_min" : 868028,
        "iops_max" : 3355577,
        "iops_mean" : 1559715.513074,
        "iops_stddev" : 165.454667,
        "iops_samples" : 1415322
      },
      "trim" : {
        "io_bytes" : 0,
        "io_kbytes" : 0,
        "bw_bytes" : 0,
        "bw" : 0,
        "iops" : 0.000000,
        "runtime" : 0,
        "total_ios" : 0,
        "short_ios" : 0,
        "drop_ios" : 0,
        "slat_ns" : {
          "min" : 0,
          "max" : 0,
          "mean" : 0.000000,
          "stddev" : 0.000000,
          "N" : 0
        },
        "clat_ns" : {
          "min" : 0,
          "max" : 0,
          "mean" : 0.000000,
          "stddev" : 0.000000,
          "N" : 0
        },
        "lat_ns" : {
          "min" : 0,
          "max" : 0,
          "mean" : 0.000000,
          "stddev" : 0.000000,
          "N" : 0
        },
        "bw_min" : 0,
        "bw_max" : 0,
        "bw_agg" : 0.000000,
        "bw_mean" : 0.000000,
        "bw_dev" : 0.000000,
        "bw_samples" : 0,
        "iops_min" : 0,
        "iops_max" : 0,
        "iops_mean" : 0.000000,
        "iops_stddev" : 0.000000,
        "iops_samples" : 0
      },
      "sync" : {
        "total_ios" : 0,
        "lat_ns" : {
          "min" : 0,
          "max" : 0,
          "mean" : 0.000000,
          "stddev" : 0.000000,
          "N" : 0
        }
      },
      "job_runtime" : 720046817,
      "usr_cpu" : 0.290418,
      "sys_cpu" : 5.427604,
      "ctx" : 1204319439,
      "majf" : 0,
      "minf" : 3794,
      "iodepth_level" : {
        "1" : 0.100000,
        "2" : 0.100000,
        "4" : 0.100000,
        "8" : 0.100000,
        "16" : 0.100000,
        "32" : 0.100000,
        ">=64" : 99.994953
      },
      "iodepth_submit" : {
        "0" : 0.000000,
        "4" : 100.000000,
        "8" : 0.000000,
        "16" : 0.000000,
        "32" : 0.000000,
        "64" : 0.000000,
        ">=64" : 0.000000
      },
      "iodepth_complete" : {
        "0" : 0.000000,
        "4" : 99.999920,
        "8" : 0.000000,
        "16" : 0.000000,
        "32" : 0.000000,
        "64" : 0.000000,
        ">=64" : 0.100000
      },
      "latency_ns" : {
        "2" : 0.000000,
        "4" : 0.000000,
        "10" : 0.000000,
        "20" : 0.000000,
        "50" : 0.000000,
        "100" : 0.000000,
        "250" : 0.000000,
        "500" : 0.000000,
        "750" : 0.000000,
        "1000" : 0.000000
      },
      "latency_us" : {
        "2" : 0.000000,
        "4" : 0.000000,
        "10" : 0.000000,
        "20" : 0.000000,
        "50" : 0.010000,
        "100" : 0.010000,
        "250" : 0.010000,
        "500" : 0.010000,
        "750" : 0.010000,
        "1000" : 0.010000
      },
      "latency_ms" : {
        "2" : 0.010000,
        "4" : 0.010000,
        "10" : 0.010000,
        "20" : 0.010000,
        "50" : 0.016234,
        "100" : 0.041337,
        "250" : 0.097540,
        "500" : 6.942379,
        "750" : 92.840434,
        "1000" : 0.057953,
        "2000" : 0.000000,
        ">=2000" : 0.000000
      },
      "latency_depth" : 1000,
      "latency_target" : 0,
      "latency_percentile" : 100.000000,
      "latency_window" : 0
    }
  ],
  "disk_util" : [
    {
      "name" : "nvme3n1",
      "read_ios" : 124784387,
      "write_ios" : 1123044194,
      "read_sectors" : 998275096,
      "write_sectors" : 8984379352,
      "read_merges" : 0,
      "write_merges" : 32,
      "read_ticks" : 4699011143,
      "write_ticks" : 42434814962,
      "in_queue" : 47133826105,
      "util" : 83.453185
    }
  ]
}
