{
  "fio version" : "fio-3.39",
  "timestamp" : 1763991170,
  "timestamp_ms" : 1763991170585,
  "time" : "Mon Nov 24 13:32:50 2025",
  "global options" : {
    "ioengine" : "libaio",
    "direct" : "1",
    "thread" : "1",
    "time_based" : "1",
    "runtime" : "720",
    "group_reporting" : "1",
    "rw" : "randrw",
    "rwmixread" : "10",
    "bs" : "4k",
    "iodepth" : "1000",
    "numjobs" : "1000",
    "size" : "1M",
    "randrepeat" : "0",
    "norandommap" : "1"
  },
  "jobs" : [
    {
      "jobname" : "job1",
      "groupid" : 0,
      "job_start" : 1763990449385,
      "error" : 0,
      "eta" : 0,
      "elapsed" : 722,
      "job options" : {
        "directory" : "/mnt/xfs"
      },
      "read" : {
        "io_bytes" : 510722105344,
        "io_kbytes" : 498752056,
        "bw_bytes" : 709083154,
        "bw" : 692464,
        "iops" : 173116.004426,
        "runtime" : 720257,
        "total_ios" : 124688014,
        "short_ios" : 0,
        "drop_ios" : 0,
        "slat_ns" : {
          "min" : 2400,
          "max" : 135202212,
          "mean" : 573831.890536,
          "stddev" : 1355097.288743,
          "N" : 124688014
        },
        "clat_ns" : {
          "min" : 141150,
          "max" : 921168157,
          "mean" : 575846099.629536,
          "stddev" : 62006785.622462,
          "N" : 124688014,
          "percentile" : {
            "1.000000" : 408944640,
            "5.000000" : 476053504,
            "10.000000" : 501219328,
            "20.000000" : 530579456,
            "30.000000" : 549453824,
            "40.000000" : 566231040,
            "50.000000" : 574619648,
            "60.000000" : 591396864,
            "70.000000" : 608174080,
            "80.000000" : 624951296,
            "90.000000" : 650117120,
            "95.000000" : 666894336,
            "99.000000" : 708837376,
            "99.500000" : 725614592,
            "99.900000" : 759169024,
            "99.950000" : 767557632,
            "99.990000" : 792723456
          }
        },
        "lat_ns" : {
          "min" : 145160,
          "max" : 921174487,
          "mean" : 576419931.520070,
          "stddev" : 62055230.435649,
          "N" : 124688014
        },
        "bw_min" : 333839,
        "bw_max" : 1462819,
        "bw_agg" : 99.969815,
        "bw_mean" : 692255.387558,
        "bw_dev" : 106.170003,
        "bw_samples" : 1415678,
        "iops_min" : 83068,
        "iops_max" : 365344,
        "iops_mean" : 172701.151674,
        "iops_stddev" : 26.539394,
        "iops_samples" : 1415678
      },
      "write" : {
        "io_bytes" : 4596532273152,
        "io_kbytes" : 4488801048,
        "bw_bytes" : 6381794655,
        "bw" : 6232221,
        "iops" : 1558055.335804,
        "runtime" : 720257,
        "total_ios" : 1122200262,
        "short_ios" : 0,
        "drop_ios" : 0,
        "slat_ns" : {
          "min" : 2530,
          "max" : 142694090,
          "mean" : 575235.860119,
          "stddev" : 1356342.180185,
          "N" : 1122200262
        },
        "clat_ns" : {
          "min" : 640879,
          "max" : 921175877,
          "mean" : 576846440.934947,
          "stddev" : 62055100.238281,
          "N" : 1122200262,
          "percentile" : {
            "1.000000" : 413138944,
            "5.000000" : 476053504,
            "10.000000" : 505413632,
            "20.000000" : 530579456,
            "30.000000" : 549453824,
            "40.000000" : 566231040,
            "50.000000" : 583008256,
            "60.000000" : 591396864,
            "70.000000" : 608174080,
            "80.000000" : 624951296,
            "90.000000" : 650117120,
            "95.000000" : 675282944,
            "99.000000" : 708837376,
            "99.500000" : 725614592,
            "99.900000" : 759169024,
            "99.950000" : 767557632,
            "99.990000" : 801112064
          }
        },
        "lat_ns" : {
          "min" : 645029,
          "max" : 921180717,
          "mean" : 577421676.795064,
          "stddev" : 62103197.739165,
          "N" : 1122200262
        },
        "bw_min" : 3452502,
        "bw_max" : 12865163,
        "bw_agg" : 100.000000,
        "bw_mean" : 6234238.152488,
        "bw_dev" : 722.677056,
        "bw_samples" : 1415692,
        "iops_min" : 862740,
        "iops_max" : 3215931,
        "iops_mean" : 1558195.628582,
        "iops_stddev" : 180.665328,
        "iops_samples" : 1415692
      },
      "trim" : {
        "io_bytes" : 0,
        "io_kbytes" : 0,
        "bw_bytes" : 0,
        "bw" : 0,
        "iops" : 0.000000,
        "runtime" : 0,
        "total_ios" : 0,
        "short_ios" : 0,
        "drop_ios" : 0,
        "slat_ns" : {
          "min" : 0,
          "max" : 0,
          "mean" : 0.000000,
          "stddev" : 0.000000,
          "N" : 0
        },
        "clat_ns" : {
          "min" : 0,
          "max" : 0,
          "mean" : 0.000000,
          "stddev" : 0.000000,
          "N" : 0
        },
        "lat_ns" : {
          "min" : 0,
          "max" : 0,
          "mean" : 0.000000,
          "stddev" : 0.000000,
          "N" : 0
        },
        "bw_min" : 0,
        "bw_max" : 0,
        "bw_agg" : 0.000000,
        "bw_mean" : 0.000000,
        "bw_dev" : 0.000000,
        "bw_samples" : 0,
        "iops_min" : 0,
        "iops_max" : 0,
        "iops_mean" : 0.000000,
        "iops_stddev" : 0.000000,
        "iops_samples" : 0
      },
      "sync" : {
        "total_ios" : 0,
        "lat_ns" : {
          "min" : 0,
          "max" : 0,
          "mean" : 0.000000,
          "stddev" : 0.000000,
          "N" : 0
        }
      },
      "job_runtime" : 720050451,
      "usr_cpu" : 0.288883,
      "sys_cpu" : 5.439608,
      "ctx" : 1212302637,
      "majf" : 0,
      "minf" : 3778,
      "iodepth_level" : {
        "1" : 0.100000,
        "2" : 0.100000,
        "4" : 0.100000,
        "8" : 0.100000,
        "16" : 0.100000,
        "32" : 0.100000,
        ">=64" : 99.994947
      },
      "iodepth_submit" : {
        "0" : 0.000000,
        "4" : 100.000000,
        "8" : 0.000000,
        "16" : 0.000000,
        "32" : 0.000000,
        "64" : 0.000000,
        ">=64" : 0.000000
      },
      "iodepth_complete" : {
        "0" : 0.000000,
        "4" : 99.999920,
        "8" : 0.000000,
        "16" : 0.000000,
        "32" : 0.000000,
        "64" : 0.000000,
        ">=64" : 0.100000
      },
      "latency_ns" : {
        "2" : 0.000000,
        "4" : 0.000000,
        "10" : 0.000000,
        "20" : 0.000000,
        "50" : 0.000000,
        "100" : 0.000000,
        "250" : 0.000000,
        "500" : 0.000000,
        "750" : 0.000000,
        "1000" : 0.000000
      },
      "latency_us" : {
        "2" : 0.000000,
        "4" : 0.000000,
        "10" : 0.000000,
        "20" : 0.000000,
        "50" : 0.000000,
        "100" : 0.000000,
        "250" : 0.010000,
        "500" : 0.000000,
        "750" : 0.010000,
        "1000" : 0.010000
      },
      "latency_ms" : {
        "2" : 0.010000,
        "4" : 0.010000,
        "10" : 0.010000,
        "20" : 0.010000,
        "50" : 0.011995,
        "100" : 0.032166,
        "250" : 0.095254,
        "500" : 8.994360,
        "750" : 90.707779,
        "1000" : 0.154595,
        "2000" : 0.000000,
        ">=2000" : 0.000000
      },
      "latency_depth" : 1000,
      "latency_target" : 0,
      "latency_percentile" : 100.000000,
      "latency_window" : 0
    }
  ],
  "disk_util" : [
    {
      "name" : "nvme3n1",
      "read_ios" : 124650872,
      "write_ios" : 1121864517,
      "read_sectors" : 997206984,
      "write_sectors" : 8974940464,
      "read_merges" : 0,
      "write_merges" : 32,
      "read_ticks" : 4695741950,
      "write_ticks" : 42421131050,
      "in_queue" : 47116873000,
      "util" : 83.917250
    }
  ]
}
