{
  "fio version" : "fio-3.39",
  "timestamp" : 1763997229,
  "timestamp_ms" : 1763997229775,
  "time" : "Mon Nov 24 15:13:49 2025",
  "global options" : {
    "ioengine" : "libaio",
    "direct" : "1",
    "thread" : "1",
    "time_based" : "1",
    "runtime" : "720",
    "group_reporting" : "1",
    "rw" : "randrw",
    "rwmixread" : "10",
    "bs" : "4k",
    "iodepth" : "1000",
    "numjobs" : "1000",
    "size" : "1M",
    "randrepeat" : "0",
    "norandommap" : "1"
  },
  "jobs" : [
    {
      "jobname" : "job1",
      "groupid" : 0,
      "job_start" : 1763996508516,
      "error" : 0,
      "eta" : 0,
      "elapsed" : 722,
      "job options" : {
        "directory" : "/mnt/ext4"
      },
      "read" : {
        "io_bytes" : 473403297792,
        "io_kbytes" : 462307908,
        "bw_bytes" : 657350285,
        "bw" : 641943,
        "iops" : 160485.909557,
        "runtime" : 720169,
        "total_ios" : 115576977,
        "short_ios" : 0,
        "drop_ios" : 0,
        "slat_ns" : {
          "min" : 2450,
          "max" : 190338531,
          "mean" : 623417.029782,
          "stddev" : 1484318.717016,
          "N" : 115576977
        },
        "clat_ns" : {
          "min" : 90990,
          "max" : 1000410815,
          "mean" : 621258549.641012,
          "stddev" : 58481901.654102,
          "N" : 115576977,
          "percentile" : {
            "1.000000" : 484442112,
            "5.000000" : 530579456,
            "10.000000" : 549453824,
            "20.000000" : 574619648,
            "30.000000" : 591396864,
            "40.000000" : 608174080,
            "50.000000" : 624951296,
            "60.000000" : 633339904,
            "70.000000" : 650117120,
            "80.000000" : 666894336,
            "90.000000" : 692060160,
            "95.000000" : 708837376,
            "99.000000" : 750780416,
            "99.500000" : 767557632,
            "99.900000" : 801112064,
            "99.950000" : 817889280,
            "99.990000" : 851443712
          }
        },
        "lat_ns" : {
          "min" : 102830,
          "max" : 1000417355,
          "mean" : 621881966.670795,
          "stddev" : 58527980.097353,
          "N" : 115576977
        },
        "bw_min" : 331571,
        "bw_max" : 1305661,
        "bw_agg" : 99.956595,
        "bw_mean" : 641665.928869,
        "bw_dev" : 94.819268,
        "bw_samples" : 1417725,
        "iops_min" : 82507,
        "iops_max" : 326062,
        "iops_mean" : 160055.649547,
        "iops_stddev" : 23.704879,
        "iops_samples" : 1417725
      },
      "write" : {
        "io_bytes" : 4260728168448,
        "io_kbytes" : 4160867352,
        "bw_bytes" : 5916289327,
        "bw" : 5777626,
        "iops" : 1444406.574012,
        "runtime" : 720169,
        "total_ios" : 1040216838,
        "short_ios" : 0,
        "drop_ios" : 0,
        "slat_ns" : {
          "min" : 2640,
          "max" : 198268214,
          "mean" : 619989.315706,
          "stddev" : 1439316.052679,
          "N" : 1040216838
        },
        "clat_ns" : {
          "min" : 681029,
          "max" : 1001933744,
          "mean" : 622290259.771757,
          "stddev" : 58523138.339549,
          "N" : 1040216838,
          "percentile" : {
            "1.000000" : 484442112,
            "5.000000" : 534773760,
            "10.000000" : 557842432,
            "20.000000" : 574619648,
            "30.000000" : 591396864,
            "40.000000" : 608174080,
            "50.000000" : 624951296,
            "60.000000" : 633339904,
            "70.000000" : 650117120,
            "80.000000" : 666894336,
            "90.000000" : 692060160,
            "95.000000" : 717225984,
            "99.000000" : 750780416,
            "99.500000" : 767557632,
            "99.900000" : 801112064,
            "99.950000" : 817889280,
            "99.990000" : 851443712
          }
        },
        "lat_ns" : {
          "min" : 691849,
          "max" : 1003120293,
          "mean" : 622910249.087462,
          "stddev" : 58565964.928371,
          "N" : 1040216838
        },
        "bw_min" : 3461584,
        "bw_max" : 11470949,
        "bw_agg" : 100.000000,
        "bw_mean" : 5779065.787632,
        "bw_dev" : 601.624874,
        "bw_samples" : 1417736,
        "iops_min" : 865042,
        "iops_max" : 2867373,
        "iops_mean" : 1444408.131206,
        "iops_stddev" : 150.400817,
        "iops_samples" : 1417736
      },
      "trim" : {
        "io_bytes" : 0,
        "io_kbytes" : 0,
        "bw_bytes" : 0,
        "bw" : 0,
        "iops" : 0.000000,
        "runtime" : 0,
        "total_ios" : 0,
        "short_ios" : 0,
        "drop_ios" : 0,
        "slat_ns" : {
          "min" : 0,
          "max" : 0,
          "mean" : 0.000000,
          "stddev" : 0.000000,
          "N" : 0
        },
        "clat_ns" : {
          "min" : 0,
          "max" : 0,
          "mean" : 0.000000,
          "stddev" : 0.000000,
          "N" : 0
        },
        "lat_ns" : {
          "min" : 0,
          "max" : 0,
          "mean" : 0.000000,
          "stddev" : 0.000000,
          "N" : 0
        },
        "bw_min" : 0,
        "bw_max" : 0,
        "bw_agg" : 0.000000,
        "bw_mean" : 0.000000,
        "bw_dev" : 0.000000,
        "bw_samples" : 0,
        "iops_min" : 0,
        "iops_max" : 0,
        "iops_mean" : 0.000000,
        "iops_stddev" : 0.000000,
        "iops_samples" : 0
      },
      "sync" : {
        "total_ios" : 0,
        "lat_ns" : {
          "min" : 0,
          "max" : 0,
          "mean" : 0.000000,
          "stddev" : 0.000000,
          "N" : 0
        }
      },
      "job_runtime" : 720046093,
      "usr_cpu" : 0.267306,
      "sys_cpu" : 5.344235,
      "ctx" : 1230190800,
      "majf" : 0,
      "minf" : 3796,
      "iodepth_level" : {
        "1" : 0.100000,
        "2" : 0.100000,
        "4" : 0.100000,
        "8" : 0.100000,
        "16" : 0.100000,
        "32" : 0.100000,
        ">=64" : 99.994549
      },
      "iodepth_submit" : {
        "0" : 0.000000,
        "4" : 100.000000,
        "8" : 0.000000,
        "16" : 0.000000,
        "32" : 0.000000,
        "64" : 0.000000,
        ">=64" : 0.000000
      },
      "iodepth_complete" : {
        "0" : 0.000000,
        "4" : 99.999913,
        "8" : 0.000000,
        "16" : 0.000000,
        "32" : 0.000000,
        "64" : 0.000000,
        ">=64" : 0.100000
      },
      "latency_ns" : {
        "2" : 0.000000,
        "4" : 0.000000,
        "10" : 0.000000,
        "20" : 0.000000,
        "50" : 0.000000,
        "100" : 0.000000,
        "250" : 0.000000,
        "500" : 0.000000,
        "750" : 0.000000,
        "1000" : 0.000000
      },
      "latency_us" : {
        "2" : 0.000000,
        "4" : 0.000000,
        "10" : 0.000000,
        "20" : 0.000000,
        "50" : 0.000000,
        "100" : 0.010000,
        "250" : 0.010000,
        "500" : 0.010000,
        "750" : 0.010000,
        "1000" : 0.010000
      },
      "latency_ms" : {
        "2" : 0.010000,
        "4" : 0.010000,
        "10" : 0.010000,
        "20" : 0.010000,
        "50" : 0.010000,
        "100" : 0.031224,
        "250" : 0.099124,
        "500" : 1.395361,
        "750" : 97.248409,
        "1000" : 1.218585,
        "2000" : 0.010000,
        ">=2000" : 0.000000
      },
      "latency_depth" : 1000,
      "latency_target" : 0,
      "latency_percentile" : 100.000000,
      "latency_window" : 0
    }
  ],
  "disk_util" : [
    {
      "name" : "nvme2n1",
      "read_ios" : 115557491,
      "write_ios" : 1040067413,
      "read_sectors" : 924459928,
      "write_sectors" : 8374963680,
      "read_merges" : 0,
      "write_merges" : 9335,
      "read_ticks" : 4687808720,
      "write_ticks" : 42366707845,
      "in_queue" : 47054516566,
      "util" : 83.610669
    }
  ]
}
