{
  "fio version" : "fio-3.39",
  "timestamp" : 1763990447,
  "timestamp_ms" : 1763990447476,
  "time" : "Mon Nov 24 13:20:47 2025",
  "global options" : {
    "ioengine" : "libaio",
    "direct" : "1",
    "thread" : "1",
    "time_based" : "1",
    "runtime" : "720",
    "group_reporting" : "1",
    "rw" : "randrw",
    "rwmixread" : "10",
    "bs" : "4k",
    "iodepth" : "1000",
    "numjobs" : "1000",
    "size" : "1M",
    "randrepeat" : "0",
    "norandommap" : "1"
  },
  "jobs" : [
    {
      "jobname" : "job1",
      "groupid" : 0,
      "job_start" : 1763989726564,
      "error" : 0,
      "eta" : 0,
      "elapsed" : 722,
      "job options" : {
        "directory" : "/mnt/ext4"
      },
      "read" : {
        "io_bytes" : 506119716864,
        "io_kbytes" : 494257536,
        "bw_bytes" : 702817153,
        "bw" : 686344,
        "iops" : 171586.219155,
        "runtime" : 720130,
        "total_ios" : 123564384,
        "short_ios" : 0,
        "drop_ios" : 0,
        "slat_ns" : {
          "min" : 2390,
          "max" : 147278061,
          "mean" : 581961.383788,
          "stddev" : 1416110.134610,
          "N" : 123564384
        },
        "clat_ns" : {
          "min" : 38690,
          "max" : 896940706,
          "mean" : 581118107.126647,
          "stddev" : 63439833.429680,
          "N" : 123564384,
          "percentile" : {
            "1.000000" : 408944640,
            "5.000000" : 480247808,
            "10.000000" : 505413632,
            "20.000000" : 534773760,
            "30.000000" : 549453824,
            "40.000000" : 566231040,
            "50.000000" : 583008256,
            "60.000000" : 599785472,
            "70.000000" : 616562688,
            "80.000000" : 633339904,
            "90.000000" : 658505728,
            "95.000000" : 675282944,
            "99.000000" : 717225984,
            "99.500000" : 734003200,
            "99.900000" : 767557632,
            "99.950000" : 784334848,
            "99.990000" : 809500672
          }
        },
        "lat_ns" : {
          "min" : 43210,
          "max" : 896945886,
          "mean" : 581700068.510438,
          "stddev" : 63489289.120990,
          "N" : 123564384
        },
        "bw_min" : 341781,
        "bw_max" : 1591481,
        "bw_agg" : 99.974084,
        "bw_mean" : 686167.140472,
        "bw_dev" : 107.956052,
        "bw_samples" : 1418240,
        "iops_min" : 85046,
        "iops_max" : 397497,
        "iops_mean" : 171178.948206,
        "iops_stddev" : 26.987686,
        "iops_samples" : 1418240
      },
      "write" : {
        "io_bytes" : 4554644283392,
        "io_kbytes" : 4447894808,
        "bw_bytes" : 6324752868,
        "bw" : 6176516,
        "iops" : 1544129.118354,
        "runtime" : 720130,
        "total_ios" : 1111973702,
        "short_ios" : 0,
        "drop_ios" : 0,
        "slat_ns" : {
          "min" : 2590,
          "max" : 153640801,
          "mean" : 580233.344729,
          "stddev" : 1393413.329624,
          "N" : 1111973702
        },
        "clat_ns" : {
          "min" : 637000,
          "max" : 898732566,
          "mean" : 582140783.220214,
          "stddev" : 63484909.425324,
          "N" : 1111973702,
          "percentile" : {
            "1.000000" : 413138944,
            "5.000000" : 480247808,
            "10.000000" : 505413632,
            "20.000000" : 534773760,
            "30.000000" : 557842432,
            "40.000000" : 566231040,
            "50.000000" : 583008256,
            "60.000000" : 599785472,
            "70.000000" : 616562688,
            "80.000000" : 633339904,
            "90.000000" : 658505728,
            "95.000000" : 675282944,
            "99.000000" : 717225984,
            "99.500000" : 734003200,
            "99.900000" : 767557632,
            "99.950000" : 784334848,
            "99.990000" : 809500672
          }
        },
        "lat_ns" : {
          "min" : 644660,
          "max" : 899622197,
          "mean" : 582721016.564946,
          "stddev" : 63533204.554152,
          "N" : 1111973702
        },
        "bw_min" : 3526146,
        "bw_max" : 14074874,
        "bw_agg" : 100.000000,
        "bw_mean" : 6178897.441825,
        "bw_dev" : 742.862458,
        "bw_samples" : 1418242,
        "iops_min" : 881156,
        "iops_max" : 3518357,
        "iops_mean" : 1544362.063373,
        "iops_stddev" : 185.710596,
        "iops_samples" : 1418242
      },
      "trim" : {
        "io_bytes" : 0,
        "io_kbytes" : 0,
        "bw_bytes" : 0,
        "bw" : 0,
        "iops" : 0.000000,
        "runtime" : 0,
        "total_ios" : 0,
        "short_ios" : 0,
        "drop_ios" : 0,
        "slat_ns" : {
          "min" : 0,
          "max" : 0,
          "mean" : 0.000000,
          "stddev" : 0.000000,
          "N" : 0
        },
        "clat_ns" : {
          "min" : 0,
          "max" : 0,
          "mean" : 0.000000,
          "stddev" : 0.000000,
          "N" : 0
        },
        "lat_ns" : {
          "min" : 0,
          "max" : 0,
          "mean" : 0.000000,
          "stddev" : 0.000000,
          "N" : 0
        },
        "bw_min" : 0,
        "bw_max" : 0,
        "bw_agg" : 0.000000,
        "bw_mean" : 0.000000,
        "bw_dev" : 0.000000,
        "bw_samples" : 0,
        "iops_min" : 0,
        "iops_max" : 0,
        "iops_mean" : 0.000000,
        "iops_stddev" : 0.000000,
        "iops_samples" : 0
      },
      "sync" : {
        "total_ios" : 0,
        "lat_ns" : {
          "min" : 0,
          "max" : 0,
          "mean" : 0.000000,
          "stddev" : 0.000000,
          "N" : 0
        }
      },
      "job_runtime" : 720042836,
      "usr_cpu" : 0.285905,
      "sys_cpu" : 5.413225,
      "ctx" : 1222429104,
      "majf" : 0,
      "minf" : 3735,
      "iodepth_level" : {
        "1" : 0.100000,
        "2" : 0.100000,
        "4" : 0.100000,
        "8" : 0.100000,
        "16" : 0.100000,
        "32" : 0.100000,
        ">=64" : 99.994901
      },
      "iodepth_submit" : {
        "0" : 0.000000,
        "4" : 100.000000,
        "8" : 0.000000,
        "16" : 0.000000,
        "32" : 0.000000,
        "64" : 0.000000,
        ">=64" : 0.000000
      },
      "iodepth_complete" : {
        "0" : 0.000000,
        "4" : 99.999919,
        "8" : 0.000000,
        "16" : 0.000000,
        "32" : 0.000000,
        "64" : 0.000000,
        ">=64" : 0.100000
      },
      "latency_ns" : {
        "2" : 0.000000,
        "4" : 0.000000,
        "10" : 0.000000,
        "20" : 0.000000,
        "50" : 0.000000,
        "100" : 0.000000,
        "250" : 0.000000,
        "500" : 0.000000,
        "750" : 0.000000,
        "1000" : 0.000000
      },
      "latency_us" : {
        "2" : 0.000000,
        "4" : 0.000000,
        "10" : 0.000000,
        "20" : 0.000000,
        "50" : 0.010000,
        "100" : 0.000000,
        "250" : 0.010000,
        "500" : 0.010000,
        "750" : 0.010000,
        "1000" : 0.010000
      },
      "latency_ms" : {
        "2" : 0.010000,
        "4" : 0.010000,
        "10" : 0.010000,
        "20" : 0.010000,
        "50" : 0.015329,
        "100" : 0.032741,
        "250" : 0.098069,
        "500" : 8.202160,
        "750" : 91.393877,
        "1000" : 0.254803,
        "2000" : 0.000000,
        ">=2000" : 0.000000
      },
      "latency_depth" : 1000,
      "latency_target" : 0,
      "latency_percentile" : 100.000000,
      "latency_window" : 0
    }
  ],
  "disk_util" : [
    {
      "name" : "nvme2n1",
      "read_ios" : 123549719,
      "write_ios" : 1111842756,
      "read_sectors" : 988397752,
      "write_sectors" : 8894813608,
      "read_merges" : 0,
      "write_merges" : 8943,
      "read_ticks" : 4696402825,
      "write_ticks" : 42425232446,
      "in_queue" : 47121635271,
      "util" : 84.274330
    }
  ]
}
