{
  "fio version" : "fio-3.39",
  "timestamp" : 1763992662,
  "timestamp_ms" : 1763992662860,
  "time" : "Mon Nov 24 13:57:42 2025",
  "global options" : {
    "ioengine" : "libaio",
    "direct" : "1",
    "time_based" : "1",
    "runtime" : "720",
    "group_reporting" : "1"
  },
  "jobs" : [
    {
      "jobname" : "rocksdb-wal",
      "groupid" : 0,
      "job_start" : 1763991942617,
      "error" : 0,
      "eta" : 0,
      "elapsed" : 721,
      "job options" : {
        "name" : "rocksdb-compaction-write",
        "ioengine" : "libaio",
        "rw" : "write",
        "bs" : "1M",
        "size" : "50G",
        "iodepth" : "8",
        "filename" : "/mnt/xfs/compaction_output.dat"
      },
      "read" : {
        "io_bytes" : 3752868184064,
        "io_kbytes" : 3664910336,
        "bw_bytes" : 5212309682,
        "bw" : 5090146,
        "iops" : 4970.845874,
        "runtime" : 720001,
        "total_ios" : 3579014,
        "short_ios" : 0,
        "drop_ios" : 0,
        "slat_ns" : {
          "min" : 10430,
          "max" : 2143727,
          "mean" : 32489.898326,
          "stddev" : 14041.493972,
          "N" : 3579014
        },
        "clat_ns" : {
          "min" : 237400,
          "max" : 10345304,
          "mean" : 771902.200862,
          "stddev" : 355651.665273,
          "N" : 3579014,
          "percentile" : {
            "1.000000" : 354304,
            "5.000000" : 399360,
            "10.000000" : 444416,
            "20.000000" : 509952,
            "30.000000" : 561152,
            "40.000000" : 634880,
            "50.000000" : 774144,
            "60.000000" : 864256,
            "70.000000" : 905216,
            "80.000000" : 954368,
            "90.000000" : 1028096,
            "95.000000" : 1105920,
            "99.000000" : 2179072,
            "99.500000" : 2637824,
            "99.900000" : 4292608,
            "99.950000" : 6258688,
            "99.990000" : 6782976
          }
        },
        "lat_ns" : {
          "min" : 276579,
          "max" : 10392264,
          "mean" : 804392.099188,
          "stddev" : 355025.075252,
          "N" : 3579014
        },
        "bw_min" : 4581376,
        "bw_max" : 6180864,
        "bw_agg" : 100.000000,
        "bw_mean" : 5092265.723419,
        "bw_dev" : 282690.908433,
        "bw_samples" : 1439,
        "iops_min" : 4474,
        "iops_max" : 6036,
        "iops_mean" : 4972.905490,
        "iops_stddev" : 276.059294,
        "iops_samples" : 1439
      },
      "write" : {
        "io_bytes" : 4699464220672,
        "io_kbytes" : 4589320528,
        "bw_bytes" : 6527015509,
        "bw" : 6374038,
        "iops" : 25647.567646,
        "runtime" : 720002,
        "total_ios" : 18466300,
        "short_ios" : 0,
        "drop_ios" : 0,
        "slat_ns" : {
          "min" : 4590,
          "max" : 41797882,
          "mean" : 9260.899777,
          "stddev" : 22510.208882,
          "N" : 18013751
        },
        "clat_ns" : {
          "min" : 18950,
          "max" : 43360090,
          "mean" : 1589247.243061,
          "stddev" : 470861.631812,
          "N" : 18466300,
          "percentile" : {
            "1.000000" : 1073152,
            "5.000000" : 1253376,
            "10.000000" : 1302528,
            "20.000000" : 1368064,
            "30.000000" : 1400832,
            "40.000000" : 1433600,
            "50.000000" : 1482752,
            "60.000000" : 1548288,
            "70.000000" : 1630208,
            "80.000000" : 1712128,
            "90.000000" : 1843200,
            "95.000000" : 2056192,
            "99.000000" : 3588096,
            "99.500000" : 4014080,
            "99.900000" : 7307264,
            "99.950000" : 7438336,
            "99.990000" : 8224768
          }
        },
        "lat_ns" : {
          "min" : 19030,
          "max" : 43367650,
          "mean" : 1598283.802171,
          "stddev" : 471361.932984,
          "N" : 18466300
        },
        "bw_min" : 5708960,
        "bw_max" : 6790496,
        "bw_agg" : 100.000000,
        "bw_mean" : 6376636.143155,
        "bw_dev" : 105105.040577,
        "bw_samples" : 5756,
        "iops_min" : 22934,
        "iops_max" : 27398,
        "iops_mean" : 25657.988186,
        "iops_stddev" : 307.290076,
        "iops_samples" : 5756
      },
      "trim" : {
        "io_bytes" : 0,
        "io_kbytes" : 0,
        "bw_bytes" : 0,
        "bw" : 0,
        "iops" : 0.000000,
        "runtime" : 0,
        "total_ios" : 0,
        "short_ios" : 0,
        "drop_ios" : 0,
        "slat_ns" : {
          "min" : 0,
          "max" : 0,
          "mean" : 0.000000,
          "stddev" : 0.000000,
          "N" : 0
        },
        "clat_ns" : {
          "min" : 0,
          "max" : 0,
          "mean" : 0.000000,
          "stddev" : 0.000000,
          "N" : 0
        },
        "lat_ns" : {
          "min" : 0,
          "max" : 0,
          "mean" : 0.000000,
          "stddev" : 0.000000,
          "N" : 0
        },
        "bw_min" : 0,
        "bw_max" : 0,
        "bw_agg" : 0.000000,
        "bw_mean" : 0.000000,
        "bw_dev" : 0.000000,
        "bw_samples" : 0,
        "iops_min" : 0,
        "iops_max" : 0,
        "iops_mean" : 0.000000,
        "iops_stddev" : 0.000000,
        "iops_samples" : 0
      },
      "sync" : {
        "total_ios" : 0,
        "lat_ns" : {
          "min" : 0,
          "max" : 0,
          "mean" : 0.000000,
          "stddev" : 0.000000,
          "N" : 0
        }
      },
      "job_runtime" : 3600002,
      "usr_cpu" : 1.320916,
      "sys_cpu" : 8.703051,
      "ctx" : 20776188,
      "majf" : 0,
      "minf" : 560,
      "iodepth_level" : {
        "1" : 2.052831,
        "2" : 0.100000,
        "4" : 16.234847,
        "8" : 16.203407,
        "16" : 65.508879,
        "32" : 0.000000,
        ">=64" : 0.000000
      },
      "iodepth_submit" : {
        "0" : 0.000000,
        "4" : 100.000000,
        "8" : 0.000000,
        "16" : 0.000000,
        "32" : 0.000000,
        "64" : 0.000000,
        ">=64" : 0.000000
      },
      "iodepth_complete" : {
        "0" : 0.000000,
        "4" : 99.999986,
        "8" : 0.100000,
        "16" : 0.100000,
        "32" : 0.000000,
        "64" : 0.000000,
        ">=64" : 0.000000
      },
      "latency_ns" : {
        "2" : 0.000000,
        "4" : 0.000000,
        "10" : 0.000000,
        "20" : 0.000000,
        "50" : 0.000000,
        "100" : 0.000000,
        "250" : 0.000000,
        "500" : 0.000000,
        "750" : 0.000000,
        "1000" : 0.000000
      },
      "latency_us" : {
        "2" : 0.000000,
        "4" : 0.000000,
        "10" : 0.000000,
        "20" : 0.010000,
        "50" : 0.010000,
        "100" : 0.010000,
        "250" : 0.010000,
        "500" : 2.976220,
        "750" : 4.967636,
        "1000" : 6.712810
      },
      "latency_ms" : {
        "2" : 80.374582,
        "4" : 4.510995,
        "10" : 0.454473,
        "20" : 0.010000,
        "50" : 0.010000,
        "100" : 0.000000,
        "250" : 0.000000,
        "500" : 0.000000,
        "750" : 0.000000,
        "1000" : 0.000000,
        "2000" : 0.000000,
        ">=2000" : 0.000000
      },
      "latency_depth" : 8,
      "latency_target" : 0,
      "latency_percentile" : 100.000000,
      "latency_window" : 0
    }
  ],
  "disk_util" : [
    {
      "name" : "nvme3n1",
      "read_ios" : 28631827,
      "write_ios" : 43470354,
      "read_sectors" : 7329729792,
      "write_sectors" : 9178497024,
      "read_merges" : 349,
      "write_merges" : 439,
      "read_ticks" : 17943794,
      "write_ticks" : 67239718,
      "in_queue" : 85183512,
      "util" : 89.578381
    }
  ]
}
