{
  "fio version" : "fio-3.33",
  "timestamp" : 1755188637,
  "timestamp_ms" : 1755188637319,
  "time" : "Thu Aug 14 16:23:57 2025",
  "global options" : {
    "ioengine" : "libaio",
    "direct" : "1",
    "time_based" : "1",
    "runtime" : "720",
    "group_reporting" : "1"
  },
  "jobs" : [
    {
      "jobname" : "rocksdb-wal",
      "groupid" : 0,
      "error" : 0,
      "eta" : 0,
      "elapsed" : 721,
      "job options" : {
        "name" : "rocksdb-compaction-write",
        "ioengine" : "libaio",
        "rw" : "write",
        "bs" : "1M",
        "size" : "50G",
        "iodepth" : "8",
        "filename" : "/mnt/xfs/compaction_output.dat"
      },
      "read" : {
        "io_bytes" : 3808395526144,
        "io_kbytes" : 3719136256,
        "bw_bytes" : 5289430884,
        "bw" : 5165459,
        "iops" : 5044.394383,
        "runtime" : 720001,
        "total_ios" : 3631969,
        "short_ios" : 0,
        "drop_ios" : 0,
        "slat_ns" : {
          "min" : 5240,
          "max" : 566054,
          "mean" : 11734.413098,
          "stddev" : 3465.580369,
          "N" : 3631969
        },
        "clat_ns" : {
          "min" : 284171,
          "max" : 9537354,
          "mean" : 780906.268352,
          "stddev" : 341699.757056,
          "N" : 3631969,
          "percentile" : {
            "1.000000" : 358400,
            "5.000000" : 411648,
            "10.000000" : 452608,
            "20.000000" : 528384,
            "30.000000" : 577536,
            "40.000000" : 659456,
            "50.000000" : 798720,
            "60.000000" : 872448,
            "70.000000" : 921600,
            "80.000000" : 962560,
            "90.000000" : 1036288,
            "95.000000" : 1105920,
            "99.000000" : 1990656,
            "99.500000" : 2605056,
            "99.900000" : 4177920,
            "99.950000" : 6258688,
            "99.990000" : 6782976
          }
        },
        "lat_ns" : {
          "min" : 291351,
          "max" : 9547905,
          "mean" : 792640.681450,
          "stddev" : 341608.290492,
          "N" : 3631969
        },
        "bw_min" : 4618240,
        "bw_max" : 6064128,
        "bw_agg" : 100.000000,
        "bw_mean" : 5168197.391244,
        "bw_dev" : 251073.925080,
        "bw_samples" : 1439,
        "iops_min" : 4510,
        "iops_max" : 5922,
        "iops_mean" : 5046.963864,
        "iops_stddev" : 245.201161,
        "iops_samples" : 1439
      },
      "write" : {
        "io_bytes" : 4712246149120,
        "io_kbytes" : 4601802880,
        "bw_bytes" : 6544768138,
        "bw" : 6391375,
        "iops" : 25839.483779,
        "runtime" : 720002,
        "total_ios" : 18604480,
        "short_ios" : 0,
        "drop_ios" : 0,
        "slat_ns" : {
          "min" : 1760,
          "max" : 191491,
          "mean" : 5468.572343,
          "stddev" : 5679.629825,
          "N" : 18148860
        },
        "clat_ns" : {
          "min" : 10050,
          "max" : 12313452,
          "mean" : 1581087.947606,
          "stddev" : 432345.347773,
          "N" : 18604480,
          "percentile" : {
            "1.000000" : 1122304,
            "5.000000" : 1269760,
            "10.000000" : 1318912,
            "20.000000" : 1368064,
            "30.000000" : 1400832,
            "40.000000" : 1449984,
            "50.000000" : 1499136,
            "60.000000" : 1548288,
            "70.000000" : 1630208,
            "80.000000" : 1712128,
            "90.000000" : 1826816,
            "95.000000" : 1990656,
            "99.000000" : 3489792,
            "99.500000" : 4046848,
            "99.900000" : 7307264,
            "99.950000" : 7438336,
            "99.990000" : 7962624
          }
        },
        "lat_ns" : {
          "min" : 10120,
          "max" : 12316192,
          "mean" : 1586425.540803,
          "stddev" : 432466.327011,
          "N" : 18604480
        },
        "bw_min" : 5692636,
        "bw_max" : 6805153,
        "bw_agg" : 100.000000,
        "bw_mean" : 6394594.503822,
        "bw_dev" : 101883.550890,
        "bw_samples" : 5756,
        "iops_min" : 23071,
        "iops_max" : 27505,
        "iops_mean" : 25852.207088,
        "iops_stddev" : 299.256538,
        "iops_samples" : 5756
      },
      "trim" : {
        "io_bytes" : 0,
        "io_kbytes" : 0,
        "bw_bytes" : 0,
        "bw" : 0,
        "iops" : 0.000000,
        "runtime" : 0,
        "total_ios" : 0,
        "short_ios" : 0,
        "drop_ios" : 0,
        "slat_ns" : {
          "min" : 0,
          "max" : 0,
          "mean" : 0.000000,
          "stddev" : 0.000000,
          "N" : 0
        },
        "clat_ns" : {
          "min" : 0,
          "max" : 0,
          "mean" : 0.000000,
          "stddev" : 0.000000,
          "N" : 0
        },
        "lat_ns" : {
          "min" : 0,
          "max" : 0,
          "mean" : 0.000000,
          "stddev" : 0.000000,
          "N" : 0
        },
        "bw_min" : 0,
        "bw_max" : 0,
        "bw_agg" : 0.000000,
        "bw_mean" : 0.000000,
        "bw_dev" : 0.000000,
        "bw_samples" : 0,
        "iops_min" : 0,
        "iops_max" : 0,
        "iops_mean" : 0.000000,
        "iops_stddev" : 0.000000,
        "iops_samples" : 0
      },
      "sync" : {
        "total_ios" : 0,
        "lat_ns" : {
          "min" : 0,
          "max" : 0,
          "mean" : 0.000000,
          "stddev" : 0.000000,
          "N" : 0
        }
      },
      "job_runtime" : 3600001,
      "usr_cpu" : 1.160472,
      "sys_cpu" : 4.006916,
      "ctx" : 21970365,
      "majf" : 0,
      "minf" : 581,
      "iodepth_level" : {
        "1" : 2.048996,
        "2" : 0.100000,
        "4" : 16.333444,
        "8" : 16.081866,
        "16" : 65.535657,
        "32" : 0.000000,
        ">=64" : 0.000000
      },
      "iodepth_submit" : {
        "0" : 0.000000,
        "4" : 100.000000,
        "8" : 0.000000,
        "16" : 0.000000,
        "32" : 0.000000,
        "64" : 0.000000,
        ">=64" : 0.000000
      },
      "iodepth_complete" : {
        "0" : 0.000000,
        "4" : 99.999987,
        "8" : 0.100000,
        "16" : 0.100000,
        "32" : 0.000000,
        "64" : 0.000000,
        ">=64" : 0.000000
      },
      "latency_ns" : {
        "2" : 0.000000,
        "4" : 0.000000,
        "10" : 0.000000,
        "20" : 0.000000,
        "50" : 0.000000,
        "100" : 0.000000,
        "250" : 0.000000,
        "500" : 0.000000,
        "750" : 0.000000,
        "1000" : 0.000000
      },
      "latency_us" : {
        "2" : 0.000000,
        "4" : 0.000000,
        "10" : 0.000000,
        "20" : 0.010000,
        "50" : 0.010000,
        "100" : 0.010000,
        "250" : 0.010000,
        "500" : 2.634404,
        "750" : 5.059639,
        "1000" : 6.709992
      },
      "latency_ms" : {
        "2" : 81.439267,
        "4" : 3.697582,
        "10" : 0.457038,
        "20" : 0.010000,
        "50" : 0.000000,
        "100" : 0.000000,
        "250" : 0.000000,
        "500" : 0.000000,
        "750" : 0.000000,
        "1000" : 0.000000,
        "2000" : 0.000000,
        ">=2000" : 0.000000
      },
      "latency_depth" : 8,
      "latency_target" : 0,
      "latency_percentile" : 100.000000,
      "latency_window" : 0
    }
  ],
  "disk_util" : [
    {
      "name" : "nvme2n1",
      "read_ios" : 29048127,
      "write_ios" : 43624539,
      "read_merges" : 425,
      "write_merges" : 526,
      "read_ticks" : 17925518,
      "write_ticks" : 67492708,
      "in_queue" : 85418227,
      "util" : 87.226597
    }
  ]
}
