{
  "fio version" : "fio-3.39",
  "timestamp" : 1763999448,
  "timestamp_ms" : 1763999448853,
  "time" : "Mon Nov 24 15:50:48 2025",
  "global options" : {
    "ioengine" : "libaio",
    "direct" : "1",
    "time_based" : "1",
    "runtime" : "720",
    "group_reporting" : "1"
  },
  "jobs" : [
    {
      "jobname" : "rocksdb-wal",
      "groupid" : 0,
      "job_start" : 1763998728653,
      "error" : 0,
      "eta" : 0,
      "elapsed" : 721,
      "job options" : {
        "name" : "rocksdb-compaction-write",
        "ioengine" : "libaio",
        "rw" : "write",
        "bs" : "1M",
        "size" : "50G",
        "iodepth" : "8",
        "filename" : "/mnt/xfs/compaction_output.dat"
      },
      "read" : {
        "io_bytes" : 4116989345792,
        "io_kbytes" : 4020497408,
        "bw_bytes" : 5718032816,
        "bw" : 5584016,
        "iops" : 5453.141037,
        "runtime" : 720001,
        "total_ios" : 3926267,
        "short_ios" : 0,
        "drop_ios" : 0,
        "slat_ns" : {
          "min" : 10380,
          "max" : 384980,
          "mean" : 35073.968095,
          "stddev" : 15187.054559,
          "N" : 3926267
        },
        "clat_ns" : {
          "min" : 223240,
          "max" : 9276075,
          "mean" : 698145.694971,
          "stddev" : 252483.893206,
          "N" : 3926267,
          "percentile" : {
            "1.000000" : 305152,
            "5.000000" : 395264,
            "10.000000" : 440320,
            "20.000000" : 493568,
            "30.000000" : 536576,
            "40.000000" : 585728,
            "50.000000" : 634880,
            "60.000000" : 733184,
            "70.000000" : 839680,
            "80.000000" : 913408,
            "90.000000" : 995328,
            "95.000000" : 1073152,
            "99.000000" : 1253376,
            "99.500000" : 1400832,
            "99.900000" : 2605056,
            "99.950000" : 3031040,
            "99.990000" : 6193152
          }
        },
        "lat_ns" : {
          "min" : 263990,
          "max" : 9324225,
          "mean" : 733219.663065,
          "stddev" : 251634.946524,
          "N" : 3926267
        },
        "bw_min" : 4337664,
        "bw_max" : 7270400,
        "bw_agg" : 100.000000,
        "bw_mean" : 5586327.984017,
        "bw_dev" : 466419.728701,
        "bw_samples" : 1439,
        "iops_min" : 4236,
        "iops_max" : 7100,
        "iops_mean" : 5455.366227,
        "iops_stddev" : 455.480409,
        "iops_samples" : 1439
      },
      "write" : {
        "io_bytes" : 4519744946176,
        "io_kbytes" : 4413813424,
        "bw_bytes" : 6277406099,
        "bw" : 6130279,
        "iops" : 64909.333585,
        "runtime" : 720002,
        "total_ios" : 46734850,
        "short_ios" : 0,
        "drop_ios" : 0,
        "slat_ns" : {
          "min" : 5130,
          "max" : 90447254,
          "mean" : 7723.657647,
          "stddev" : 24977.179800,
          "N" : 42760283
        },
        "clat_ns" : {
          "min" : 12900,
          "max" : 92653421,
          "mean" : 624283.655771,
          "stddev" : 1115214.333466,
          "N" : 46734850,
          "percentile" : {
            "1.000000" : 46336,
            "5.000000" : 156672,
            "10.000000" : 224256,
            "20.000000" : 284672,
            "30.000000" : 329728,
            "40.000000" : 528384,
            "50.000000" : 585728,
            "60.000000" : 602112,
            "70.000000" : 626688,
            "80.000000" : 651264,
            "90.000000" : 716800,
            "95.000000" : 1286144,
            "99.000000" : 2736128,
            "99.500000" : 3260416,
            "99.900000" : 16056320,
            "99.950000" : 31064064,
            "99.990000" : 35913728
          }
        },
        "lat_ns" : {
          "min" : 12970,
          "max" : 92692241,
          "mean" : 631356.062136,
          "stddev" : 1117851.231388,
          "N" : 46734850
        },
        "bw_min" : 1642912,
        "bw_max" : 9787648,
        "bw_agg" : 100.000000,
        "bw_mean" : 6133028.439194,
        "bw_dev" : 715205.482216,
        "bw_samples" : 5756,
        "iops_min" : 24202,
        "iops_max" : 112378,
        "iops_mean" : 64941.804031,
        "iops_stddev" : 6977.164696,
        "iops_samples" : 5756
      },
      "trim" : {
        "io_bytes" : 0,
        "io_kbytes" : 0,
        "bw_bytes" : 0,
        "bw" : 0,
        "iops" : 0.000000,
        "runtime" : 0,
        "total_ios" : 0,
        "short_ios" : 0,
        "drop_ios" : 0,
        "slat_ns" : {
          "min" : 0,
          "max" : 0,
          "mean" : 0.000000,
          "stddev" : 0.000000,
          "N" : 0
        },
        "clat_ns" : {
          "min" : 0,
          "max" : 0,
          "mean" : 0.000000,
          "stddev" : 0.000000,
          "N" : 0
        },
        "lat_ns" : {
          "min" : 0,
          "max" : 0,
          "mean" : 0.000000,
          "stddev" : 0.000000,
          "N" : 0
        },
        "bw_min" : 0,
        "bw_max" : 0,
        "bw_agg" : 0.000000,
        "bw_mean" : 0.000000,
        "bw_dev" : 0.000000,
        "bw_samples" : 0,
        "iops_min" : 0,
        "iops_max" : 0,
        "iops_mean" : 0.000000,
        "iops_stddev" : 0.000000,
        "iops_samples" : 0
      },
      "sync" : {
        "total_ios" : 0,
        "lat_ns" : {
          "min" : 0,
          "max" : 0,
          "mean" : 0.000000,
          "stddev" : 0.000000,
          "N" : 0
        }
      },
      "job_runtime" : 3600001,
      "usr_cpu" : 2.115388,
      "sys_cpu" : 15.489051,
      "ctx" : 48760100,
      "majf" : 0,
      "minf" : 560,
      "iodepth_level" : {
        "1" : 7.845407,
        "2" : 0.100000,
        "4" : 7.750078,
        "8" : 3.317738,
        "16" : 81.086761,
        "32" : 0.000000,
        ">=64" : 0.000000
      },
      "iodepth_submit" : {
        "0" : 0.000000,
        "4" : 100.000000,
        "8" : 0.000000,
        "16" : 0.000000,
        "32" : 0.000000,
        "64" : 0.000000,
        ">=64" : 0.000000
      },
      "iodepth_complete" : {
        "0" : 0.000000,
        "4" : 99.999994,
        "8" : 0.100000,
        "16" : 0.100000,
        "32" : 0.000000,
        "64" : 0.000000,
        ">=64" : 0.000000
      },
      "latency_ns" : {
        "2" : 0.000000,
        "4" : 0.000000,
        "10" : 0.000000,
        "20" : 0.000000,
        "50" : 0.000000,
        "100" : 0.000000,
        "250" : 0.000000,
        "500" : 0.000000,
        "750" : 0.000000,
        "1000" : 0.000000
      },
      "latency_us" : {
        "2" : 0.000000,
        "4" : 0.000000,
        "10" : 0.000000,
        "20" : 0.010000,
        "50" : 1.047243,
        "100" : 1.663406,
        "250" : 9.210790,
        "500" : 24.914461,
        "750" : 52.168518,
        "1000" : 4.710628
      },
      "latency_ms" : {
        "2" : 2.193053,
        "4" : 3.791987,
        "10" : 0.175549,
        "20" : 0.040907,
        "50" : 0.080438,
        "100" : 0.010000,
        "250" : 0.000000,
        "500" : 0.000000,
        "750" : 0.000000,
        "1000" : 0.000000,
        "2000" : 0.000000,
        ">=2000" : 0.000000
      },
      "latency_depth" : 8,
      "latency_target" : 0,
      "latency_percentile" : 100.000000,
      "latency_window" : 0
    }
  ],
  "disk_util" : [
    {
      "name" : "nvme3n1",
      "read_ios" : 31408346,
      "write_ios" : 58496608,
      "read_sectors" : 8040516864,
      "write_sectors" : 8826996296,
      "read_merges" : 383,
      "write_merges" : 416,
      "read_ticks" : 17547958,
      "write_ticks" : 66316950,
      "in_queue" : 83864909,
      "util" : 84.427235
    }
  ]
}
