{
  "fio version" : "fio-3.39",
  "timestamp" : 1763991929,
  "timestamp_ms" : 1763991929153,
  "time" : "Mon Nov 24 13:45:29 2025",
  "global options" : {
    "ioengine" : "libaio",
    "direct" : "1",
    "time_based" : "1",
    "runtime" : "720",
    "group_reporting" : "1"
  },
  "jobs" : [
    {
      "jobname" : "rocksdb-wal",
      "groupid" : 0,
      "job_start" : 1763991208932,
      "error" : 0,
      "eta" : 0,
      "elapsed" : 721,
      "job options" : {
        "name" : "rocksdb-compaction-write",
        "ioengine" : "libaio",
        "rw" : "write",
        "bs" : "1M",
        "size" : "50G",
        "iodepth" : "8",
        "filename" : "/mnt/ext4/compaction_output.dat"
      },
      "read" : {
        "io_bytes" : 3687978106880,
        "io_kbytes" : 3601541120,
        "bw_bytes" : 5122184700,
        "bw" : 5002133,
        "iops" : 4884.895993,
        "runtime" : 720001,
        "total_ios" : 3517130,
        "short_ios" : 0,
        "drop_ios" : 0,
        "slat_ns" : {
          "min" : 10430,
          "max" : 3524138,
          "mean" : 37094.344546,
          "stddev" : 17332.681452,
          "N" : 3517130
        },
        "clat_ns" : {
          "min" : 263330,
          "max" : 11000881,
          "mean" : 781466.426971,
          "stddev" : 364500.293367,
          "N" : 3517130,
          "percentile" : {
            "1.000000" : 350208,
            "5.000000" : 399360,
            "10.000000" : 444416,
            "20.000000" : 514048,
            "30.000000" : 569344,
            "40.000000" : 659456,
            "50.000000" : 798720,
            "60.000000" : 864256,
            "70.000000" : 913408,
            "80.000000" : 962560,
            "90.000000" : 1036288,
            "95.000000" : 1122304,
            "99.000000" : 2244608,
            "99.500000" : 2768896,
            "99.900000" : 4620288,
            "99.950000" : 6193152,
            "99.990000" : 6782976
          }
        },
        "lat_ns" : {
          "min" : 300039,
          "max" : 11058031,
          "mean" : 818560.771517,
          "stddev" : 363679.521408,
          "N" : 3517130
        },
        "bw_min" : 4521984,
        "bw_max" : 5994496,
        "bw_agg" : 100.000000,
        "bw_mean" : 5004276.546213,
        "bw_dev" : 271187.507902,
        "bw_samples" : 1439,
        "iops_min" : 4416,
        "iops_max" : 5854,
        "iops_mean" : 4886.966644,
        "iops_stddev" : 264.835730,
        "iops_samples" : 1439
      },
      "write" : {
        "io_bytes" : 4653620969472,
        "io_kbytes" : 4544551728,
        "bw_bytes" : 6463344503,
        "bw" : 6311859,
        "iops" : 25466.345927,
        "runtime" : 720002,
        "total_ios" : 18335820,
        "short_ios" : 0,
        "drop_ios" : 0,
        "slat_ns" : {
          "min" : 3800,
          "max" : 4644706,
          "mean" : 11800.023761,
          "stddev" : 13085.481452,
          "N" : 17884641
        },
        "clat_ns" : {
          "min" : 19300,
          "max" : 14923108,
          "mean" : 1598146.589785,
          "stddev" : 478327.081246,
          "N" : 18335820,
          "percentile" : {
            "1.000000" : 1073152,
            "5.000000" : 1253376,
            "10.000000" : 1302528,
            "20.000000" : 1368064,
            "30.000000" : 1400832,
            "40.000000" : 1449984,
            "50.000000" : 1499136,
            "60.000000" : 1564672,
            "70.000000" : 1630208,
            "80.000000" : 1728512,
            "90.000000" : 1859584,
            "95.000000" : 2072576,
            "99.000000" : 3719168,
            "99.500000" : 4227072,
            "99.900000" : 7176192,
            "99.950000" : 7438336,
            "99.990000" : 8355840
          }
        },
        "lat_ns" : {
          "min" : 19360,
          "max" : 14967228,
          "mean" : 1609658.865283,
          "stddev" : 478381.536239,
          "N" : 18335820
        },
        "bw_min" : 5644672,
        "bw_max" : 6749344,
        "bw_agg" : 100.000000,
        "bw_mean" : 6314502.807505,
        "bw_dev" : 107579.213037,
        "bw_samples" : 5756,
        "iops_min" : 22798,
        "iops_max" : 27286,
        "iops_mean" : 25477.052814,
        "iops_stddev" : 316.579971,
        "iops_samples" : 5756
      },
      "trim" : {
        "io_bytes" : 0,
        "io_kbytes" : 0,
        "bw_bytes" : 0,
        "bw" : 0,
        "iops" : 0.000000,
        "runtime" : 0,
        "total_ios" : 0,
        "short_ios" : 0,
        "drop_ios" : 0,
        "slat_ns" : {
          "min" : 0,
          "max" : 0,
          "mean" : 0.000000,
          "stddev" : 0.000000,
          "N" : 0
        },
        "clat_ns" : {
          "min" : 0,
          "max" : 0,
          "mean" : 0.000000,
          "stddev" : 0.000000,
          "N" : 0
        },
        "lat_ns" : {
          "min" : 0,
          "max" : 0,
          "mean" : 0.000000,
          "stddev" : 0.000000,
          "N" : 0
        },
        "bw_min" : 0,
        "bw_max" : 0,
        "bw_agg" : 0.000000,
        "bw_mean" : 0.000000,
        "bw_dev" : 0.000000,
        "bw_samples" : 0,
        "iops_min" : 0,
        "iops_max" : 0,
        "iops_mean" : 0.000000,
        "iops_stddev" : 0.000000,
        "iops_samples" : 0
      },
      "sync" : {
        "total_ios" : 0,
        "lat_ns" : {
          "min" : 0,
          "max" : 0,
          "mean" : 0.000000,
          "stddev" : 0.000000,
          "N" : 0
        }
      },
      "job_runtime" : 3600002,
      "usr_cpu" : 1.384666,
      "sys_cpu" : 10.189911,
      "ctx" : 20617693,
      "majf" : 0,
      "minf" : 559,
      "iodepth_level" : {
        "1" : 2.064632,
        "2" : 0.100000,
        "4" : 16.094573,
        "8" : 16.172132,
        "16" : 65.668626,
        "32" : 0.000000,
        ">=64" : 0.000000
      },
      "iodepth_submit" : {
        "0" : 0.000000,
        "4" : 100.000000,
        "8" : 0.000000,
        "16" : 0.000000,
        "32" : 0.000000,
        "64" : 0.000000,
        ">=64" : 0.000000
      },
      "iodepth_complete" : {
        "0" : 0.000000,
        "4" : 99.999986,
        "8" : 0.100000,
        "16" : 0.100000,
        "32" : 0.000000,
        "64" : 0.000000,
        ">=64" : 0.000000
      },
      "latency_ns" : {
        "2" : 0.000000,
        "4" : 0.000000,
        "10" : 0.000000,
        "20" : 0.000000,
        "50" : 0.000000,
        "100" : 0.000000,
        "250" : 0.000000,
        "500" : 0.000000,
        "750" : 0.000000,
        "1000" : 0.000000
      },
      "latency_us" : {
        "2" : 0.000000,
        "4" : 0.000000,
        "10" : 0.000000,
        "20" : 0.010000,
        "50" : 0.010000,
        "100" : 0.010000,
        "250" : 0.010000,
        "500" : 2.876046,
        "750" : 4.682768,
        "1000" : 6.930982
      },
      "latency_ms" : {
        "2" : 80.348662,
        "4" : 4.559869,
        "10" : 0.598482,
        "20" : 0.010000,
        "50" : 0.000000,
        "100" : 0.000000,
        "250" : 0.000000,
        "500" : 0.000000,
        "750" : 0.000000,
        "1000" : 0.000000,
        "2000" : 0.000000,
        ">=2000" : 0.000000
      },
      "latency_depth" : 8,
      "latency_target" : 0,
      "latency_percentile" : 100.000000,
      "latency_window" : 0
    }
  ],
  "disk_util" : [
    {
      "name" : "nvme2n1",
      "read_ios" : 28136006,
      "write_ios" : 43072968,
      "read_sectors" : 7202817536,
      "write_sectors" : 9088744392,
      "read_merges" : 0,
      "write_merges" : 1171,
      "read_ticks" : 17617595,
      "write_ticks" : 67053473,
      "in_queue" : 84671067,
      "util" : 88.153922
    }
  ]
}
