{
  "fio version" : "fio-3.33",
  "timestamp" : 1755193197,
  "timestamp_ms" : 1755193197935,
  "time" : "Thu Aug 14 17:39:57 2025",
  "global options" : {
    "ioengine" : "libaio",
    "direct" : "1",
    "time_based" : "1",
    "runtime" : "720",
    "group_reporting" : "1"
  },
  "jobs" : [
    {
      "jobname" : "rocksdb-wal",
      "groupid" : 0,
      "error" : 0,
      "eta" : 0,
      "elapsed" : 721,
      "job options" : {
        "name" : "rocksdb-compaction-write",
        "ioengine" : "libaio",
        "rw" : "write",
        "bs" : "1M",
        "size" : "50G",
        "iodepth" : "8",
        "filename" : "/mnt/ext4/compaction_output.dat"
      },
      "read" : {
        "io_bytes" : 3700874543104,
        "io_kbytes" : 3614135296,
        "bw_bytes" : 5140096393,
        "bw" : 5019625,
        "iops" : 4901.977914,
        "runtime" : 720001,
        "total_ios" : 3529429,
        "short_ios" : 0,
        "drop_ios" : 0,
        "slat_ns" : {
          "min" : 5220,
          "max" : 243362,
          "mean" : 13594.372754,
          "stddev" : 4795.841622,
          "N" : 3529429
        },
        "clat_ns" : {
          "min" : 276662,
          "max" : 10787336,
          "mean" : 802078.954518,
          "stddev" : 357238.265947,
          "N" : 3529429,
          "percentile" : {
            "1.000000" : 358400,
            "5.000000" : 415744,
            "10.000000" : 456704,
            "20.000000" : 536576,
            "30.000000" : 602112,
            "40.000000" : 708608,
            "50.000000" : 831488,
            "60.000000" : 880640,
            "70.000000" : 929792,
            "80.000000" : 978944,
            "90.000000" : 1056768,
            "95.000000" : 1138688,
            "99.000000" : 2211840,
            "99.500000" : 2736128,
            "99.900000" : 4685824,
            "99.950000" : 6193152,
            "99.990000" : 6914048
          }
        },
        "lat_ns" : {
          "min" : 289632,
          "max" : 10799796,
          "mean" : 815673.327272,
          "stddev" : 357099.238767,
          "N" : 3529429
        },
        "bw_min" : 4605952,
        "bw_max" : 5728256,
        "bw_agg" : 100.000000,
        "bw_mean" : 5022520.316887,
        "bw_dev" : 190761.240940,
        "bw_samples" : 1439,
        "iops_min" : 4498,
        "iops_max" : 5594,
        "iops_mean" : 4904.740097,
        "iops_stddev" : 186.296578,
        "iops_samples" : 1439
      },
      "write" : {
        "io_bytes" : 4603422425088,
        "io_kbytes" : 4495529712,
        "bw_bytes" : 6393624496,
        "bw" : 6243773,
        "iops" : 25213.879961,
        "runtime" : 720002,
        "total_ios" : 18154044,
        "short_ios" : 0,
        "drop_ios" : 0,
        "slat_ns" : {
          "min" : 1670,
          "max" : 3688365,
          "mean" : 5818.459442,
          "stddev" : 6820.219751,
          "N" : 17726721
        },
        "clat_ns" : {
          "min" : 104420,
          "max" : 24972126,
          "mean" : 1620114.204544,
          "stddev" : 470908.255399,
          "N" : 18154044,
          "percentile" : {
            "1.000000" : 1089536,
            "5.000000" : 1269760,
            "10.000000" : 1318912,
            "20.000000" : 1384448,
            "30.000000" : 1433600,
            "40.000000" : 1466368,
            "50.000000" : 1531904,
            "60.000000" : 1597440,
            "70.000000" : 1662976,
            "80.000000" : 1744896,
            "90.000000" : 1875968,
            "95.000000" : 2072576,
            "99.000000" : 3686400,
            "99.500000" : 4227072,
            "99.900000" : 7241728,
            "99.950000" : 7438336,
            "99.990000" : 8585216
          }
        },
        "lat_ns" : {
          "min" : 114721,
          "max" : 24972186,
          "mean" : 1625798.734678,
          "stddev" : 470990.410059,
          "N" : 18154044
        },
        "bw_min" : 5636992,
        "bw_max" : 6624928,
        "bw_agg" : 100.000000,
        "bw_mean" : 6247455.815844,
        "bw_dev" : 93254.409645,
        "bw_samples" : 5756,
        "iops_min" : 22714,
        "iops_max" : 26770,
        "iops_mean" : 25228.412092,
        "iops_stddev" : 277.085390,
        "iops_samples" : 5756
      },
      "trim" : {
        "io_bytes" : 0,
        "io_kbytes" : 0,
        "bw_bytes" : 0,
        "bw" : 0,
        "iops" : 0.000000,
        "runtime" : 0,
        "total_ios" : 0,
        "short_ios" : 0,
        "drop_ios" : 0,
        "slat_ns" : {
          "min" : 0,
          "max" : 0,
          "mean" : 0.000000,
          "stddev" : 0.000000,
          "N" : 0
        },
        "clat_ns" : {
          "min" : 0,
          "max" : 0,
          "mean" : 0.000000,
          "stddev" : 0.000000,
          "N" : 0
        },
        "lat_ns" : {
          "min" : 0,
          "max" : 0,
          "mean" : 0.000000,
          "stddev" : 0.000000,
          "N" : 0
        },
        "bw_min" : 0,
        "bw_max" : 0,
        "bw_agg" : 0.000000,
        "bw_mean" : 0.000000,
        "bw_dev" : 0.000000,
        "bw_samples" : 0,
        "iops_min" : 0,
        "iops_max" : 0,
        "iops_mean" : 0.000000,
        "iops_stddev" : 0.000000,
        "iops_samples" : 0
      },
      "sync" : {
        "total_ios" : 0,
        "lat_ns" : {
          "min" : 0,
          "max" : 0,
          "mean" : 0.000000,
          "stddev" : 0.000000,
          "N" : 0
        }
      },
      "job_runtime" : 3600002,
      "usr_cpu" : 1.151416,
      "sys_cpu" : 4.209387,
      "ctx" : 21449068,
      "majf" : 0,
      "minf" : 569,
      "iodepth_level" : {
        "1" : 1.970750,
        "2" : 0.100000,
        "4" : 16.277088,
        "8" : 16.113420,
        "16" : 65.638706,
        "32" : 0.000000,
        ">=64" : 0.000000
      },
      "iodepth_submit" : {
        "0" : 0.000000,
        "4" : 100.000000,
        "8" : 0.000000,
        "16" : 0.000000,
        "32" : 0.000000,
        "64" : 0.000000,
        ">=64" : 0.000000
      },
      "iodepth_complete" : {
        "0" : 0.000000,
        "4" : 99.999986,
        "8" : 0.100000,
        "16" : 0.100000,
        "32" : 0.000000,
        "64" : 0.000000,
        ">=64" : 0.000000
      },
      "latency_ns" : {
        "2" : 0.000000,
        "4" : 0.000000,
        "10" : 0.000000,
        "20" : 0.000000,
        "50" : 0.000000,
        "100" : 0.000000,
        "250" : 0.000000,
        "500" : 0.000000,
        "750" : 0.000000,
        "1000" : 0.000000
      },
      "latency_us" : {
        "2" : 0.000000,
        "4" : 0.000000,
        "10" : 0.000000,
        "20" : 0.000000,
        "50" : 0.000000,
        "100" : 0.000000,
        "250" : 0.010000,
        "500" : 2.479243,
        "750" : 4.614252,
        "1000" : 7.143150
      },
      "latency_ms" : {
        "2" : 80.524517,
        "4" : 4.667882,
        "10" : 0.568189,
        "20" : 0.010000,
        "50" : 0.010000,
        "100" : 0.000000,
        "250" : 0.000000,
        "500" : 0.000000,
        "750" : 0.000000,
        "1000" : 0.000000,
        "2000" : 0.000000,
        ">=2000" : 0.000000
      },
      "latency_depth" : 8,
      "latency_target" : 0,
      "latency_percentile" : 100.000000,
      "latency_window" : 0
    }
  ],
  "disk_util" : [
    {
      "name" : "nvme0n1",
      "read_ios" : 28235133,
      "write_ios" : 42611691,
      "read_merges" : 0,
      "write_merges" : 854,
      "read_ticks" : 17451255,
      "write_ticks" : 67502772,
      "in_queue" : 84954027,
      "util" : 87.132521
    }
  ]
}
