{
  "fio version" : "fio-3.39",
  "timestamp" : 1763998711,
  "timestamp_ms" : 1763998711645,
  "time" : "Mon Nov 24 15:38:31 2025",
  "global options" : {
    "ioengine" : "libaio",
    "direct" : "1",
    "time_based" : "1",
    "runtime" : "720",
    "group_reporting" : "1"
  },
  "jobs" : [
    {
      "jobname" : "rocksdb-wal",
      "groupid" : 0,
      "job_start" : 1763997991500,
      "error" : 0,
      "eta" : 0,
      "elapsed" : 721,
      "job options" : {
        "name" : "rocksdb-compaction-write",
        "ioengine" : "libaio",
        "rw" : "write",
        "bs" : "1M",
        "size" : "50G",
        "iodepth" : "8",
        "filename" : "/mnt/ext4/compaction_output.dat"
      },
      "read" : {
        "io_bytes" : 3608693178368,
        "io_kbytes" : 3524114432,
        "bw_bytes" : 5012066897,
        "bw" : 4894596,
        "iops" : 4779.879472,
        "runtime" : 720001,
        "total_ios" : 3441518,
        "short_ios" : 0,
        "drop_ios" : 0,
        "slat_ns" : {
          "min" : 10460,
          "max" : 444549,
          "mean" : 36893.559750,
          "stddev" : 17207.156980,
          "N" : 3441518
        },
        "clat_ns" : {
          "min" : 266109,
          "max" : 9967024,
          "mean" : 799653.842931,
          "stddev" : 366306.461698,
          "N" : 3441518,
          "percentile" : {
            "1.000000" : 350208,
            "5.000000" : 403456,
            "10.000000" : 452608,
            "20.000000" : 528384,
            "30.000000" : 602112,
            "40.000000" : 708608,
            "50.000000" : 831488,
            "60.000000" : 880640,
            "70.000000" : 921600,
            "80.000000" : 970752,
            "90.000000" : 1044480,
            "95.000000" : 1138688,
            "99.000000" : 2310144,
            "99.500000" : 2867200,
            "99.900000" : 4751360,
            "99.950000" : 6127616,
            "99.990000" : 6848512
          }
        },
        "lat_ns" : {
          "min" : 299749,
          "max" : 9978424,
          "mean" : 836547.402681,
          "stddev" : 365502.878704,
          "N" : 3441518
        },
        "bw_min" : 4528128,
        "bw_max" : 5689344,
        "bw_agg" : 100.000000,
        "bw_mean" : 4896704.017373,
        "bw_dev" : 193676.091866,
        "bw_samples" : 1439,
        "iops_min" : 4422,
        "iops_max" : 5556,
        "iops_mean" : 4781.886727,
        "iops_stddev" : 189.134594,
        "iops_samples" : 1439
      },
      "write" : {
        "io_bytes" : 4590636433408,
        "io_kbytes" : 4483043392,
        "bw_bytes" : 6375866224,
        "bw" : 6226431,
        "iops" : 25128.914920,
        "runtime" : 720002,
        "total_ios" : 18092869,
        "short_ios" : 0,
        "drop_ios" : 0,
        "slat_ns" : {
          "min" : 3790,
          "max" : 3639524,
          "mean" : 10130.206753,
          "stddev" : 9273.966767,
          "N" : 17660421
        },
        "clat_ns" : {
          "min" : 16440,
          "max" : 15582695,
          "mean" : 1621384.385017,
          "stddev" : 483253.783835,
          "N" : 18092869,
          "percentile" : {
            "1.000000" : 1073152,
            "5.000000" : 1253376,
            "10.000000" : 1318912,
            "20.000000" : 1384448,
            "30.000000" : 1433600,
            "40.000000" : 1466368,
            "50.000000" : 1531904,
            "60.000000" : 1597440,
            "70.000000" : 1662976,
            "80.000000" : 1744896,
            "90.000000" : 1875968,
            "95.000000" : 2088960,
            "99.000000" : 3850240,
            "99.500000" : 4358144,
            "99.900000" : 7176192,
            "99.950000" : 7438336,
            "99.990000" : 8290304
          }
        },
        "lat_ns" : {
          "min" : 16500,
          "max" : 15588515,
          "mean" : 1631274.846183,
          "stddev" : 483340.666564,
          "N" : 18092869
        },
        "bw_min" : 5642432,
        "bw_max" : 6561248,
        "bw_agg" : 100.000000,
        "bw_mean" : 6229039.260598,
        "bw_dev" : 92005.622984,
        "bw_samples" : 5756,
        "iops_min" : 22748,
        "iops_max" : 26558,
        "iops_mean" : 25139.544128,
        "iops_stddev" : 270.511209,
        "iops_samples" : 5756
      },
      "trim" : {
        "io_bytes" : 0,
        "io_kbytes" : 0,
        "bw_bytes" : 0,
        "bw" : 0,
        "iops" : 0.000000,
        "runtime" : 0,
        "total_ios" : 0,
        "short_ios" : 0,
        "drop_ios" : 0,
        "slat_ns" : {
          "min" : 0,
          "max" : 0,
          "mean" : 0.000000,
          "stddev" : 0.000000,
          "N" : 0
        },
        "clat_ns" : {
          "min" : 0,
          "max" : 0,
          "mean" : 0.000000,
          "stddev" : 0.000000,
          "N" : 0
        },
        "lat_ns" : {
          "min" : 0,
          "max" : 0,
          "mean" : 0.000000,
          "stddev" : 0.000000,
          "N" : 0
        },
        "bw_min" : 0,
        "bw_max" : 0,
        "bw_agg" : 0.000000,
        "bw_mean" : 0.000000,
        "bw_dev" : 0.000000,
        "bw_samples" : 0,
        "iops_min" : 0,
        "iops_max" : 0,
        "iops_mean" : 0.000000,
        "iops_stddev" : 0.000000,
        "iops_samples" : 0
      },
      "sync" : {
        "total_ios" : 0,
        "lat_ns" : {
          "min" : 0,
          "max" : 0,
          "mean" : 0.000000,
          "stddev" : 0.000000,
          "N" : 0
        }
      },
      "job_runtime" : 3600003,
      "usr_cpu" : 1.335249,
      "sys_cpu" : 9.263298,
      "ctx" : 20368458,
      "majf" : 0,
      "minf" : 556,
      "iodepth_level" : {
        "1" : 2.008193,
        "2" : 0.100000,
        "4" : 15.981542,
        "8" : 16.184705,
        "16" : 65.825524,
        "32" : 0.000000,
        ">=64" : 0.000000
      },
      "iodepth_submit" : {
        "0" : 0.000000,
        "4" : 100.000000,
        "8" : 0.000000,
        "16" : 0.000000,
        "32" : 0.000000,
        "64" : 0.000000,
        ">=64" : 0.000000
      },
      "iodepth_complete" : {
        "0" : 0.000000,
        "4" : 99.999986,
        "8" : 0.100000,
        "16" : 0.100000,
        "32" : 0.000000,
        "64" : 0.000000,
        ">=64" : 0.000000
      },
      "latency_ns" : {
        "2" : 0.000000,
        "4" : 0.000000,
        "10" : 0.000000,
        "20" : 0.000000,
        "50" : 0.000000,
        "100" : 0.000000,
        "250" : 0.000000,
        "500" : 0.000000,
        "750" : 0.000000,
        "1000" : 0.000000
      },
      "latency_us" : {
        "2" : 0.000000,
        "4" : 0.000000,
        "10" : 0.000000,
        "20" : 0.010000,
        "50" : 0.010000,
        "100" : 0.010000,
        "250" : 0.010000,
        "500" : 2.607643,
        "750" : 4.315763,
        "1000" : 7.263476
      },
      "latency_ms" : {
        "2" : 80.473960,
        "4" : 4.639440,
        "10" : 0.697257,
        "20" : 0.010000,
        "50" : 0.000000,
        "100" : 0.000000,
        "250" : 0.000000,
        "500" : 0.000000,
        "750" : 0.000000,
        "1000" : 0.000000,
        "2000" : 0.000000,
        ">=2000" : 0.000000
      },
      "latency_depth" : 8,
      "latency_target" : 0,
      "latency_percentile" : 100.000000,
      "latency_window" : 0
    }
  ],
  "disk_util" : [
    {
      "name" : "nvme2n1",
      "read_ios" : 27528354,
      "write_ios" : 42484020,
      "read_sectors" : 7047258624,
      "write_sectors" : 8964815240,
      "read_merges" : 0,
      "write_merges" : 1175,
      "read_ticks" : 17133419,
      "write_ticks" : 67088979,
      "in_queue" : 84222398,
      "util" : 88.649838
    }
  ]
}
