{
  "fio version" : "fio-3.39",
  "timestamp" : 1763993383,
  "timestamp_ms" : 1763993383567,
  "time" : "Mon Nov 24 14:09:43 2025",
  "global options" : {
    "ioengine" : "libaio",
    "direct" : "1",
    "thread" : "1",
    "group_reporting" : "1",
    "time_based" : "1",
    "runtime" : "720"
  },
  "jobs" : [
    {
      "jobname" : "solana-snapshot-write",
      "groupid" : 0,
      "job_start" : 1763992663244,
      "error" : 0,
      "eta" : 0,
      "elapsed" : 721,
      "job options" : {
        "name" : "solana-snapshot-write",
        "rw" : "write",
        "bs" : "1M",
        "size" : "100G",
        "iodepth" : "4",
        "filename" : "/mnt/ext4/snapshot.dat"
      },
      "read" : {
        "io_bytes" : 0,
        "io_kbytes" : 0,
        "bw_bytes" : 0,
        "bw" : 0,
        "iops" : 0.000000,
        "runtime" : 0,
        "total_ios" : 0,
        "short_ios" : 0,
        "drop_ios" : 0,
        "slat_ns" : {
          "min" : 0,
          "max" : 0,
          "mean" : 0.000000,
          "stddev" : 0.000000,
          "N" : 0
        },
        "clat_ns" : {
          "min" : 0,
          "max" : 0,
          "mean" : 0.000000,
          "stddev" : 0.000000,
          "N" : 0
        },
        "lat_ns" : {
          "min" : 0,
          "max" : 0,
          "mean" : 0.000000,
          "stddev" : 0.000000,
          "N" : 0
        },
        "bw_min" : 0,
        "bw_max" : 0,
        "bw_agg" : 0.000000,
        "bw_mean" : 0.000000,
        "bw_dev" : 0.000000,
        "bw_samples" : 0,
        "iops_min" : 0,
        "iops_max" : 0,
        "iops_mean" : 0.000000,
        "iops_stddev" : 0.000000,
        "iops_samples" : 0
      },
      "write" : {
        "io_bytes" : 6013249912832,
        "io_kbytes" : 5872314368,
        "bw_bytes" : 8351724390,
        "bw" : 8155980,
        "iops" : 7964.825049,
        "runtime" : 720001,
        "total_ios" : 5734682,
        "short_ios" : 0,
        "drop_ios" : 0,
        "slat_ns" : {
          "min" : 12540,
          "max" : 332900,
          "mean" : 18202.436509,
          "stddev" : 2875.559761,
          "N" : 5734682
        },
        "clat_ns" : {
          "min" : 114390,
          "max" : 10390444,
          "mean" : 483609.722214,
          "stddev" : 273132.682985,
          "N" : 5734682,
          "percentile" : {
            "1.000000" : 222208,
            "5.000000" : 342016,
            "10.000000" : 370688,
            "20.000000" : 395264,
            "30.000000" : 415744,
            "40.000000" : 423936,
            "50.000000" : 428032,
            "60.000000" : 444416,
            "70.000000" : 477184,
            "80.000000" : 518144,
            "90.000000" : 585728,
            "95.000000" : 675840,
            "99.000000" : 1957888,
            "99.500000" : 2277376,
            "99.900000" : 2965504,
            "99.950000" : 4145152,
            "99.990000" : 6782976
          }
        },
        "lat_ns" : {
          "min" : 129760,
          "max" : 10407494,
          "mean" : 501812.158722,
          "stddev" : 273014.079505,
          "N" : 5734682
        },
        "bw_min" : 6428672,
        "bw_max" : 8589312,
        "bw_agg" : 100.000000,
        "bw_mean" : 8158209.167361,
        "bw_dev" : 346434.724950,
        "bw_samples" : 1440,
        "iops_min" : 6278,
        "iops_max" : 8388,
        "iops_mean" : 7966.934028,
        "iops_stddev" : 338.323906,
        "iops_samples" : 1440
      },
      "trim" : {
        "io_bytes" : 0,
        "io_kbytes" : 0,
        "bw_bytes" : 0,
        "bw" : 0,
        "iops" : 0.000000,
        "runtime" : 0,
        "total_ios" : 0,
        "short_ios" : 0,
        "drop_ios" : 0,
        "slat_ns" : {
          "min" : 0,
          "max" : 0,
          "mean" : 0.000000,
          "stddev" : 0.000000,
          "N" : 0
        },
        "clat_ns" : {
          "min" : 0,
          "max" : 0,
          "mean" : 0.000000,
          "stddev" : 0.000000,
          "N" : 0
        },
        "lat_ns" : {
          "min" : 0,
          "max" : 0,
          "mean" : 0.000000,
          "stddev" : 0.000000,
          "N" : 0
        },
        "bw_min" : 0,
        "bw_max" : 0,
        "bw_agg" : 0.000000,
        "bw_mean" : 0.000000,
        "bw_dev" : 0.000000,
        "bw_samples" : 0,
        "iops_min" : 0,
        "iops_max" : 0,
        "iops_mean" : 0.000000,
        "iops_stddev" : 0.000000,
        "iops_samples" : 0
      },
      "sync" : {
        "total_ios" : 0,
        "lat_ns" : {
          "min" : 0,
          "max" : 0,
          "mean" : 0.000000,
          "stddev" : 0.000000,
          "N" : 0
        }
      },
      "job_runtime" : 720000,
      "usr_cpu" : 4.780278,
      "sys_cpu" : 12.535556,
      "ctx" : 5740332,
      "majf" : 0,
      "minf" : 1,
      "iodepth_level" : {
        "1" : 0.100000,
        "2" : 0.100000,
        "4" : 99.999948,
        "8" : 0.000000,
        "16" : 0.000000,
        "32" : 0.000000,
        ">=64" : 0.000000
      },
      "iodepth_submit" : {
        "0" : 0.000000,
        "4" : 100.000000,
        "8" : 0.000000,
        "16" : 0.000000,
        "32" : 0.000000,
        "64" : 0.000000,
        ">=64" : 0.000000
      },
      "iodepth_complete" : {
        "0" : 0.000000,
        "4" : 100.000000,
        "8" : 0.000000,
        "16" : 0.000000,
        "32" : 0.000000,
        "64" : 0.000000,
        ">=64" : 0.000000
      },
      "latency_ns" : {
        "2" : 0.000000,
        "4" : 0.000000,
        "10" : 0.000000,
        "20" : 0.000000,
        "50" : 0.000000,
        "100" : 0.000000,
        "250" : 0.000000,
        "500" : 0.000000,
        "750" : 0.000000,
        "1000" : 0.000000
      },
      "latency_us" : {
        "2" : 0.000000,
        "4" : 0.000000,
        "10" : 0.000000,
        "20" : 0.000000,
        "50" : 0.000000,
        "100" : 0.000000,
        "250" : 1.970850,
        "500" : 74.105068,
        "750" : 20.823299,
        "1000" : 1.048550
      },
      "latency_ms" : {
        "2" : 1.120638,
        "4" : 0.881078,
        "10" : 0.050378,
        "20" : 0.010000,
        "50" : 0.000000,
        "100" : 0.000000,
        "250" : 0.000000,
        "500" : 0.000000,
        "750" : 0.000000,
        "1000" : 0.000000,
        "2000" : 0.000000,
        ">=2000" : 0.000000
      },
      "latency_depth" : 4,
      "latency_target" : 0,
      "latency_percentile" : 100.000000,
      "latency_window" : 0
    }
  ],
  "disk_util" : [
    {
      "name" : "nvme2n1",
      "read_ios" : 0,
      "write_ios" : 45867451,
      "read_sectors" : 0,
      "write_sectors" : 11741986288,
      "read_merges" : 0,
      "write_merges" : 1758,
      "read_ticks" : 0,
      "write_ticks" : 19755928,
      "in_queue" : 19755928,
      "util" : 95.133363
    }
  ]
}
