{
  "fio version" : "fio-3.33",
  "timestamp" : 1755194657,
  "timestamp_ms" : 1755194657274,
  "time" : "Thu Aug 14 18:04:17 2025",
  "global options" : {
    "ioengine" : "libaio",
    "direct" : "1",
    "thread" : "1",
    "group_reporting" : "1",
    "time_based" : "1",
    "runtime" : "720"
  },
  "jobs" : [
    {
      "jobname" : "solana-snapshot-write",
      "groupid" : 0,
      "error" : 0,
      "eta" : 0,
      "elapsed" : 721,
      "job options" : {
        "name" : "solana-snapshot-write",
        "rw" : "write",
        "bs" : "1M",
        "size" : "100G",
        "iodepth" : "4",
        "filename" : "/mnt/ext4/snapshot.dat"
      },
      "read" : {
        "io_bytes" : 0,
        "io_kbytes" : 0,
        "bw_bytes" : 0,
        "bw" : 0,
        "iops" : 0.000000,
        "runtime" : 0,
        "total_ios" : 0,
        "short_ios" : 0,
        "drop_ios" : 0,
        "slat_ns" : {
          "min" : 0,
          "max" : 0,
          "mean" : 0.000000,
          "stddev" : 0.000000,
          "N" : 0
        },
        "clat_ns" : {
          "min" : 0,
          "max" : 0,
          "mean" : 0.000000,
          "stddev" : 0.000000,
          "N" : 0
        },
        "lat_ns" : {
          "min" : 0,
          "max" : 0,
          "mean" : 0.000000,
          "stddev" : 0.000000,
          "N" : 0
        },
        "bw_min" : 0,
        "bw_max" : 0,
        "bw_agg" : 0.000000,
        "bw_mean" : 0.000000,
        "bw_dev" : 0.000000,
        "bw_samples" : 0,
        "iops_min" : 0,
        "iops_max" : 0,
        "iops_mean" : 0.000000,
        "iops_stddev" : 0.000000,
        "iops_samples" : 0
      },
      "write" : {
        "io_bytes" : 5993826091008,
        "io_kbytes" : 5853345792,
        "bw_bytes" : 8324746897,
        "bw" : 8129635,
        "iops" : 7939.097307,
        "runtime" : 720001,
        "total_ios" : 5716158,
        "short_ios" : 0,
        "drop_ios" : 0,
        "slat_ns" : {
          "min" : 8160,
          "max" : 411163,
          "mean" : 16237.828728,
          "stddev" : 3700.760095,
          "N" : 5716158
        },
        "clat_ns" : {
          "min" : 108741,
          "max" : 10157618,
          "mean" : 487233.410138,
          "stddev" : 269700.130406,
          "N" : 5716158,
          "percentile" : {
            "1.000000" : 226304,
            "5.000000" : 342016,
            "10.000000" : 366592,
            "20.000000" : 391168,
            "30.000000" : 407552,
            "40.000000" : 423936,
            "50.000000" : 432128,
            "60.000000" : 456704,
            "70.000000" : 489472,
            "80.000000" : 528384,
            "90.000000" : 602112,
            "95.000000" : 684032,
            "99.000000" : 1941504,
            "99.500000" : 2244608,
            "99.900000" : 2768896,
            "99.950000" : 4227072,
            "99.990000" : 6717440
          }
        },
        "lat_ns" : {
          "min" : 124291,
          "max" : 10172969,
          "mean" : 503471.238866,
          "stddev" : 269631.673694,
          "N" : 5716158
        },
        "bw_min" : 7366656,
        "bw_max" : 8525824,
        "bw_agg" : 100.000000,
        "bw_mean" : 8132715.757470,
        "bw_dev" : 312067.682695,
        "bw_samples" : 1439,
        "iops_min" : 7194,
        "iops_max" : 8326,
        "iops_mean" : 7942.052814,
        "iops_stddev" : 304.771181,
        "iops_samples" : 1439
      },
      "trim" : {
        "io_bytes" : 0,
        "io_kbytes" : 0,
        "bw_bytes" : 0,
        "bw" : 0,
        "iops" : 0.000000,
        "runtime" : 0,
        "total_ios" : 0,
        "short_ios" : 0,
        "drop_ios" : 0,
        "slat_ns" : {
          "min" : 0,
          "max" : 0,
          "mean" : 0.000000,
          "stddev" : 0.000000,
          "N" : 0
        },
        "clat_ns" : {
          "min" : 0,
          "max" : 0,
          "mean" : 0.000000,
          "stddev" : 0.000000,
          "N" : 0
        },
        "lat_ns" : {
          "min" : 0,
          "max" : 0,
          "mean" : 0.000000,
          "stddev" : 0.000000,
          "N" : 0
        },
        "bw_min" : 0,
        "bw_max" : 0,
        "bw_agg" : 0.000000,
        "bw_mean" : 0.000000,
        "bw_dev" : 0.000000,
        "bw_samples" : 0,
        "iops_min" : 0,
        "iops_max" : 0,
        "iops_mean" : 0.000000,
        "iops_stddev" : 0.000000,
        "iops_samples" : 0
      },
      "sync" : {
        "total_ios" : 0,
        "lat_ns" : {
          "min" : 0,
          "max" : 0,
          "mean" : 0.000000,
          "stddev" : 0.000000,
          "N" : 0
        }
      },
      "job_runtime" : 720000,
      "usr_cpu" : 4.494861,
      "sys_cpu" : 9.662917,
      "ctx" : 5718228,
      "majf" : 0,
      "minf" : 1,
      "iodepth_level" : {
        "1" : 0.100000,
        "2" : 0.100000,
        "4" : 99.999948,
        "8" : 0.000000,
        "16" : 0.000000,
        "32" : 0.000000,
        ">=64" : 0.000000
      },
      "iodepth_submit" : {
        "0" : 0.000000,
        "4" : 100.000000,
        "8" : 0.000000,
        "16" : 0.000000,
        "32" : 0.000000,
        "64" : 0.000000,
        ">=64" : 0.000000
      },
      "iodepth_complete" : {
        "0" : 0.000000,
        "4" : 100.000000,
        "8" : 0.000000,
        "16" : 0.000000,
        "32" : 0.000000,
        "64" : 0.000000,
        ">=64" : 0.000000
      },
      "latency_ns" : {
        "2" : 0.000000,
        "4" : 0.000000,
        "10" : 0.000000,
        "20" : 0.000000,
        "50" : 0.000000,
        "100" : 0.000000,
        "250" : 0.000000,
        "500" : 0.000000,
        "750" : 0.000000,
        "1000" : 0.000000
      },
      "latency_us" : {
        "2" : 0.000000,
        "4" : 0.000000,
        "10" : 0.000000,
        "20" : 0.000000,
        "50" : 0.000000,
        "100" : 0.000000,
        "250" : 1.787179,
        "500" : 71.547462,
        "750" : 23.574121,
        "1000" : 1.051371
      },
      "latency_ms" : {
        "2" : 1.153362,
        "4" : 0.835421,
        "10" : 0.051013,
        "20" : 0.010000,
        "50" : 0.000000,
        "100" : 0.000000,
        "250" : 0.000000,
        "500" : 0.000000,
        "750" : 0.000000,
        "1000" : 0.000000,
        "2000" : 0.000000,
        ">=2000" : 0.000000
      },
      "latency_depth" : 4,
      "latency_target" : 0,
      "latency_percentile" : 100.000000,
      "latency_window" : 0
    }
  ],
  "disk_util" : [
    {
      "name" : "nvme0n1",
      "read_ios" : 0,
      "write_ios" : 45721694,
      "read_merges" : 0,
      "write_merges" : 1248,
      "read_ticks" : 0,
      "write_ticks" : 19887572,
      "in_queue" : 19887572,
      "util" : 94.589292
    }
  ]
}
