{
  "fio version" : "fio-3.39",
  "timestamp" : 1764000890,
  "timestamp_ms" : 1764000890017,
  "time" : "Mon Nov 24 16:14:50 2025",
  "global options" : {
    "ioengine" : "libaio",
    "direct" : "1",
    "thread" : "1",
    "group_reporting" : "1",
    "time_based" : "1",
    "runtime" : "720"
  },
  "jobs" : [
    {
      "jobname" : "solana-snapshot-write",
      "groupid" : 0,
      "job_start" : 1764000169873,
      "error" : 0,
      "eta" : 0,
      "elapsed" : 721,
      "job options" : {
        "name" : "solana-snapshot-write",
        "rw" : "write",
        "bs" : "1M",
        "size" : "100G",
        "iodepth" : "4",
        "filename" : "/mnt/xfs/snapshot.dat"
      },
      "read" : {
        "io_bytes" : 0,
        "io_kbytes" : 0,
        "bw_bytes" : 0,
        "bw" : 0,
        "iops" : 0.000000,
        "runtime" : 0,
        "total_ios" : 0,
        "short_ios" : 0,
        "drop_ios" : 0,
        "slat_ns" : {
          "min" : 0,
          "max" : 0,
          "mean" : 0.000000,
          "stddev" : 0.000000,
          "N" : 0
        },
        "clat_ns" : {
          "min" : 0,
          "max" : 0,
          "mean" : 0.000000,
          "stddev" : 0.000000,
          "N" : 0
        },
        "lat_ns" : {
          "min" : 0,
          "max" : 0,
          "mean" : 0.000000,
          "stddev" : 0.000000,
          "N" : 0
        },
        "bw_min" : 0,
        "bw_max" : 0,
        "bw_agg" : 0.000000,
        "bw_mean" : 0.000000,
        "bw_dev" : 0.000000,
        "bw_samples" : 0,
        "iops_min" : 0,
        "iops_max" : 0,
        "iops_mean" : 0.000000,
        "iops_stddev" : 0.000000,
        "iops_samples" : 0
      },
      "write" : {
        "io_bytes" : 3519448875008,
        "io_kbytes" : 3436961792,
        "bw_bytes" : 4888116648,
        "bw" : 4773551,
        "iops" : 4661.671303,
        "runtime" : 720001,
        "total_ios" : 3356408,
        "short_ios" : 0,
        "drop_ios" : 0,
        "slat_ns" : {
          "min" : 13480,
          "max" : 1712588,
          "mean" : 33335.337402,
          "stddev" : 12139.283023,
          "N" : 3356408
        },
        "clat_ns" : {
          "min" : 176380,
          "max" : 10813633,
          "mean" : 824387.684960,
          "stddev" : 116970.665570,
          "N" : 3356408,
          "percentile" : {
            "1.000000" : 757760,
            "5.000000" : 774144,
            "10.000000" : 782336,
            "20.000000" : 798720,
            "30.000000" : 806912,
            "40.000000" : 815104,
            "50.000000" : 823296,
            "60.000000" : 823296,
            "70.000000" : 831488,
            "80.000000" : 839680,
            "90.000000" : 856064,
            "95.000000" : 864256,
            "99.000000" : 921600,
            "99.500000" : 1056768,
            "99.900000" : 1433600,
            "99.950000" : 2703360,
            "99.990000" : 5734400
          }
        },
        "lat_ns" : {
          "min" : 204030,
          "max" : 10848312,
          "mean" : 857723.022362,
          "stddev" : 116336.138919,
          "N" : 3356408
        },
        "bw_min" : 4646912,
        "bw_max" : 4835328,
        "bw_agg" : 100.000000,
        "bw_mean" : 4775378.871439,
        "bw_dev" : 39007.927363,
        "bw_samples" : 1439,
        "iops_min" : 4538,
        "iops_max" : 4722,
        "iops_mean" : 4663.425990,
        "iops_stddev" : 38.087063,
        "iops_samples" : 1439
      },
      "trim" : {
        "io_bytes" : 0,
        "io_kbytes" : 0,
        "bw_bytes" : 0,
        "bw" : 0,
        "iops" : 0.000000,
        "runtime" : 0,
        "total_ios" : 0,
        "short_ios" : 0,
        "drop_ios" : 0,
        "slat_ns" : {
          "min" : 0,
          "max" : 0,
          "mean" : 0.000000,
          "stddev" : 0.000000,
          "N" : 0
        },
        "clat_ns" : {
          "min" : 0,
          "max" : 0,
          "mean" : 0.000000,
          "stddev" : 0.000000,
          "N" : 0
        },
        "lat_ns" : {
          "min" : 0,
          "max" : 0,
          "mean" : 0.000000,
          "stddev" : 0.000000,
          "N" : 0
        },
        "bw_min" : 0,
        "bw_max" : 0,
        "bw_agg" : 0.000000,
        "bw_mean" : 0.000000,
        "bw_dev" : 0.000000,
        "bw_samples" : 0,
        "iops_min" : 0,
        "iops_max" : 0,
        "iops_mean" : 0.000000,
        "iops_stddev" : 0.000000,
        "iops_samples" : 0
      },
      "sync" : {
        "total_ios" : 0,
        "lat_ns" : {
          "min" : 0,
          "max" : 0,
          "mean" : 0.000000,
          "stddev" : 0.000000,
          "N" : 0
        }
      },
      "job_runtime" : 720000,
      "usr_cpu" : 2.822778,
      "sys_cpu" : 14.145972,
      "ctx" : 3365445,
      "majf" : 0,
      "minf" : 1,
      "iodepth_level" : {
        "1" : 0.100000,
        "2" : 0.100000,
        "4" : 99.999911,
        "8" : 0.000000,
        "16" : 0.000000,
        "32" : 0.000000,
        ">=64" : 0.000000
      },
      "iodepth_submit" : {
        "0" : 0.000000,
        "4" : 100.000000,
        "8" : 0.000000,
        "16" : 0.000000,
        "32" : 0.000000,
        "64" : 0.000000,
        ">=64" : 0.000000
      },
      "iodepth_complete" : {
        "0" : 0.000000,
        "4" : 100.000000,
        "8" : 0.000000,
        "16" : 0.000000,
        "32" : 0.000000,
        "64" : 0.000000,
        ">=64" : 0.000000
      },
      "latency_ns" : {
        "2" : 0.000000,
        "4" : 0.000000,
        "10" : 0.000000,
        "20" : 0.000000,
        "50" : 0.000000,
        "100" : 0.000000,
        "250" : 0.000000,
        "500" : 0.000000,
        "750" : 0.000000,
        "1000" : 0.000000
      },
      "latency_us" : {
        "2" : 0.000000,
        "4" : 0.000000,
        "10" : 0.000000,
        "20" : 0.000000,
        "50" : 0.000000,
        "100" : 0.000000,
        "250" : 0.010000,
        "500" : 0.010000,
        "750" : 0.356452,
        "1000" : 98.991183
      },
      "latency_ms" : {
        "2" : 0.589946,
        "4" : 0.010000,
        "10" : 0.049189,
        "20" : 0.010000,
        "50" : 0.000000,
        "100" : 0.000000,
        "250" : 0.000000,
        "500" : 0.000000,
        "750" : 0.000000,
        "1000" : 0.000000,
        "2000" : 0.000000,
        ">=2000" : 0.000000
      },
      "latency_depth" : 4,
      "latency_target" : 0,
      "latency_percentile" : 100.000000,
      "latency_window" : 0
    }
  ],
  "disk_util" : [
    {
      "name" : "nvme3n1",
      "read_ios" : 0,
      "write_ios" : 26847363,
      "read_sectors" : 0,
      "write_sectors" : 6872894240,
      "read_merges" : 0,
      "write_merges" : 335,
      "read_ticks" : 0,
      "write_ticks" : 19778597,
      "in_queue" : 19778596,
      "util" : 93.951537
    }
  ]
}
