{
  "fio version" : "fio-3.39",
  "timestamp" : 1764000169,
  "timestamp_ms" : 1764000169560,
  "time" : "Mon Nov 24 16:02:49 2025",
  "global options" : {
    "ioengine" : "libaio",
    "direct" : "1",
    "thread" : "1",
    "group_reporting" : "1",
    "time_based" : "1",
    "runtime" : "720"
  },
  "jobs" : [
    {
      "jobname" : "solana-snapshot-write",
      "groupid" : 0,
      "job_start" : 1763999449238,
      "error" : 0,
      "eta" : 0,
      "elapsed" : 721,
      "job options" : {
        "name" : "solana-snapshot-write",
        "rw" : "write",
        "bs" : "1M",
        "size" : "100G",
        "iodepth" : "4",
        "filename" : "/mnt/ext4/snapshot.dat"
      },
      "read" : {
        "io_bytes" : 0,
        "io_kbytes" : 0,
        "bw_bytes" : 0,
        "bw" : 0,
        "iops" : 0.000000,
        "runtime" : 0,
        "total_ios" : 0,
        "short_ios" : 0,
        "drop_ios" : 0,
        "slat_ns" : {
          "min" : 0,
          "max" : 0,
          "mean" : 0.000000,
          "stddev" : 0.000000,
          "N" : 0
        },
        "clat_ns" : {
          "min" : 0,
          "max" : 0,
          "mean" : 0.000000,
          "stddev" : 0.000000,
          "N" : 0
        },
        "lat_ns" : {
          "min" : 0,
          "max" : 0,
          "mean" : 0.000000,
          "stddev" : 0.000000,
          "N" : 0
        },
        "bw_min" : 0,
        "bw_max" : 0,
        "bw_agg" : 0.000000,
        "bw_mean" : 0.000000,
        "bw_dev" : 0.000000,
        "bw_samples" : 0,
        "iops_min" : 0,
        "iops_max" : 0,
        "iops_mean" : 0.000000,
        "iops_stddev" : 0.000000,
        "iops_samples" : 0
      },
      "write" : {
        "io_bytes" : 5960072429568,
        "io_kbytes" : 5820383232,
        "bw_bytes" : 8277866877,
        "bw" : 8083854,
        "iops" : 7894.389036,
        "runtime" : 720001,
        "total_ios" : 5683968,
        "short_ios" : 0,
        "drop_ios" : 0,
        "slat_ns" : {
          "min" : 13460,
          "max" : 261490,
          "mean" : 37605.874623,
          "stddev" : 13574.931954,
          "N" : 5683968
        },
        "clat_ns" : {
          "min" : 103830,
          "max" : 9976971,
          "mean" : 468705.818039,
          "stddev" : 275625.531605,
          "N" : 5683968,
          "percentile" : {
            "1.000000" : 197632,
            "5.000000" : 317440,
            "10.000000" : 342016,
            "20.000000" : 366592,
            "30.000000" : 382976,
            "40.000000" : 399360,
            "50.000000" : 419840,
            "60.000000" : 440320,
            "70.000000" : 473088,
            "80.000000" : 514048,
            "90.000000" : 585728,
            "95.000000" : 667648,
            "99.000000" : 1957888,
            "99.500000" : 2277376,
            "99.900000" : 2965504,
            "99.950000" : 4112384,
            "99.990000" : 6717440
          }
        },
        "lat_ns" : {
          "min" : 148610,
          "max" : 10009581,
          "mean" : 506311.692663,
          "stddev" : 274832.633129,
          "N" : 5683968
        },
        "bw_min" : 6574080,
        "bw_max" : 8480768,
        "bw_agg" : 100.000000,
        "bw_mean" : 8085963.226389,
        "bw_dev" : 310186.843233,
        "bw_samples" : 1440,
        "iops_min" : 6420,
        "iops_max" : 8282,
        "iops_mean" : 7896.393056,
        "iops_stddev" : 302.930688,
        "iops_samples" : 1440
      },
      "trim" : {
        "io_bytes" : 0,
        "io_kbytes" : 0,
        "bw_bytes" : 0,
        "bw" : 0,
        "iops" : 0.000000,
        "runtime" : 0,
        "total_ios" : 0,
        "short_ios" : 0,
        "drop_ios" : 0,
        "slat_ns" : {
          "min" : 0,
          "max" : 0,
          "mean" : 0.000000,
          "stddev" : 0.000000,
          "N" : 0
        },
        "clat_ns" : {
          "min" : 0,
          "max" : 0,
          "mean" : 0.000000,
          "stddev" : 0.000000,
          "N" : 0
        },
        "lat_ns" : {
          "min" : 0,
          "max" : 0,
          "mean" : 0.000000,
          "stddev" : 0.000000,
          "N" : 0
        },
        "bw_min" : 0,
        "bw_max" : 0,
        "bw_agg" : 0.000000,
        "bw_mean" : 0.000000,
        "bw_dev" : 0.000000,
        "bw_samples" : 0,
        "iops_min" : 0,
        "iops_max" : 0,
        "iops_mean" : 0.000000,
        "iops_stddev" : 0.000000,
        "iops_samples" : 0
      },
      "sync" : {
        "total_ios" : 0,
        "lat_ns" : {
          "min" : 0,
          "max" : 0,
          "mean" : 0.000000,
          "stddev" : 0.000000,
          "N" : 0
        }
      },
      "job_runtime" : 720000,
      "usr_cpu" : 5.444306,
      "sys_cpu" : 26.732778,
      "ctx" : 5696601,
      "majf" : 0,
      "minf" : 1,
      "iodepth_level" : {
        "1" : 0.100000,
        "2" : 0.100000,
        "4" : 99.999947,
        "8" : 0.000000,
        "16" : 0.000000,
        "32" : 0.000000,
        ">=64" : 0.000000
      },
      "iodepth_submit" : {
        "0" : 0.000000,
        "4" : 100.000000,
        "8" : 0.000000,
        "16" : 0.000000,
        "32" : 0.000000,
        "64" : 0.000000,
        ">=64" : 0.000000
      },
      "iodepth_complete" : {
        "0" : 0.000000,
        "4" : 100.000000,
        "8" : 0.000000,
        "16" : 0.000000,
        "32" : 0.000000,
        "64" : 0.000000,
        ">=64" : 0.000000
      },
      "latency_ns" : {
        "2" : 0.000000,
        "4" : 0.000000,
        "10" : 0.000000,
        "20" : 0.000000,
        "50" : 0.000000,
        "100" : 0.000000,
        "250" : 0.000000,
        "500" : 0.000000,
        "750" : 0.000000,
        "1000" : 0.000000
      },
      "latency_us" : {
        "2" : 0.000000,
        "4" : 0.000000,
        "10" : 0.000000,
        "20" : 0.000000,
        "50" : 0.000000,
        "100" : 0.000000,
        "250" : 2.451703,
        "500" : 74.658408,
        "750" : 19.991105,
        "1000" : 0.870853
      },
      "latency_ms" : {
        "2" : 1.101431,
        "4" : 0.875990,
        "10" : 0.050510,
        "20" : 0.000000,
        "50" : 0.000000,
        "100" : 0.000000,
        "250" : 0.000000,
        "500" : 0.000000,
        "750" : 0.000000,
        "1000" : 0.000000,
        "2000" : 0.000000,
        ">=2000" : 0.000000
      },
      "latency_depth" : 4,
      "latency_target" : 0,
      "latency_percentile" : 100.000000,
      "latency_window" : 0
    }
  ],
  "disk_util" : [
    {
      "name" : "nvme2n1",
      "read_ios" : 0,
      "write_ios" : 45461903,
      "read_sectors" : 0,
      "write_sectors" : 11638166000,
      "read_merges" : 0,
      "write_merges" : 1758,
      "read_ticks" : 0,
      "write_ticks" : 19160277,
      "in_queue" : 19160278,
      "util" : 92.045177
    }
  ]
}
