{
  "fio version" : "fio-3.39",
  "timestamp" : 1763994104,
  "timestamp_ms" : 1763994104021,
  "time" : "Mon Nov 24 14:21:44 2025",
  "global options" : {
    "ioengine" : "libaio",
    "direct" : "1",
    "thread" : "1",
    "group_reporting" : "1",
    "time_based" : "1",
    "runtime" : "720"
  },
  "jobs" : [
    {
      "jobname" : "solana-snapshot-write",
      "groupid" : 0,
      "job_start" : 1763993383877,
      "error" : 0,
      "eta" : 0,
      "elapsed" : 721,
      "job options" : {
        "name" : "solana-snapshot-write",
        "rw" : "write",
        "bs" : "1M",
        "size" : "100G",
        "iodepth" : "4",
        "filename" : "/mnt/xfs/snapshot.dat"
      },
      "read" : {
        "io_bytes" : 0,
        "io_kbytes" : 0,
        "bw_bytes" : 0,
        "bw" : 0,
        "iops" : 0.000000,
        "runtime" : 0,
        "total_ios" : 0,
        "short_ios" : 0,
        "drop_ios" : 0,
        "slat_ns" : {
          "min" : 0,
          "max" : 0,
          "mean" : 0.000000,
          "stddev" : 0.000000,
          "N" : 0
        },
        "clat_ns" : {
          "min" : 0,
          "max" : 0,
          "mean" : 0.000000,
          "stddev" : 0.000000,
          "N" : 0
        },
        "lat_ns" : {
          "min" : 0,
          "max" : 0,
          "mean" : 0.000000,
          "stddev" : 0.000000,
          "N" : 0
        },
        "bw_min" : 0,
        "bw_max" : 0,
        "bw_agg" : 0.000000,
        "bw_mean" : 0.000000,
        "bw_dev" : 0.000000,
        "bw_samples" : 0,
        "iops_min" : 0,
        "iops_max" : 0,
        "iops_mean" : 0.000000,
        "iops_stddev" : 0.000000,
        "iops_samples" : 0
      },
      "write" : {
        "io_bytes" : 6087466024960,
        "io_kbytes" : 5944791040,
        "bw_bytes" : 8454802180,
        "bw" : 8256642,
        "iops" : 8063.127690,
        "runtime" : 720001,
        "total_ios" : 5805460,
        "short_ios" : 0,
        "drop_ios" : 0,
        "slat_ns" : {
          "min" : 13090,
          "max" : 10822171,
          "mean" : 33293.263070,
          "stddev" : 11230.732523,
          "N" : 5805460
        },
        "clat_ns" : {
          "min" : 108880,
          "max" : 11231700,
          "mean" : 462409.252315,
          "stddev" : 268201.542846,
          "N" : 5805460,
          "percentile" : {
            "1.000000" : 201728,
            "5.000000" : 321536,
            "10.000000" : 350208,
            "20.000000" : 374784,
            "30.000000" : 391168,
            "40.000000" : 403456,
            "50.000000" : 411648,
            "60.000000" : 428032,
            "70.000000" : 452608,
            "80.000000" : 493568,
            "90.000000" : 561152,
            "95.000000" : 643072,
            "99.000000" : 1925120,
            "99.500000" : 2211840,
            "99.900000" : 2670592,
            "99.950000" : 3817472,
            "99.990000" : 6717440
          }
        },
        "lat_ns" : {
          "min" : 141629,
          "max" : 11259680,
          "mean" : 495702.515384,
          "stddev" : 267652.362961,
          "N" : 5805460
        },
        "bw_min" : 7385523,
        "bw_max" : 8665088,
        "bw_agg" : 100.000000,
        "bw_mean" : 8259843.892286,
        "bw_dev" : 335389.190214,
        "bw_samples" : 1439,
        "iops_min" : 7212,
        "iops_max" : 8462,
        "iops_mean" : 8066.198749,
        "iops_stddev" : 327.526658,
        "iops_samples" : 1439
      },
      "trim" : {
        "io_bytes" : 0,
        "io_kbytes" : 0,
        "bw_bytes" : 0,
        "bw" : 0,
        "iops" : 0.000000,
        "runtime" : 0,
        "total_ios" : 0,
        "short_ios" : 0,
        "drop_ios" : 0,
        "slat_ns" : {
          "min" : 0,
          "max" : 0,
          "mean" : 0.000000,
          "stddev" : 0.000000,
          "N" : 0
        },
        "clat_ns" : {
          "min" : 0,
          "max" : 0,
          "mean" : 0.000000,
          "stddev" : 0.000000,
          "N" : 0
        },
        "lat_ns" : {
          "min" : 0,
          "max" : 0,
          "mean" : 0.000000,
          "stddev" : 0.000000,
          "N" : 0
        },
        "bw_min" : 0,
        "bw_max" : 0,
        "bw_agg" : 0.000000,
        "bw_mean" : 0.000000,
        "bw_dev" : 0.000000,
        "bw_samples" : 0,
        "iops_min" : 0,
        "iops_max" : 0,
        "iops_mean" : 0.000000,
        "iops_stddev" : 0.000000,
        "iops_samples" : 0
      },
      "sync" : {
        "total_ios" : 0,
        "lat_ns" : {
          "min" : 0,
          "max" : 0,
          "mean" : 0.000000,
          "stddev" : 0.000000,
          "N" : 0
        }
      },
      "job_runtime" : 720000,
      "usr_cpu" : 5.338611,
      "sys_cpu" : 24.149306,
      "ctx" : 5815892,
      "majf" : 0,
      "minf" : 1,
      "iodepth_level" : {
        "1" : 0.100000,
        "2" : 0.100000,
        "4" : 99.999948,
        "8" : 0.000000,
        "16" : 0.000000,
        "32" : 0.000000,
        ">=64" : 0.000000
      },
      "iodepth_submit" : {
        "0" : 0.000000,
        "4" : 100.000000,
        "8" : 0.000000,
        "16" : 0.000000,
        "32" : 0.000000,
        "64" : 0.000000,
        ">=64" : 0.000000
      },
      "iodepth_complete" : {
        "0" : 0.000000,
        "4" : 100.000000,
        "8" : 0.000000,
        "16" : 0.000000,
        "32" : 0.000000,
        "64" : 0.000000,
        ">=64" : 0.000000
      },
      "latency_ns" : {
        "2" : 0.000000,
        "4" : 0.000000,
        "10" : 0.000000,
        "20" : 0.000000,
        "50" : 0.000000,
        "100" : 0.000000,
        "250" : 0.000000,
        "500" : 0.000000,
        "750" : 0.000000,
        "1000" : 0.000000
      },
      "latency_us" : {
        "2" : 0.000000,
        "4" : 0.000000,
        "10" : 0.000000,
        "20" : 0.000000,
        "50" : 0.000000,
        "100" : 0.000000,
        "250" : 2.399810,
        "500" : 78.732762,
        "750" : 16.250030,
        "1000" : 0.573581
      },
      "latency_ms" : {
        "2" : 1.180079,
        "4" : 0.814061,
        "10" : 0.049436,
        "20" : 0.010000,
        "50" : 0.000000,
        "100" : 0.000000,
        "250" : 0.000000,
        "500" : 0.000000,
        "750" : 0.000000,
        "1000" : 0.000000,
        "2000" : 0.000000,
        ">=2000" : 0.000000
      },
      "latency_depth" : 4,
      "latency_target" : 0,
      "latency_percentile" : 100.000000,
      "latency_window" : 0
    }
  ],
  "disk_util" : [
    {
      "name" : "nvme3n1",
      "read_ios" : 0,
      "write_ios" : 46436576,
      "read_sectors" : 0,
      "write_sectors" : 11887719232,
      "read_merges" : 0,
      "write_merges" : 573,
      "read_ticks" : 0,
      "write_ticks" : 19167800,
      "in_queue" : 19167800,
      "util" : 93.156189
    }
  ]
}
