{
  "fio version" : "fio-3.33",
  "timestamp" : 1754245337,
  "timestamp_ms" : 1754245337507,
  "time" : "Sun Aug  3 18:22:17 2025",
  "global options" : {
    "ioengine" : "libaio",
    "direct" : "1",
    "thread" : "1",
    "time_based" : "1",
    "runtime" : "720",
    "group_reporting" : "1",
    "rw" : "randrw",
    "rwmixread" : "10",
    "bs" : "4k",
    "iodepth" : "1000",
    "numjobs" : "1000",
    "size" : "1M",
    "randrepeat" : "0",
    "norandommap" : "1"
  },
  "jobs" : [
    {
      "jobname" : "job1",
      "groupid" : 0,
      "error" : 11,
      "eta" : 0,
      "elapsed" : 6,
      "job options" : {
        "directory" : "/mnt/ext4"
      },
      "read" : {
        "io_bytes" : 2460721152,
        "io_kbytes" : 2403048,
        "bw_bytes" : 470141603,
        "bw" : 459122,
        "iops" : 114780.664883,
        "runtime" : 5234,
        "total_ios" : 600762,
        "short_ios" : 0,
        "drop_ios" : 0,
        "slat_ns" : {
          "min" : 880,
          "max" : 27056048,
          "mean" : 24579.746069,
          "stddev" : 129758.782782,
          "N" : 600762
        },
        "clat_ns" : {
          "min" : 70680,
          "max" : 118671555,
          "mean" : 55046707.560215,
          "stddev" : 8561122.619126,
          "N" : 600762,
          "percentile" : {
            "1.000000" : 13172736,
            "5.000000" : 49020928,
            "10.000000" : 52166656,
            "20.000000" : 53739520,
            "30.000000" : 54263808,
            "40.000000" : 54788096,
            "50.000000" : 55312384,
            "60.000000" : 55836672,
            "70.000000" : 56360960,
            "80.000000" : 57409536,
            "90.000000" : 60030976,
            "95.000000" : 63176704,
            "99.000000" : 80216064,
            "99.500000" : 92798976,
            "99.900000" : 107479040,
            "99.950000" : 109576192,
            "99.990000" : 111673344
          }
        },
        "lat_ns" : {
          "min" : 73010,
          "max" : 118673955,
          "mean" : 55071287.306284,
          "stddev" : 8563929.070656,
          "N" : 600762
        },
        "bw_min" : 418087,
        "bw_max" : 513833,
        "bw_agg" : 99.785535,
        "bw_mean" : 458138.088889,
        "bw_dev" : 518.975696,
        "bw_samples" : 649,
        "iops_min" : 104497,
        "iops_max" : 128430,
        "iops_mean" : 114508.466667,
        "iops_stddev" : 129.737813,
        "iops_samples" : 649
      },
      "write" : {
        "io_bytes" : 22164033536,
        "io_kbytes" : 21644564,
        "bw_bytes" : 4234626200,
        "bw" : 4135377,
        "iops" : 1033844.287352,
        "runtime" : 5234,
        "total_ios" : 5411141,
        "short_ios" : 0,
        "drop_ios" : 0,
        "slat_ns" : {
          "min" : 1010,
          "max" : 45661872,
          "mean" : 25298.169060,
          "stddev" : 197078.121038,
          "N" : 5411141
        },
        "clat_ns" : {
          "min" : 441643,
          "max" : 120019402,
          "mean" : 55775633.958792,
          "stddev" : 8502337.934982,
          "N" : 5411141,
          "percentile" : {
            "1.000000" : 14745600,
            "5.000000" : 49545216,
            "10.000000" : 52690944,
            "20.000000" : 54263808,
            "30.000000" : 54788096,
            "40.000000" : 55312384,
            "50.000000" : 55836672,
            "60.000000" : 56360960,
            "70.000000" : 56885248,
            "80.000000" : 57933824,
            "90.000000" : 60555264,
            "95.000000" : 64225280,
            "99.000000" : 81264640,
            "99.500000" : 92798976,
            "99.900000" : 107479040,
            "99.950000" : 109576192,
            "99.990000" : 112721920
          }
        },
        "lat_ns" : {
          "min" : 451712,
          "max" : 120022202,
          "mean" : 55800932.127852,
          "stddev" : 8503999.333077,
          "N" : 5411141
        },
        "bw_min" : 3802996,
        "bw_max" : 4541454,
        "bw_agg" : 99.819046,
        "bw_mean" : 4127894.144444,
        "bw_dev" : 4261.815739,
        "bw_samples" : 649,
        "iops_min" : 950723,
        "iops_max" : 1135337,
        "iops_mean" : 1031948.066667,
        "iops_stddev" : 1065.451233,
        "iops_samples" : 649
      },
      "trim" : {
        "io_bytes" : 0,
        "io_kbytes" : 0,
        "bw_bytes" : 0,
        "bw" : 0,
        "iops" : 0.000000,
        "runtime" : 0,
        "total_ios" : 0,
        "short_ios" : 0,
        "drop_ios" : 0,
        "slat_ns" : {
          "min" : 0,
          "max" : 0,
          "mean" : 0.000000,
          "stddev" : 0.000000,
          "N" : 0
        },
        "clat_ns" : {
          "min" : 0,
          "max" : 0,
          "mean" : 0.000000,
          "stddev" : 0.000000,
          "N" : 0
        },
        "lat_ns" : {
          "min" : 0,
          "max" : 0,
          "mean" : 0.000000,
          "stddev" : 0.000000,
          "N" : 0
        },
        "bw_min" : 0,
        "bw_max" : 0,
        "bw_agg" : 0.000000,
        "bw_mean" : 0.000000,
        "bw_dev" : 0.000000,
        "bw_samples" : 0,
        "iops_min" : 0,
        "iops_max" : 0,
        "iops_mean" : 0.000000,
        "iops_stddev" : 0.000000,
        "iops_samples" : 0
      },
      "sync" : {
        "total_ios" : 0,
        "lat_ns" : {
          "min" : 0,
          "max" : 0,
          "mean" : 0.000000,
          "stddev" : 0.000000,
          "N" : 0
        }
      },
      "job_runtime" : 337108,
      "usr_cpu" : 1.806543,
      "sys_cpu" : 6.495841,
      "ctx" : 1407009,
      "majf" : 0,
      "minf" : 70,
      "iodepth_level" : {
        "1" : 0.100000,
        "2" : 0.100000,
        "4" : 0.100000,
        "8" : 0.100000,
        "16" : 0.100000,
        "32" : 0.100000,
        ">=64" : 99.931885
      },
      "iodepth_submit" : {
        "0" : 0.000000,
        "4" : 100.000000,
        "8" : 0.000000,
        "16" : 0.000000,
        "32" : 0.000000,
        "64" : 0.000000,
        ">=64" : 0.000000
      },
      "iodepth_complete" : {
        "0" : 0.000000,
        "4" : 99.998907,
        "8" : 0.000000,
        "16" : 0.000000,
        "32" : 0.000000,
        "64" : 0.000000,
        ">=64" : 0.100000
      },
      "latency_ns" : {
        "2" : 0.000000,
        "4" : 0.000000,
        "10" : 0.000000,
        "20" : 0.000000,
        "50" : 0.000000,
        "100" : 0.000000,
        "250" : 0.000000,
        "500" : 0.000000,
        "750" : 0.000000,
        "1000" : 0.000000
      },
      "latency_us" : {
        "2" : 0.000000,
        "4" : 0.000000,
        "10" : 0.000000,
        "20" : 0.000000,
        "50" : 0.000000,
        "100" : 0.010000,
        "250" : 0.010000,
        "500" : 0.010000,
        "750" : 0.010000,
        "1000" : 0.010346
      },
      "latency_ms" : {
        "2" : 0.052679,
        "4" : 0.244299,
        "10" : 0.542624,
        "20" : 0.421198,
        "50" : 4.062707,
        "100" : 94.397348,
        "250" : 0.258288,
        "500" : 0.000000,
        "750" : 0.000000,
        "1000" : 0.000000,
        "2000" : 0.000000,
        ">=2000" : 0.000000
      }
    }
  ],
  "disk_util" : [
    {
      "name" : "nvme0n1",
      "read_ios" : 600570,
      "write_ios" : 5409045,
      "read_merges" : 0,
      "write_merges" : 65,
      "read_ticks" : 32298579,
      "write_ticks" : 294498328,
      "in_queue" : 326796908,
      "util" : 65.848214
    }
  ]
}
