{
  "fio version" : "fio-3.33",
  "timestamp" : 1753979778,
  "timestamp_ms" : 1753979778956,
  "time" : "Thu Jul 31 16:36:18 2025",
  "global options" : {
    "ioengine" : "libaio",
    "direct" : "1",
    "thread" : "1",
    "time_based" : "1",
    "runtime" : "720",
    "group_reporting" : "1",
    "rw" : "randrw",
    "rwmixread" : "10",
    "bs" : "4k",
    "iodepth" : "1000",
    "numjobs" : "1000",
    "size" : "1M",
    "randrepeat" : "0",
    "norandommap" : "1"
  },
  "jobs" : [
    {
      "jobname" : "job1",
      "groupid" : 0,
      "error" : 0,
      "eta" : 0,
      "elapsed" : 721,
      "job options" : {
        "directory" : "/mnt/ext4"
      },
      "read" : {
        "io_bytes" : 367493165056,
        "io_kbytes" : 358880044,
        "bw_bytes" : 510352594,
        "bw" : 498391,
        "iops" : 124597.801346,
        "runtime" : 720077,
        "total_ios" : 89720011,
        "short_ios" : 0,
        "drop_ios" : 0,
        "slat_ns" : {
          "min" : 1150,
          "max" : 111527020,
          "mean" : 788524.033252,
          "stddev" : 1955046.022378,
          "N" : 89720011
        },
        "clat_ns" : {
          "min" : 25191,
          "max" : 3106527076,
          "mean" : 799970850.776484,
          "stddev" : 127978339.195406,
          "N" : 89720011,
          "percentile" : {
            "1.000000" : 429916160,
            "5.000000" : 650117120,
            "10.000000" : 700448768,
            "20.000000" : 734003200,
            "30.000000" : 759169024,
            "40.000000" : 775946240,
            "50.000000" : 801112064,
            "60.000000" : 817889280,
            "70.000000" : 843055104,
            "80.000000" : 868220928,
            "90.000000" : 901775360,
            "95.000000" : 943718400,
            "99.000000" : 1199570944,
            "99.500000" : 1400897536,
            "99.900000" : 1887436800,
            "99.950000" : 2071986176,
            "99.990000" : 2432696320
          }
        },
        "lat_ns" : {
          "min" : 27371,
          "max" : 3106529936,
          "mean" : 800759374.809739,
          "stddev" : 128072948.685514,
          "N" : 89720011
        },
        "bw_min" : 91895,
        "bw_max" : 2238494,
        "bw_agg" : 100.000000,
        "bw_mean" : 498400.814079,
        "bw_dev" : 119.276812,
        "bw_samples" : 1433822,
        "iops_min" : 22379,
        "iops_max" : 559346,
        "iops_mean" : 124073.436961,
        "iops_stddev" : 29.891510,
        "iops_samples" : 1433822
      },
      "write" : {
        "io_bytes" : 3307257503744,
        "io_kbytes" : 3229743656,
        "bw_bytes" : 4592922012,
        "bw" : 4485275,
        "iops" : 1121318.850623,
        "runtime" : 720077,
        "total_ios" : 807435914,
        "short_ios" : 0,
        "drop_ios" : 0,
        "slat_ns" : {
          "min" : 1240,
          "max" : 127486957,
          "mean" : 801941.409466,
          "stddev" : 2040158.209549,
          "N" : 807435914
        },
        "clat_ns" : {
          "min" : 43800,
          "max" : 3128720175,
          "mean" : 801413780.152232,
          "stddev" : 128029618.468824,
          "N" : 807435914,
          "percentile" : {
            "1.000000" : 429916160,
            "5.000000" : 658505728,
            "10.000000" : 700448768,
            "20.000000" : 734003200,
            "30.000000" : 759169024,
            "40.000000" : 784334848,
            "50.000000" : 801112064,
            "60.000000" : 817889280,
            "70.000000" : 843055104,
            "80.000000" : 868220928,
            "90.000000" : 901775360,
            "95.000000" : 943718400,
            "99.000000" : 1199570944,
            "99.500000" : 1400897536,
            "99.900000" : 1887436800,
            "99.950000" : 2071986176,
            "99.990000" : 2432696320
          }
        },
        "lat_ns" : {
          "min" : 45570,
          "max" : 3140166803,
          "mean" : 802215721.561697,
          "stddev" : 128120160.223232,
          "N" : 807435914
        },
        "bw_min" : 950694,
        "bw_max" : 20055048,
        "bw_agg" : 100.000000,
        "bw_mean" : 4488822.085739,
        "bw_dev" : 931.058308,
        "bw_samples" : 1433829,
        "iops_min" : 237365,
        "iops_max" : 5013465,
        "iops_mean" : 1121803.956963,
        "iops_stddev" : 232.762582,
        "iops_samples" : 1433829
      },
      "trim" : {
        "io_bytes" : 0,
        "io_kbytes" : 0,
        "bw_bytes" : 0,
        "bw" : 0,
        "iops" : 0.000000,
        "runtime" : 0,
        "total_ios" : 0,
        "short_ios" : 0,
        "drop_ios" : 0,
        "slat_ns" : {
          "min" : 0,
          "max" : 0,
          "mean" : 0.000000,
          "stddev" : 0.000000,
          "N" : 0
        },
        "clat_ns" : {
          "min" : 0,
          "max" : 0,
          "mean" : 0.000000,
          "stddev" : 0.000000,
          "N" : 0
        },
        "lat_ns" : {
          "min" : 0,
          "max" : 0,
          "mean" : 0.000000,
          "stddev" : 0.000000,
          "N" : 0
        },
        "bw_min" : 0,
        "bw_max" : 0,
        "bw_agg" : 0.000000,
        "bw_mean" : 0.000000,
        "bw_dev" : 0.000000,
        "bw_samples" : 0,
        "iops_min" : 0,
        "iops_max" : 0,
        "iops_mean" : 0.000000,
        "iops_stddev" : 0.000000,
        "iops_samples" : 0
      },
      "sync" : {
        "total_ios" : 0,
        "lat_ns" : {
          "min" : 0,
          "max" : 0,
          "mean" : 0.000000,
          "stddev" : 0.000000,
          "N" : 0
        }
      },
      "job_runtime" : 720058492,
      "usr_cpu" : 0.197232,
      "sys_cpu" : 2.365311,
      "ctx" : 1585928072,
      "majf" : 0,
      "minf" : 3539,
      "iodepth_level" : {
        "1" : 0.100000,
        "2" : 0.100000,
        "4" : 0.100000,
        "8" : 0.100000,
        "16" : 0.100000,
        "32" : 0.100000,
        ">=64" : 99.992978
      },
      "iodepth_submit" : {
        "0" : 0.000000,
        "4" : 100.000000,
        "8" : 0.000000,
        "16" : 0.000000,
        "32" : 0.000000,
        "64" : 0.000000,
        ">=64" : 0.000000
      },
      "iodepth_complete" : {
        "0" : 0.000000,
        "4" : 99.999888,
        "8" : 0.000000,
        "16" : 0.000000,
        "32" : 0.000000,
        "64" : 0.000000,
        ">=64" : 0.100000
      },
      "latency_ns" : {
        "2" : 0.000000,
        "4" : 0.000000,
        "10" : 0.000000,
        "20" : 0.000000,
        "50" : 0.000000,
        "100" : 0.000000,
        "250" : 0.000000,
        "500" : 0.000000,
        "750" : 0.000000,
        "1000" : 0.000000
      },
      "latency_us" : {
        "2" : 0.000000,
        "4" : 0.000000,
        "10" : 0.000000,
        "20" : 0.000000,
        "50" : 0.010000,
        "100" : 0.010000,
        "250" : 0.010000,
        "500" : 0.010000,
        "750" : 0.010000,
        "1000" : 0.010000
      },
      "latency_ms" : {
        "2" : 0.010000,
        "4" : 0.010000,
        "10" : 0.010000,
        "20" : 0.010000,
        "50" : 0.010550,
        "100" : 0.172602,
        "250" : 0.399409,
        "500" : 0.828180,
        "750" : 24.105598,
        "1000" : 71.995609,
        "2000" : 2.415479,
        ">=2000" : 0.066555
      },
      "latency_depth" : 1000,
      "latency_target" : 0,
      "latency_percentile" : 100.000000,
      "latency_window" : 0
    }
  ],
  "disk_util" : [
    {
      "name" : "nvme0n1",
      "read_ios" : 89694284,
      "write_ios" : 807305272,
      "read_merges" : 0,
      "write_merges" : 0,
      "read_ticks" : 389116372,
      "write_ticks" : -603810412,
      "in_queue" : -214694040,
      "util" : 100.000000
    }
  ]
}
