{
  "fio version" : "fio-3.33",
  "timestamp" : 1753980500,
  "timestamp_ms" : 1753980500546,
  "time" : "Thu Jul 31 16:48:20 2025",
  "global options" : {
    "ioengine" : "libaio",
    "direct" : "1",
    "thread" : "1",
    "time_based" : "1",
    "runtime" : "720",
    "group_reporting" : "1",
    "rw" : "randrw",
    "rwmixread" : "10",
    "bs" : "4k",
    "iodepth" : "1000",
    "numjobs" : "1000",
    "size" : "1M",
    "randrepeat" : "0",
    "norandommap" : "1"
  },
  "jobs" : [
    {
      "jobname" : "job1",
      "groupid" : 0,
      "error" : 0,
      "eta" : 0,
      "elapsed" : 721,
      "job options" : {
        "directory" : "/mnt/xfs"
      },
      "read" : {
        "io_bytes" : 365674868736,
        "io_kbytes" : 357104364,
        "bw_bytes" : 507835210,
        "bw" : 495932,
        "iops" : 123983.205706,
        "runtime" : 720066,
        "total_ios" : 89276091,
        "short_ios" : 0,
        "drop_ios" : 0,
        "slat_ns" : {
          "min" : 1150,
          "max" : 112974520,
          "mean" : 800046.221835,
          "stddev" : 1925624.282976,
          "N" : 89276091
        },
        "clat_ns" : {
          "min" : 75650,
          "max" : 1162464450,
          "mean" : 804285444.177521,
          "stddev" : 69994647.481851,
          "N" : 89276091,
          "percentile" : {
            "1.000000" : 658505728,
            "5.000000" : 700448768,
            "10.000000" : 717225984,
            "20.000000" : 750780416,
            "30.000000" : 767557632,
            "40.000000" : 784334848,
            "50.000000" : 801112064,
            "60.000000" : 817889280,
            "70.000000" : 843055104,
            "80.000000" : 859832320,
            "90.000000" : 893386752,
            "95.000000" : 918552576,
            "99.000000" : 968884224,
            "99.500000" : 985661440,
            "99.900000" : 1019215872,
            "99.950000" : 1035993088,
            "99.990000" : 1069547520
          }
        },
        "lat_ns" : {
          "min" : 79070,
          "max" : 1162470130,
          "mean" : 805085490.399357,
          "stddev" : 70049269.718072,
          "N" : 89276091
        },
        "bw_min" : 228030,
        "bw_max" : 922850,
        "bw_agg" : 99.950432,
        "bw_mean" : 495687.305716,
        "bw_dev" : 81.223211,
        "bw_samples" : 1434701,
        "iops_min" : 56403,
        "iops_max" : 230336,
        "iops_mean" : 123410.014813,
        "iops_stddev" : 20.386616,
        "iops_samples" : 1434701
      },
      "write" : {
        "io_bytes" : 3290071875584,
        "io_kbytes" : 3212960816,
        "bw_bytes" : 4569125435,
        "bw" : 4462036,
        "iops" : 1115509.139440,
        "runtime" : 720066,
        "total_ios" : 803240204,
        "short_ios" : 0,
        "drop_ios" : 0,
        "slat_ns" : {
          "min" : 1220,
          "max" : 114059877,
          "mean" : 805228.320156,
          "stddev" : 1930443.372123,
          "N" : 803240204
        },
        "clat_ns" : {
          "min" : 59770,
          "max" : 1168641895,
          "mean" : 805770857.502367,
          "stddev" : 70024070.678968,
          "N" : 803240204,
          "percentile" : {
            "1.000000" : 658505728,
            "5.000000" : 700448768,
            "10.000000" : 725614592,
            "20.000000" : 750780416,
            "30.000000" : 767557632,
            "40.000000" : 784334848,
            "50.000000" : 801112064,
            "60.000000" : 817889280,
            "70.000000" : 843055104,
            "80.000000" : 859832320,
            "90.000000" : 893386752,
            "95.000000" : 918552576,
            "99.000000" : 968884224,
            "99.500000" : 985661440,
            "99.900000" : 1019215872,
            "99.950000" : 1035993088,
            "99.990000" : 1069547520
          }
        },
        "lat_ns" : {
          "min" : 61750,
          "max" : 1170086642,
          "mean" : 806576085.822523,
          "stddev" : 70069033.994897,
          "N" : 803240204
        },
        "bw_min" : 2338389,
        "bw_max" : 7424582,
        "bw_agg" : 100.000000,
        "bw_mean" : 4463269.845664,
        "bw_dev" : 501.337456,
        "bw_samples" : 1434703,
        "iops_min" : 584251,
        "iops_max" : 1855712,
        "iops_mean" : 1115410.540676,
        "iops_stddev" : 125.328110,
        "iops_samples" : 1434703
      },
      "trim" : {
        "io_bytes" : 0,
        "io_kbytes" : 0,
        "bw_bytes" : 0,
        "bw" : 0,
        "iops" : 0.000000,
        "runtime" : 0,
        "total_ios" : 0,
        "short_ios" : 0,
        "drop_ios" : 0,
        "slat_ns" : {
          "min" : 0,
          "max" : 0,
          "mean" : 0.000000,
          "stddev" : 0.000000,
          "N" : 0
        },
        "clat_ns" : {
          "min" : 0,
          "max" : 0,
          "mean" : 0.000000,
          "stddev" : 0.000000,
          "N" : 0
        },
        "lat_ns" : {
          "min" : 0,
          "max" : 0,
          "mean" : 0.000000,
          "stddev" : 0.000000,
          "N" : 0
        },
        "bw_min" : 0,
        "bw_max" : 0,
        "bw_agg" : 0.000000,
        "bw_mean" : 0.000000,
        "bw_dev" : 0.000000,
        "bw_samples" : 0,
        "iops_min" : 0,
        "iops_max" : 0,
        "iops_mean" : 0.000000,
        "iops_stddev" : 0.000000,
        "iops_samples" : 0
      },
      "sync" : {
        "total_ios" : 0,
        "lat_ns" : {
          "min" : 0,
          "max" : 0,
          "mean" : 0.000000,
          "stddev" : 0.000000,
          "N" : 0
        }
      },
      "job_runtime" : 720052199,
      "usr_cpu" : 0.195502,
      "sys_cpu" : 2.538411,
      "ctx" : 1570334306,
      "majf" : 0,
      "minf" : 3543,
      "iodepth_level" : {
        "1" : 0.100000,
        "2" : 0.100000,
        "4" : 0.100000,
        "8" : 0.100000,
        "16" : 0.100000,
        "32" : 0.100000,
        ">=64" : 99.992941
      },
      "iodepth_submit" : {
        "0" : 0.000000,
        "4" : 100.000000,
        "8" : 0.000000,
        "16" : 0.000000,
        "32" : 0.000000,
        "64" : 0.000000,
        ">=64" : 0.000000
      },
      "iodepth_complete" : {
        "0" : 0.000000,
        "4" : 99.999888,
        "8" : 0.000000,
        "16" : 0.000000,
        "32" : 0.000000,
        "64" : 0.000000,
        ">=64" : 0.100000
      },
      "latency_ns" : {
        "2" : 0.000000,
        "4" : 0.000000,
        "10" : 0.000000,
        "20" : 0.000000,
        "50" : 0.000000,
        "100" : 0.000000,
        "250" : 0.000000,
        "500" : 0.000000,
        "750" : 0.000000,
        "1000" : 0.000000
      },
      "latency_us" : {
        "2" : 0.000000,
        "4" : 0.000000,
        "10" : 0.000000,
        "20" : 0.000000,
        "50" : 0.000000,
        "100" : 0.010000,
        "250" : 0.010000,
        "500" : 0.010000,
        "750" : 0.010000,
        "1000" : 0.010000
      },
      "latency_ms" : {
        "2" : 0.010000,
        "4" : 0.010000,
        "10" : 0.010000,
        "20" : 0.010000,
        "50" : 0.015457,
        "100" : 0.020476,
        "250" : 0.033399,
        "500" : 0.042581,
        "750" : 20.227020,
        "1000" : 79.386008,
        "2000" : 0.270785,
        ">=2000" : 0.000000
      },
      "latency_depth" : 1000,
      "latency_target" : 0,
      "latency_percentile" : 100.000000,
      "latency_window" : 0
    }
  ],
  "disk_util" : [
    {
      "name" : "nvme2n1",
      "read_ios" : 89254735,
      "write_ios" : 803050062,
      "read_merges" : 0,
      "write_merges" : 0,
      "read_ticks" : -3896712156,
      "write_ticks" : -531783264,
      "in_queue" : -133528124,
      "util" : 100.000000
    }
  ]
}
