{
  "fio version" : "fio-3.33",
  "timestamp" : 1753965186,
  "timestamp_ms" : 1753965186427,
  "time" : "Thu Jul 31 12:33:06 2025",
  "global options" : {
    "ioengine" : "libaio",
    "direct" : "1",
    "thread" : "1",
    "time_based" : "1",
    "runtime" : "720",
    "group_reporting" : "1",
    "rw" : "randrw",
    "rwmixread" : "10",
    "bs" : "4k",
    "iodepth" : "1000",
    "numjobs" : "1000",
    "size" : "1M",
    "randrepeat" : "0",
    "norandommap" : "1"
  },
  "jobs" : [
    {
      "jobname" : "job1",
      "groupid" : 0,
      "error" : 0,
      "eta" : 0,
      "elapsed" : 721,
      "job options" : {
        "directory" : "/mnt/ext4"
      },
      "read" : {
        "io_bytes" : 366644514816,
        "io_kbytes" : 358051284,
        "bw_bytes" : 509180403,
        "bw" : 497246,
        "iops" : 124311.621958,
        "runtime" : 720068,
        "total_ios" : 89512821,
        "short_ios" : 0,
        "drop_ios" : 0,
        "slat_ns" : {
          "min" : 1020,
          "max" : 79583745,
          "mean" : 790214.564950,
          "stddev" : 1917595.372555,
          "N" : 89512821
        },
        "clat_ns" : {
          "min" : 53570,
          "max" : 1887197974,
          "mean" : 801874564.939573,
          "stddev" : 89593331.838403,
          "N" : 89512821,
          "percentile" : {
            "1.000000" : 557842432,
            "5.000000" : 675282944,
            "10.000000" : 708837376,
            "20.000000" : 742391808,
            "30.000000" : 767557632,
            "40.000000" : 784334848,
            "50.000000" : 801112064,
            "60.000000" : 817889280,
            "70.000000" : 843055104,
            "80.000000" : 859832320,
            "90.000000" : 901775360,
            "95.000000" : 926941184,
            "99.000000" : 1027604480,
            "99.500000" : 1115684864,
            "99.900000" : 1300234240,
            "99.950000" : 1367343104,
            "99.990000" : 1484783616
          }
        },
        "lat_ns" : {
          "min" : 56100,
          "max" : 1887201083,
          "mean" : 802664779.504522,
          "stddev" : 89658204.078218,
          "N" : 89512821
        },
        "bw_min" : 171053,
        "bw_max" : 1207608,
        "bw_agg" : 99.972551,
        "bw_mean" : 497110.105843,
        "bw_dev" : 91.103697,
        "bw_samples" : 1434891,
        "iops_min" : 42125,
        "iops_max" : 301613,
        "iops_mean" : 123775.566791,
        "iops_stddev" : 22.852517,
        "iops_samples" : 1434891
      },
      "write" : {
        "io_bytes" : 3300133871616,
        "io_kbytes" : 3222786984,
        "bw_bytes" : 4583086419,
        "bw" : 4475670,
        "iops" : 1118917.582784,
        "runtime" : 720068,
        "total_ios" : 805696746,
        "short_ios" : 0,
        "drop_ios" : 0,
        "slat_ns" : {
          "min" : 1110,
          "max" : 104655757,
          "mean" : 803787.925510,
          "stddev" : 1997603.827711,
          "N" : 805696746
        },
        "clat_ns" : {
          "min" : 48760,
          "max" : 1892435024,
          "mean" : 803292723.157298,
          "stddev" : 89613375.059986,
          "N" : 805696746,
          "percentile" : {
            "1.000000" : 557842432,
            "5.000000" : 675282944,
            "10.000000" : 708837376,
            "20.000000" : 742391808,
            "30.000000" : 767557632,
            "40.000000" : 784334848,
            "50.000000" : 801112064,
            "60.000000" : 817889280,
            "70.000000" : 843055104,
            "80.000000" : 868220928,
            "90.000000" : 901775360,
            "95.000000" : 935329792,
            "99.000000" : 1027604480,
            "99.500000" : 1115684864,
            "99.900000" : 1300234240,
            "99.950000" : 1367343104,
            "99.990000" : 1484783616
          }
        },
        "lat_ns" : {
          "min" : 54900,
          "max" : 1892437914,
          "mean" : 804096511.082804,
          "stddev" : 89672156.585513,
          "N" : 805696746
        },
        "bw_min" : 1672083,
        "bw_max" : 10648709,
        "bw_agg" : 100.000000,
        "bw_mean" : 4477768.567839,
        "bw_dev" : 623.033232,
        "bw_samples" : 1434900,
        "iops_min" : 417642,
        "iops_max" : 2661828,
        "iops_mean" : 1119051.396044,
        "iops_stddev" : 155.756526,
        "iops_samples" : 1434900
      },
      "trim" : {
        "io_bytes" : 0,
        "io_kbytes" : 0,
        "bw_bytes" : 0,
        "bw" : 0,
        "iops" : 0.000000,
        "runtime" : 0,
        "total_ios" : 0,
        "short_ios" : 0,
        "drop_ios" : 0,
        "slat_ns" : {
          "min" : 0,
          "max" : 0,
          "mean" : 0.000000,
          "stddev" : 0.000000,
          "N" : 0
        },
        "clat_ns" : {
          "min" : 0,
          "max" : 0,
          "mean" : 0.000000,
          "stddev" : 0.000000,
          "N" : 0
        },
        "lat_ns" : {
          "min" : 0,
          "max" : 0,
          "mean" : 0.000000,
          "stddev" : 0.000000,
          "N" : 0
        },
        "bw_min" : 0,
        "bw_max" : 0,
        "bw_agg" : 0.000000,
        "bw_mean" : 0.000000,
        "bw_dev" : 0.000000,
        "bw_samples" : 0,
        "iops_min" : 0,
        "iops_max" : 0,
        "iops_mean" : 0.000000,
        "iops_stddev" : 0.000000,
        "iops_samples" : 0
      },
      "sync" : {
        "total_ios" : 0,
        "lat_ns" : {
          "min" : 0,
          "max" : 0,
          "mean" : 0.000000,
          "stddev" : 0.000000,
          "N" : 0
        }
      },
      "job_runtime" : 720053274,
      "usr_cpu" : 0.195864,
      "sys_cpu" : 2.288377,
      "ctx" : 1616508532,
      "majf" : 0,
      "minf" : 3711,
      "iodepth_level" : {
        "1" : 0.100000,
        "2" : 0.100000,
        "4" : 0.100000,
        "8" : 0.100000,
        "16" : 0.100000,
        "32" : 0.100000,
        ">=64" : 99.992963
      },
      "iodepth_submit" : {
        "0" : 0.000000,
        "4" : 100.000000,
        "8" : 0.000000,
        "16" : 0.000000,
        "32" : 0.000000,
        "64" : 0.000000,
        ">=64" : 0.000000
      },
      "iodepth_complete" : {
        "0" : 0.000000,
        "4" : 99.999888,
        "8" : 0.000000,
        "16" : 0.000000,
        "32" : 0.000000,
        "64" : 0.000000,
        ">=64" : 0.100000
      },
      "latency_ns" : {
        "2" : 0.000000,
        "4" : 0.000000,
        "10" : 0.000000,
        "20" : 0.000000,
        "50" : 0.000000,
        "100" : 0.000000,
        "250" : 0.000000,
        "500" : 0.000000,
        "750" : 0.000000,
        "1000" : 0.000000
      },
      "latency_us" : {
        "2" : 0.000000,
        "4" : 0.000000,
        "10" : 0.000000,
        "20" : 0.000000,
        "50" : 0.010000,
        "100" : 0.010000,
        "250" : 0.010000,
        "500" : 0.010000,
        "750" : 0.010000,
        "1000" : 0.010000
      },
      "latency_ms" : {
        "2" : 0.010000,
        "4" : 0.010000,
        "10" : 0.010000,
        "20" : 0.010000,
        "50" : 0.010000,
        "100" : 0.018659,
        "250" : 0.065388,
        "500" : 0.562838,
        "750" : 22.504717,
        "1000" : 75.432035,
        "2000" : 1.405702,
        ">=2000" : 0.000000
      },
      "latency_depth" : 1000,
      "latency_target" : 0,
      "latency_percentile" : 100.000000,
      "latency_window" : 0
    }
  ],
  "disk_util" : [
    {
      "name" : "nvme0n1",
      "read_ios" : 89501917,
      "write_ios" : 805693365,
      "read_merges" : 0,
      "write_merges" : 0,
      "read_ticks" : 390467100,
      "write_ticks" : -585681224,
      "in_queue" : -195214124,
      "util" : 100.000000
    }
  ]
}
