{
  "fio version" : "fio-3.33",
  "timestamp" : 1754036559,
  "timestamp_ms" : 1754036559228,
  "time" : "Fri Aug  1 08:22:39 2025",
  "global options" : {
    "ioengine" : "libaio",
    "direct" : "1",
    "thread" : "1",
    "time_based" : "1",
    "runtime" : "720",
    "group_reporting" : "1",
    "rw" : "randrw",
    "rwmixread" : "10",
    "bs" : "4k",
    "iodepth" : "1000",
    "numjobs" : "1000",
    "size" : "1M",
    "randrepeat" : "0",
    "norandommap" : "1"
  },
  "jobs" : [
    {
      "jobname" : "job1",
      "groupid" : 0,
      "error" : 0,
      "eta" : 0,
      "elapsed" : 721,
      "job options" : {
        "directory" : "/mnt/ext4"
      },
      "read" : {
        "io_bytes" : 367809105920,
        "io_kbytes" : 359188580,
        "bw_bytes" : 510797029,
        "bw" : 498825,
        "iops" : 124706.305923,
        "runtime" : 720069,
        "total_ios" : 89797145,
        "short_ios" : 0,
        "drop_ios" : 0,
        "slat_ns" : {
          "min" : 1160,
          "max" : 93368355,
          "mean" : 787332.180016,
          "stddev" : 1916199.557803,
          "N" : 89797145
        },
        "clat_ns" : {
          "min" : 80960,
          "max" : 1216528392,
          "mean" : 799410418.638900,
          "stddev" : 75289176.529050,
          "N" : 89797145,
          "percentile" : {
            "1.000000" : 624951296,
            "5.000000" : 683671552,
            "10.000000" : 708837376,
            "20.000000" : 742391808,
            "30.000000" : 759169024,
            "40.000000" : 784334848,
            "50.000000" : 801112064,
            "60.000000" : 817889280,
            "70.000000" : 834666496,
            "80.000000" : 859832320,
            "90.000000" : 893386752,
            "95.000000" : 918552576,
            "99.000000" : 968884224,
            "99.500000" : 994050048,
            "99.900000" : 1035993088,
            "99.950000" : 1052770304,
            "99.990000" : 1082130432
          }
        },
        "lat_ns" : {
          "min" : 83530,
          "max" : 1217581088,
          "mean" : 800197750.818918,
          "stddev" : 75345241.866026,
          "N" : 89797145
        },
        "bw_min" : 202653,
        "bw_max" : 1022655,
        "bw_agg" : 99.956854,
        "bw_mean" : 498610.546058,
        "bw_dev" : 84.230486,
        "bw_samples" : 1434835,
        "iops_min" : 50079,
        "iops_max" : 255289,
        "iops_mean" : 124139.459986,
        "iops_stddev" : 21.136847,
        "iops_samples" : 1434835
      },
      "write" : {
        "io_bytes" : 3310316417024,
        "io_kbytes" : 3232730876,
        "bw_bytes" : 4597221123,
        "bw" : 4489473,
        "iops" : 1122368.438302,
        "runtime" : 720069,
        "total_ios" : 808182719,
        "short_ios" : 0,
        "drop_ios" : 0,
        "slat_ns" : {
          "min" : 1260,
          "max" : 109760906,
          "mean" : 801277.482224,
          "stddev" : 2009342.820817,
          "N" : 808182719
        },
        "clat_ns" : {
          "min" : 42740,
          "max" : 1226036945,
          "mean" : 800859503.263686,
          "stddev" : 75309352.381524,
          "N" : 808182719,
          "percentile" : {
            "1.000000" : 624951296,
            "5.000000" : 683671552,
            "10.000000" : 708837376,
            "20.000000" : 742391808,
            "30.000000" : 767557632,
            "40.000000" : 784334848,
            "50.000000" : 801112064,
            "60.000000" : 817889280,
            "70.000000" : 834666496,
            "80.000000" : 859832320,
            "90.000000" : 893386752,
            "95.000000" : 918552576,
            "99.000000" : 977272832,
            "99.500000" : 994050048,
            "99.900000" : 1035993088,
            "99.950000" : 1052770304,
            "99.990000" : 1082130432
          }
        },
        "lat_ns" : {
          "min" : 51260,
          "max" : 1230454570,
          "mean" : 801660780.745908,
          "stddev" : 75356969.511995,
          "N" : 808182719
        },
        "bw_min" : 2042182,
        "bw_max" : 8844484,
        "bw_agg" : 100.000000,
        "bw_mean" : 4491034.575641,
        "bw_dev" : 538.326024,
        "bw_samples" : 1434841,
        "iops_min" : 510201,
        "iops_max" : 2210817,
        "iops_mean" : 1122356.110844,
        "iops_stddev" : 134.580249,
        "iops_samples" : 1434841
      },
      "trim" : {
        "io_bytes" : 0,
        "io_kbytes" : 0,
        "bw_bytes" : 0,
        "bw" : 0,
        "iops" : 0.000000,
        "runtime" : 0,
        "total_ios" : 0,
        "short_ios" : 0,
        "drop_ios" : 0,
        "slat_ns" : {
          "min" : 0,
          "max" : 0,
          "mean" : 0.000000,
          "stddev" : 0.000000,
          "N" : 0
        },
        "clat_ns" : {
          "min" : 0,
          "max" : 0,
          "mean" : 0.000000,
          "stddev" : 0.000000,
          "N" : 0
        },
        "lat_ns" : {
          "min" : 0,
          "max" : 0,
          "mean" : 0.000000,
          "stddev" : 0.000000,
          "N" : 0
        },
        "bw_min" : 0,
        "bw_max" : 0,
        "bw_agg" : 0.000000,
        "bw_mean" : 0.000000,
        "bw_dev" : 0.000000,
        "bw_samples" : 0,
        "iops_min" : 0,
        "iops_max" : 0,
        "iops_mean" : 0.000000,
        "iops_stddev" : 0.000000,
        "iops_samples" : 0
      },
      "sync" : {
        "total_ios" : 0,
        "lat_ns" : {
          "min" : 0,
          "max" : 0,
          "mean" : 0.000000,
          "stddev" : 0.000000,
          "N" : 0
        }
      },
      "job_runtime" : 720051949,
      "usr_cpu" : 0.194574,
      "sys_cpu" : 2.398754,
      "ctx" : 1597647910,
      "majf" : 0,
      "minf" : 3763,
      "iodepth_level" : {
        "1" : 0.100000,
        "2" : 0.100000,
        "4" : 0.100000,
        "8" : 0.100000,
        "16" : 0.100000,
        "32" : 0.100000,
        ">=64" : 99.992984
      },
      "iodepth_submit" : {
        "0" : 0.000000,
        "4" : 100.000000,
        "8" : 0.000000,
        "16" : 0.000000,
        "32" : 0.000000,
        "64" : 0.000000,
        ">=64" : 0.000000
      },
      "iodepth_complete" : {
        "0" : 0.000000,
        "4" : 99.999889,
        "8" : 0.000000,
        "16" : 0.000000,
        "32" : 0.000000,
        "64" : 0.000000,
        ">=64" : 0.100000
      },
      "latency_ns" : {
        "2" : 0.000000,
        "4" : 0.000000,
        "10" : 0.000000,
        "20" : 0.000000,
        "50" : 0.000000,
        "100" : 0.000000,
        "250" : 0.000000,
        "500" : 0.000000,
        "750" : 0.000000,
        "1000" : 0.000000
      },
      "latency_us" : {
        "2" : 0.000000,
        "4" : 0.000000,
        "10" : 0.000000,
        "20" : 0.000000,
        "50" : 0.010000,
        "100" : 0.010000,
        "250" : 0.010000,
        "500" : 0.010000,
        "750" : 0.010000,
        "1000" : 0.010000
      },
      "latency_ms" : {
        "2" : 0.010000,
        "4" : 0.010000,
        "10" : 0.010000,
        "20" : 0.010000,
        "50" : 0.010000,
        "100" : 0.020282,
        "250" : 0.039304,
        "500" : 0.132535,
        "750" : 23.124465,
        "1000" : 76.286471,
        "2000" : 0.381350,
        ">=2000" : 0.000000
      },
      "latency_depth" : 1000,
      "latency_target" : 0,
      "latency_percentile" : 100.000000,
      "latency_window" : 0
    }
  ],
  "disk_util" : [
    {
      "name" : "nvme0n1",
      "read_ios" : 89781540,
      "write_ios" : 808145575,
      "read_merges" : 0,
      "write_merges" : 0,
      "read_ticks" : 388577448,
      "write_ticks" : -606111140,
      "in_queue" : -217533692,
      "util" : 100.000000
    }
  ]
}
