{
  "fio version" : "fio-3.33",
  "timestamp" : 1753961873,
  "timestamp_ms" : 1753961873969,
  "time" : "Thu Jul 31 11:37:53 2025",
  "global options" : {
    "ioengine" : "libaio",
    "direct" : "1",
    "time_based" : "1",
    "runtime" : "720",
    "group_reporting" : "1"
  },
  "jobs" : [
    {
      "jobname" : "rocksdb-wal",
      "groupid" : 0,
      "error" : 0,
      "eta" : 0,
      "elapsed" : 721,
      "job options" : {
        "name" : "rocksdb-compaction-write",
        "ioengine" : "libaio",
        "rw" : "write",
        "bs" : "1M",
        "size" : "50G",
        "iodepth" : "8",
        "filename" : "/mnt/ext4/compaction_output.dat"
      },
      "read" : {
        "io_bytes" : 3822975975424,
        "io_kbytes" : 3733374976,
        "bw_bytes" : 5309681480,
        "bw" : 5185235,
        "iops" : 5063.706856,
        "runtime" : 720001,
        "total_ios" : 3645874,
        "short_ios" : 0,
        "drop_ios" : 0,
        "slat_ns" : {
          "min" : 7210,
          "max" : 2304975,
          "mean" : 12199.377295,
          "stddev" : 3602.260426,
          "N" : 3645874
        },
        "clat_ns" : {
          "min" : 213182,
          "max" : 3756294,
          "mean" : 777322.473284,
          "stddev" : 219181.492546,
          "N" : 3645874,
          "percentile" : {
            "1.000000" : 411648,
            "5.000000" : 481280,
            "10.000000" : 536576,
            "20.000000" : 593920,
            "30.000000" : 643072,
            "40.000000" : 692224,
            "50.000000" : 741376,
            "60.000000" : 798720,
            "70.000000" : 864256,
            "80.000000" : 946176,
            "90.000000" : 1073152,
            "95.000000" : 1171456,
            "99.000000" : 1384448,
            "99.500000" : 1499136,
            "99.900000" : 2113536,
            "99.950000" : 2277376,
            "99.990000" : 2539520
          }
        },
        "lat_ns" : {
          "min" : 223112,
          "max" : 3764574,
          "mean" : 789521.850579,
          "stddev" : 218944.325683,
          "N" : 3645874
        },
        "bw_min" : 4270428,
        "bw_max" : 5571462,
        "bw_agg" : 100.000000,
        "bw_mean" : 5189769.538568,
        "bw_dev" : 170677.941628,
        "bw_samples" : 1439,
        "iops_min" : 4170,
        "iops_max" : 5440,
        "iops_mean" : 5067.997220,
        "iops_stddev" : 166.679508,
        "iops_samples" : 1439
      },
      "write" : {
        "io_bytes" : 3473025843200,
        "io_kbytes" : 3391626800,
        "bw_bytes" : 4823633605,
        "bw" : 4710579,
        "iops" : 19145.070430,
        "runtime" : 720002,
        "total_ios" : 13784489,
        "short_ios" : 0,
        "drop_ios" : 0,
        "slat_ns" : {
          "min" : 2570,
          "max" : 3402402,
          "mean" : 8159.900799,
          "stddev" : 8506.438163,
          "N" : 13444742
        },
        "clat_ns" : {
          "min" : 14620,
          "max" : 17537863,
          "mean" : 2133180.282489,
          "stddev" : 299830.029852,
          "N" : 13784489,
          "percentile" : {
            "1.000000" : 1515520,
            "5.000000" : 1712128,
            "10.000000" : 1810432,
            "20.000000" : 1908736,
            "30.000000" : 1990656,
            "40.000000" : 2056192,
            "50.000000" : 2113536,
            "60.000000" : 2179072,
            "70.000000" : 2244608,
            "80.000000" : 2310144,
            "90.000000" : 2473984,
            "95.000000" : 2637824,
            "99.000000" : 3031040,
            "99.500000" : 3489792,
            "99.900000" : 4046848,
            "99.950000" : 4227072,
            "99.990000" : 4620288
          }
        },
        "lat_ns" : {
          "min" : 14751,
          "max" : 17559854,
          "mean" : 2141142.432877,
          "stddev" : 300295.503223,
          "N" : 13784489
        },
        "bw_min" : 4164795,
        "bw_max" : 4937634,
        "bw_agg" : 100.000000,
        "bw_mean" : 4714702.548992,
        "bw_dev" : 37372.158291,
        "bw_samples" : 5756,
        "iops_min" : 16746,
        "iops_max" : 20373,
        "iops_mean" : 19161.195969,
        "iops_stddev" : 128.399827,
        "iops_samples" : 5756
      },
      "trim" : {
        "io_bytes" : 0,
        "io_kbytes" : 0,
        "bw_bytes" : 0,
        "bw" : 0,
        "iops" : 0.000000,
        "runtime" : 0,
        "total_ios" : 0,
        "short_ios" : 0,
        "drop_ios" : 0,
        "slat_ns" : {
          "min" : 0,
          "max" : 0,
          "mean" : 0.000000,
          "stddev" : 0.000000,
          "N" : 0
        },
        "clat_ns" : {
          "min" : 0,
          "max" : 0,
          "mean" : 0.000000,
          "stddev" : 0.000000,
          "N" : 0
        },
        "lat_ns" : {
          "min" : 0,
          "max" : 0,
          "mean" : 0.000000,
          "stddev" : 0.000000,
          "N" : 0
        },
        "bw_min" : 0,
        "bw_max" : 0,
        "bw_agg" : 0.000000,
        "bw_mean" : 0.000000,
        "bw_dev" : 0.000000,
        "bw_samples" : 0,
        "iops_min" : 0,
        "iops_max" : 0,
        "iops_mean" : 0.000000,
        "iops_stddev" : 0.000000,
        "iops_samples" : 0
      },
      "sync" : {
        "total_ios" : 0,
        "lat_ns" : {
          "min" : 0,
          "max" : 0,
          "mean" : 0.000000,
          "stddev" : 0.000000,
          "N" : 0
        }
      },
      "job_runtime" : 3600004,
      "usr_cpu" : 1.173193,
      "sys_cpu" : 4.224273,
      "ctx" : 17066982,
      "majf" : 0,
      "minf" : 68,
      "iodepth_level" : {
        "1" : 1.949191,
        "2" : 0.100000,
        "4" : 20.916851,
        "8" : 15.094207,
        "16" : 62.039706,
        "32" : 0.000000,
        ">=64" : 0.000000
      },
      "iodepth_submit" : {
        "0" : 0.000000,
        "4" : 100.000000,
        "8" : 0.000000,
        "16" : 0.000000,
        "32" : 0.000000,
        "64" : 0.000000,
        ">=64" : 0.000000
      },
      "iodepth_complete" : {
        "0" : 0.000000,
        "4" : 99.999983,
        "8" : 0.100000,
        "16" : 0.100000,
        "32" : 0.000000,
        "64" : 0.000000,
        ">=64" : 0.000000
      },
      "latency_ns" : {
        "2" : 0.000000,
        "4" : 0.000000,
        "10" : 0.000000,
        "20" : 0.000000,
        "50" : 0.000000,
        "100" : 0.000000,
        "250" : 0.000000,
        "500" : 0.000000,
        "750" : 0.000000,
        "1000" : 0.000000
      },
      "latency_us" : {
        "2" : 0.000000,
        "4" : 0.000000,
        "10" : 0.000000,
        "20" : 0.010000,
        "50" : 0.010000,
        "100" : 0.010000,
        "250" : 0.010000,
        "500" : 1.378313,
        "750" : 9.335669,
        "1000" : 7.088808
      },
      "latency_ms" : {
        "2" : 27.861210,
        "4" : 54.234304,
        "10" : 0.099344,
        "20" : 0.010000,
        "50" : 0.000000,
        "100" : 0.000000,
        "250" : 0.000000,
        "500" : 0.000000,
        "750" : 0.000000,
        "1000" : 0.000000,
        "2000" : 0.000000,
        ">=2000" : 0.000000
      },
      "latency_depth" : 8,
      "latency_target" : 0,
      "latency_percentile" : 100.000000,
      "latency_window" : 0
    }
  ],
  "disk_util" : [
    {
      "name" : "nvme0n1",
      "read_ios" : 29166919,
      "write_ios" : 32205109,
      "read_merges" : 0,
      "write_merges" : 0,
      "read_ticks" : 19113832,
      "write_ticks" : 67219348,
      "in_queue" : 86333180,
      "util" : 100.000000
    }
  ]
}
