{
  "fio version" : "fio-3.33",
  "timestamp" : 1753981249,
  "timestamp_ms" : 1753981249204,
  "time" : "Thu Jul 31 17:00:49 2025",
  "global options" : {
    "ioengine" : "libaio",
    "direct" : "1",
    "time_based" : "1",
    "runtime" : "720",
    "group_reporting" : "1"
  },
  "jobs" : [
    {
      "jobname" : "rocksdb-wal",
      "groupid" : 0,
      "error" : 0,
      "eta" : 0,
      "elapsed" : 721,
      "job options" : {
        "name" : "rocksdb-compaction-write",
        "ioengine" : "libaio",
        "rw" : "write",
        "bs" : "1M",
        "size" : "50G",
        "iodepth" : "8",
        "filename" : "/mnt/ext4/compaction_output.dat"
      },
      "read" : {
        "io_bytes" : 4311883972608,
        "io_kbytes" : 4210824192,
        "bw_bytes" : 5988719422,
        "bw" : 5848358,
        "iops" : 5711.287901,
        "runtime" : 720001,
        "total_ios" : 4112133,
        "short_ios" : 0,
        "drop_ios" : 0,
        "slat_ns" : {
          "min" : 6830,
          "max" : 350752,
          "mean" : 29196.452942,
          "stddev" : 12034.775417,
          "N" : 4112133
        },
        "clat_ns" : {
          "min" : 144431,
          "max" : 3126578,
          "mean" : 670655.758328,
          "stddev" : 195819.977574,
          "N" : 4112133,
          "percentile" : {
            "1.000000" : 325632,
            "5.000000" : 403456,
            "10.000000" : 444416,
            "20.000000" : 509952,
            "30.000000" : 561152,
            "40.000000" : 602112,
            "50.000000" : 643072,
            "60.000000" : 692224,
            "70.000000" : 749568,
            "80.000000" : 815104,
            "90.000000" : 913408,
            "95.000000" : 1003520,
            "99.000000" : 1220608,
            "99.500000" : 1351680,
            "99.900000" : 1957888,
            "99.950000" : 2113536,
            "99.990000" : 2375680
          }
        },
        "lat_ns" : {
          "min" : 152441,
          "max" : 3153188,
          "mean" : 699852.211270,
          "stddev" : 194388.997474,
          "N" : 4112133
        },
        "bw_min" : 4372480,
        "bw_max" : 6279168,
        "bw_agg" : 100.000000,
        "bw_mean" : 5852524.637248,
        "bw_dev" : 228282.941360,
        "bw_samples" : 1439,
        "iops_min" : 4270,
        "iops_max" : 6132,
        "iops_mean" : 5715.234885,
        "iops_stddev" : 222.920345,
        "iops_samples" : 1439
      },
      "write" : {
        "io_bytes" : 3302914981888,
        "io_kbytes" : 3225502912,
        "bw_bytes" : 4587369176,
        "bw" : 4479852,
        "iops" : 18166.880092,
        "runtime" : 720002,
        "total_ios" : 13080190,
        "short_ios" : 0,
        "drop_ios" : 0,
        "slat_ns" : {
          "min" : 2550,
          "max" : 9000470,
          "mean" : 9417.980740,
          "stddev" : 11552.293575,
          "N" : 12758114
        },
        "clat_ns" : {
          "min" : 13441,
          "max" : 11076342,
          "mean" : 2247253.214177,
          "stddev" : 356675.269475,
          "N" : 13080190,
          "percentile" : {
            "1.000000" : 1515520,
            "5.000000" : 1712128,
            "10.000000" : 1826816,
            "20.000000" : 1974272,
            "30.000000" : 2056192,
            "40.000000" : 2146304,
            "50.000000" : 2211840,
            "60.000000" : 2310144,
            "70.000000" : 2408448,
            "80.000000" : 2539520,
            "90.000000" : 2703360,
            "95.000000" : 2834432,
            "99.000000" : 3129344,
            "99.500000" : 3620864,
            "99.900000" : 4177920,
            "99.950000" : 4358144,
            "99.990000" : 4685824
          }
        },
        "lat_ns" : {
          "min" : 13541,
          "max" : 11084032,
          "mean" : 2256442.688888,
          "stddev" : 357101.842657,
          "N" : 13080190
        },
        "bw_min" : 4230656,
        "bw_max" : 4789049,
        "bw_agg" : 100.000000,
        "bw_mean" : 4483051.537874,
        "bw_dev" : 37106.270174,
        "bw_samples" : 5756,
        "iops_min" : 17036,
        "iops_max" : 19594,
        "iops_mean" : 18179.498263,
        "iops_stddev" : 121.976839,
        "iops_samples" : 5756
      },
      "trim" : {
        "io_bytes" : 0,
        "io_kbytes" : 0,
        "bw_bytes" : 0,
        "bw" : 0,
        "iops" : 0.000000,
        "runtime" : 0,
        "total_ios" : 0,
        "short_ios" : 0,
        "drop_ios" : 0,
        "slat_ns" : {
          "min" : 0,
          "max" : 0,
          "mean" : 0.000000,
          "stddev" : 0.000000,
          "N" : 0
        },
        "clat_ns" : {
          "min" : 0,
          "max" : 0,
          "mean" : 0.000000,
          "stddev" : 0.000000,
          "N" : 0
        },
        "lat_ns" : {
          "min" : 0,
          "max" : 0,
          "mean" : 0.000000,
          "stddev" : 0.000000,
          "N" : 0
        },
        "bw_min" : 0,
        "bw_max" : 0,
        "bw_agg" : 0.000000,
        "bw_mean" : 0.000000,
        "bw_dev" : 0.000000,
        "bw_samples" : 0,
        "iops_min" : 0,
        "iops_max" : 0,
        "iops_mean" : 0.000000,
        "iops_stddev" : 0.000000,
        "iops_samples" : 0
      },
      "sync" : {
        "total_ios" : 0,
        "lat_ns" : {
          "min" : 0,
          "max" : 0,
          "mean" : 0.000000,
          "stddev" : 0.000000,
          "N" : 0
        }
      },
      "job_runtime" : 3600004,
      "usr_cpu" : 1.160638,
      "sys_cpu" : 6.966520,
      "ctx" : 16458573,
      "majf" : 0,
      "minf" : 574,
      "iodepth_level" : {
        "1" : 1.873394,
        "2" : 0.100000,
        "4" : 23.918478,
        "8" : 14.564634,
        "16" : 59.643447,
        "32" : 0.000000,
        ">=64" : 0.000000
      },
      "iodepth_submit" : {
        "0" : 0.000000,
        "4" : 100.000000,
        "8" : 0.000000,
        "16" : 0.000000,
        "32" : 0.000000,
        "64" : 0.000000,
        ">=64" : 0.000000
      },
      "iodepth_complete" : {
        "0" : 0.000000,
        "4" : 99.999983,
        "8" : 0.100000,
        "16" : 0.100000,
        "32" : 0.000000,
        "64" : 0.000000,
        ">=64" : 0.000000
      },
      "latency_ns" : {
        "2" : 0.000000,
        "4" : 0.000000,
        "10" : 0.000000,
        "20" : 0.000000,
        "50" : 0.000000,
        "100" : 0.000000,
        "250" : 0.000000,
        "500" : 0.000000,
        "750" : 0.000000,
        "1000" : 0.000000
      },
      "latency_us" : {
        "2" : 0.000000,
        "4" : 0.000000,
        "10" : 0.000000,
        "20" : 0.010000,
        "50" : 0.010000,
        "100" : 0.010000,
        "250" : 0.037930,
        "500" : 4.310430,
        "750" : 12.361430,
        "1000" : 5.986434
      },
      "latency_ms" : {
        "2" : 18.899308,
        "4" : 58.244002,
        "10" : 0.159717,
        "20" : 0.010000,
        "50" : 0.000000,
        "100" : 0.000000,
        "250" : 0.000000,
        "500" : 0.000000,
        "750" : 0.000000,
        "1000" : 0.000000,
        "2000" : 0.000000,
        ">=2000" : 0.000000
      },
      "latency_depth" : 8,
      "latency_target" : 0,
      "latency_percentile" : 100.000000,
      "latency_window" : 0
    }
  ],
  "disk_util" : [
    {
      "name" : "nvme0n1",
      "read_ios" : 32893616,
      "write_ios" : 30619043,
      "read_merges" : 0,
      "write_merges" : 0,
      "read_ticks" : 18715188,
      "write_ticks" : 67298220,
      "in_queue" : 86013408,
      "util" : 100.000000
    }
  ]
}
