{
  "fio version" : "fio-3.33",
  "timestamp" : 1753967396,
  "timestamp_ms" : 1753967396540,
  "time" : "Thu Jul 31 13:09:56 2025",
  "global options" : {
    "ioengine" : "libaio",
    "direct" : "1",
    "time_based" : "1",
    "runtime" : "720",
    "group_reporting" : "1"
  },
  "jobs" : [
    {
      "jobname" : "rocksdb-wal",
      "groupid" : 0,
      "error" : 0,
      "eta" : 0,
      "elapsed" : 721,
      "job options" : {
        "name" : "rocksdb-compaction-write",
        "ioengine" : "libaio",
        "rw" : "write",
        "bs" : "1M",
        "size" : "50G",
        "iodepth" : "8",
        "filename" : "/mnt/xfs/compaction_output.dat"
      },
      "read" : {
        "io_bytes" : 4300146212864,
        "io_kbytes" : 4199361536,
        "bw_bytes" : 5972417000,
        "bw" : 5832438,
        "iops" : 5695.740700,
        "runtime" : 720001,
        "total_ios" : 4100939,
        "short_ios" : 0,
        "drop_ios" : 0,
        "slat_ns" : {
          "min" : 5810,
          "max" : 413123,
          "mean" : 21644.364054,
          "stddev" : 9104.859324,
          "N" : 4100939
        },
        "clat_ns" : {
          "min" : 140701,
          "max" : 3419563,
          "mean" : 680193.659918,
          "stddev" : 200322.284859,
          "N" : 4100939,
          "percentile" : {
            "1.000000" : 333824,
            "5.000000" : 411648,
            "10.000000" : 452608,
            "20.000000" : 518144,
            "30.000000" : 569344,
            "40.000000" : 610304,
            "50.000000" : 651264,
            "60.000000" : 700416,
            "70.000000" : 757760,
            "80.000000" : 831488,
            "90.000000" : 929792,
            "95.000000" : 1019904,
            "99.000000" : 1236992,
            "99.500000" : 1368064,
            "99.900000" : 2072576,
            "99.950000" : 2244608,
            "99.990000" : 2506752
          }
        },
        "lat_ns" : {
          "min" : 178392,
          "max" : 3430723,
          "mean" : 701838.023972,
          "stddev" : 199597.665209,
          "N" : 4100939
        },
        "bw_min" : 4388864,
        "bw_max" : 6302012,
        "bw_agg" : 100.000000,
        "bw_mean" : 5836588.620570,
        "bw_dev" : 304110.998281,
        "bw_samples" : 1439,
        "iops_min" : 4286,
        "iops_max" : 6154,
        "iops_mean" : 5699.646282,
        "iops_stddev" : 296.972277,
        "iops_samples" : 1439
      },
      "write" : {
        "io_bytes" : 3302959972352,
        "io_kbytes" : 3225546848,
        "bw_bytes" : 4587431663,
        "bw" : 4479913,
        "iops" : 18109.689973,
        "runtime" : 720002,
        "total_ios" : 13039013,
        "short_ios" : 0,
        "drop_ios" : 0,
        "slat_ns" : {
          "min" : 2340,
          "max" : 580024,
          "mean" : 7953.155652,
          "stddev" : 8567.189160,
          "N" : 12718295
        },
        "clat_ns" : {
          "min" : 12110,
          "max" : 7340350,
          "mean" : 2255841.778502,
          "stddev" : 386787.096458,
          "N" : 13039013,
          "percentile" : {
            "1.000000" : 1531904,
            "5.000000" : 1728512,
            "10.000000" : 1843200,
            "20.000000" : 1974272,
            "30.000000" : 2056192,
            "40.000000" : 2146304,
            "50.000000" : 2211840,
            "60.000000" : 2277376,
            "70.000000" : 2408448,
            "80.000000" : 2539520,
            "90.000000" : 2703360,
            "95.000000" : 2834432,
            "99.000000" : 3194880,
            "99.500000" : 4292608,
            "99.900000" : 5275648,
            "99.950000" : 5472256,
            "99.990000" : 5799936
          }
        },
        "lat_ns" : {
          "min" : 12220,
          "max" : 7370730,
          "mean" : 2263602.916717,
          "stddev" : 387042.334668,
          "N" : 13039013
        },
        "bw_min" : 4194656,
        "bw_max" : 4804300,
        "bw_agg" : 100.000000,
        "bw_mean" : 4482990.278666,
        "bw_dev" : 43012.206869,
        "bw_samples" : 5756,
        "iops_min" : 16832,
        "iops_max" : 19724,
        "iops_mean" : 18121.569145,
        "iops_stddev" : 132.722755,
        "iops_samples" : 5756
      },
      "trim" : {
        "io_bytes" : 0,
        "io_kbytes" : 0,
        "bw_bytes" : 0,
        "bw" : 0,
        "iops" : 0.000000,
        "runtime" : 0,
        "total_ios" : 0,
        "short_ios" : 0,
        "drop_ios" : 0,
        "slat_ns" : {
          "min" : 0,
          "max" : 0,
          "mean" : 0.000000,
          "stddev" : 0.000000,
          "N" : 0
        },
        "clat_ns" : {
          "min" : 0,
          "max" : 0,
          "mean" : 0.000000,
          "stddev" : 0.000000,
          "N" : 0
        },
        "lat_ns" : {
          "min" : 0,
          "max" : 0,
          "mean" : 0.000000,
          "stddev" : 0.000000,
          "N" : 0
        },
        "bw_min" : 0,
        "bw_max" : 0,
        "bw_agg" : 0.000000,
        "bw_mean" : 0.000000,
        "bw_dev" : 0.000000,
        "bw_samples" : 0,
        "iops_min" : 0,
        "iops_max" : 0,
        "iops_mean" : 0.000000,
        "iops_stddev" : 0.000000,
        "iops_samples" : 0
      },
      "sync" : {
        "total_ios" : 0,
        "lat_ns" : {
          "min" : 0,
          "max" : 0,
          "mean" : 0.000000,
          "stddev" : 0.000000,
          "N" : 0
        }
      },
      "job_runtime" : 3600003,
      "usr_cpu" : 1.088249,
      "sys_cpu" : 5.443551,
      "ctx" : 16581193,
      "majf" : 0,
      "minf" : 570,
      "iodepth_level" : {
        "1" : 1.871195,
        "2" : 0.100000,
        "4" : 23.926251,
        "8" : 14.625023,
        "16" : 59.577483,
        "32" : 0.000000,
        ">=64" : 0.000000
      },
      "iodepth_submit" : {
        "0" : 0.000000,
        "4" : 100.000000,
        "8" : 0.000000,
        "16" : 0.000000,
        "32" : 0.000000,
        "64" : 0.000000,
        ">=64" : 0.000000
      },
      "iodepth_complete" : {
        "0" : 0.000000,
        "4" : 99.999982,
        "8" : 0.100000,
        "16" : 0.100000,
        "32" : 0.000000,
        "64" : 0.000000,
        ">=64" : 0.000000
      },
      "latency_ns" : {
        "2" : 0.000000,
        "4" : 0.000000,
        "10" : 0.000000,
        "20" : 0.000000,
        "50" : 0.000000,
        "100" : 0.000000,
        "250" : 0.000000,
        "500" : 0.000000,
        "750" : 0.000000,
        "1000" : 0.000000
      },
      "latency_us" : {
        "2" : 0.000000,
        "4" : 0.000000,
        "10" : 0.000000,
        "20" : 0.010000,
        "50" : 0.010000,
        "100" : 0.010000,
        "250" : 0.028588,
        "500" : 4.046966,
        "750" : 12.251009,
        "1000" : 6.197275
      },
      "latency_ms" : {
        "2" : 18.605606,
        "4" : 58.436896,
        "10" : 0.433152,
        "20" : 0.000000,
        "50" : 0.000000,
        "100" : 0.000000,
        "250" : 0.000000,
        "500" : 0.000000,
        "750" : 0.000000,
        "1000" : 0.000000,
        "2000" : 0.000000,
        ">=2000" : 0.000000
      },
      "latency_depth" : 8,
      "latency_target" : 0,
      "latency_percentile" : 100.000000,
      "latency_window" : 0
    }
  ],
  "disk_util" : [
    {
      "name" : "nvme2n1",
      "read_ios" : 32800763,
      "write_ios" : 30579067,
      "read_merges" : 0,
      "write_merges" : 0,
      "read_ticks" : 18900696,
      "write_ticks" : 67224648,
      "in_queue" : 86125344,
      "util" : 100.000000
    }
  ]
}
