{
  "fio version" : "fio-3.33",
  "timestamp" : 1753981988,
  "timestamp_ms" : 1753981988851,
  "time" : "Thu Jul 31 17:13:08 2025",
  "global options" : {
    "ioengine" : "libaio",
    "direct" : "1",
    "time_based" : "1",
    "runtime" : "720",
    "group_reporting" : "1"
  },
  "jobs" : [
    {
      "jobname" : "rocksdb-wal",
      "groupid" : 0,
      "error" : 0,
      "eta" : 0,
      "elapsed" : 721,
      "job options" : {
        "name" : "rocksdb-compaction-write",
        "ioengine" : "libaio",
        "rw" : "write",
        "bs" : "1M",
        "size" : "50G",
        "iodepth" : "8",
        "filename" : "/mnt/xfs/compaction_output.dat"
      },
      "read" : {
        "io_bytes" : 4338236784640,
        "io_kbytes" : 4236559360,
        "bw_bytes" : 6025320499,
        "bw" : 5884102,
        "iops" : 5746.193408,
        "runtime" : 720001,
        "total_ios" : 4137265,
        "short_ios" : 0,
        "drop_ios" : 0,
        "slat_ns" : {
          "min" : 6730,
          "max" : 192641,
          "mean" : 13664.031751,
          "stddev" : 2843.387844,
          "N" : 4137265
        },
        "clat_ns" : {
          "min" : 164481,
          "max" : 3374931,
          "mean" : 681959.623867,
          "stddev" : 199302.501707,
          "N" : 4137265,
          "percentile" : {
            "1.000000" : 337920,
            "5.000000" : 411648,
            "10.000000" : 456704,
            "20.000000" : 522240,
            "30.000000" : 569344,
            "40.000000" : 610304,
            "50.000000" : 651264,
            "60.000000" : 708608,
            "70.000000" : 765952,
            "80.000000" : 831488,
            "90.000000" : 929792,
            "95.000000" : 1019904,
            "99.000000" : 1236992,
            "99.500000" : 1351680,
            "99.900000" : 2072576,
            "99.950000" : 2244608,
            "99.990000" : 2506752
          }
        },
        "lat_ns" : {
          "min" : 182671,
          "max" : 3385691,
          "mean" : 695623.655618,
          "stddev" : 198849.286980,
          "N" : 4137265
        },
        "bw_min" : 4368929,
        "bw_max" : 6320128,
        "bw_agg" : 100.000000,
        "bw_mean" : 5887868.401668,
        "bw_dev" : 297104.787309,
        "bw_samples" : 1439,
        "iops_min" : 4266,
        "iops_max" : 6172,
        "iops_mean" : 5749.742877,
        "iops_stddev" : 290.137763,
        "iops_samples" : 1439
      },
      "write" : {
        "io_bytes" : 3287961485312,
        "io_kbytes" : 3210899888,
        "bw_bytes" : 4566600489,
        "bw" : 4459570,
        "iops" : 18083.094214,
        "runtime" : 720002,
        "total_ios" : 13019864,
        "short_ios" : 0,
        "drop_ios" : 0,
        "slat_ns" : {
          "min" : 2250,
          "max" : 327382,
          "mean" : 7778.954381,
          "stddev" : 6829.335993,
          "N" : 12699333
        },
        "clat_ns" : {
          "min" : 11630,
          "max" : 6951794,
          "mean" : 2259302.584934,
          "stddev" : 393463.531215,
          "N" : 13019864,
          "percentile" : {
            "1.000000" : 1515520,
            "5.000000" : 1728512,
            "10.000000" : 1843200,
            "20.000000" : 1974272,
            "30.000000" : 2056192,
            "40.000000" : 2146304,
            "50.000000" : 2211840,
            "60.000000" : 2310144,
            "70.000000" : 2408448,
            "80.000000" : 2539520,
            "90.000000" : 2703360,
            "95.000000" : 2867200,
            "99.000000" : 3194880,
            "99.500000" : 4292608,
            "99.900000" : 5275648,
            "99.950000" : 5472256,
            "99.990000" : 5865472
          }
        },
        "lat_ns" : {
          "min" : 11750,
          "max" : 6969514,
          "mean" : 2266893.555527,
          "stddev" : 393782.969442,
          "N" : 13019864
        },
        "bw_min" : 4205152,
        "bw_max" : 4781117,
        "bw_agg" : 100.000000,
        "bw_mean" : 4462593.989576,
        "bw_dev" : 41248.792646,
        "bw_samples" : 5756,
        "iops_min" : 16906,
        "iops_max" : 19512,
        "iops_mean" : 18095.045865,
        "iops_stddev" : 133.017561,
        "iops_samples" : 5756
      },
      "trim" : {
        "io_bytes" : 0,
        "io_kbytes" : 0,
        "bw_bytes" : 0,
        "bw" : 0,
        "iops" : 0.000000,
        "runtime" : 0,
        "total_ios" : 0,
        "short_ios" : 0,
        "drop_ios" : 0,
        "slat_ns" : {
          "min" : 0,
          "max" : 0,
          "mean" : 0.000000,
          "stddev" : 0.000000,
          "N" : 0
        },
        "clat_ns" : {
          "min" : 0,
          "max" : 0,
          "mean" : 0.000000,
          "stddev" : 0.000000,
          "N" : 0
        },
        "lat_ns" : {
          "min" : 0,
          "max" : 0,
          "mean" : 0.000000,
          "stddev" : 0.000000,
          "N" : 0
        },
        "bw_min" : 0,
        "bw_max" : 0,
        "bw_agg" : 0.000000,
        "bw_mean" : 0.000000,
        "bw_dev" : 0.000000,
        "bw_samples" : 0,
        "iops_min" : 0,
        "iops_max" : 0,
        "iops_mean" : 0.000000,
        "iops_stddev" : 0.000000,
        "iops_samples" : 0
      },
      "sync" : {
        "total_ios" : 0,
        "lat_ns" : {
          "min" : 0,
          "max" : 0,
          "mean" : 0.000000,
          "stddev" : 0.000000,
          "N" : 0
        }
      },
      "job_runtime" : 3600004,
      "usr_cpu" : 1.134165,
      "sys_cpu" : 4.361384,
      "ctx" : 16728958,
      "majf" : 0,
      "minf" : 62,
      "iodepth_level" : {
        "1" : 1.868232,
        "2" : 0.100000,
        "4" : 24.114023,
        "8" : 14.528841,
        "16" : 59.488857,
        "32" : 0.000000,
        ">=64" : 0.000000
      },
      "iodepth_submit" : {
        "0" : 0.000000,
        "4" : 100.000000,
        "8" : 0.000000,
        "16" : 0.000000,
        "32" : 0.000000,
        "64" : 0.000000,
        ">=64" : 0.000000
      },
      "iodepth_complete" : {
        "0" : 0.000000,
        "4" : 99.999983,
        "8" : 0.100000,
        "16" : 0.100000,
        "32" : 0.000000,
        "64" : 0.000000,
        ">=64" : 0.000000
      },
      "latency_ns" : {
        "2" : 0.000000,
        "4" : 0.000000,
        "10" : 0.000000,
        "20" : 0.000000,
        "50" : 0.000000,
        "100" : 0.000000,
        "250" : 0.000000,
        "500" : 0.000000,
        "750" : 0.000000,
        "1000" : 0.000000
      },
      "latency_us" : {
        "2" : 0.000000,
        "4" : 0.000000,
        "10" : 0.000000,
        "20" : 0.010000,
        "50" : 0.010000,
        "100" : 0.010000,
        "250" : 0.023174,
        "500" : 3.986436,
        "750" : 12.375311,
        "1000" : 6.325120
      },
      "latency_ms" : {
        "2" : 18.840337,
        "4" : 58.014607,
        "10" : 0.434671,
        "20" : 0.000000,
        "50" : 0.000000,
        "100" : 0.000000,
        "250" : 0.000000,
        "500" : 0.000000,
        "750" : 0.000000,
        "1000" : 0.000000,
        "2000" : 0.000000,
        ">=2000" : 0.000000
      },
      "latency_depth" : 8,
      "latency_target" : 0,
      "latency_percentile" : 100.000000,
      "latency_window" : 0
    }
  ],
  "disk_util" : [
    {
      "name" : "nvme2n1",
      "read_ios" : 33092883,
      "write_ios" : 30464216,
      "read_merges" : 0,
      "write_merges" : 0,
      "read_ticks" : 19191920,
      "write_ticks" : 67259640,
      "in_queue" : 86451560,
      "util" : 100.000000
    }
  ]
}
