{
  "fio version" : "fio-3.33",
  "timestamp" : 1754038769,
  "timestamp_ms" : 1754038769129,
  "time" : "Fri Aug  1 08:59:29 2025",
  "global options" : {
    "ioengine" : "libaio",
    "direct" : "1",
    "time_based" : "1",
    "runtime" : "720",
    "group_reporting" : "1"
  },
  "jobs" : [
    {
      "jobname" : "rocksdb-wal",
      "groupid" : 0,
      "error" : 0,
      "eta" : 0,
      "elapsed" : 721,
      "job options" : {
        "name" : "rocksdb-compaction-write",
        "ioengine" : "libaio",
        "rw" : "write",
        "bs" : "1M",
        "size" : "50G",
        "iodepth" : "8",
        "filename" : "/mnt/xfs/compaction_output.dat"
      },
      "read" : {
        "io_bytes" : 4282059325440,
        "io_kbytes" : 4181698560,
        "bw_bytes" : 5947296358,
        "bw" : 5807906,
        "iops" : 5671.783789,
        "runtime" : 720001,
        "total_ios" : 4083690,
        "short_ios" : 0,
        "drop_ios" : 0,
        "slat_ns" : {
          "min" : 7449,
          "max" : 1126156,
          "mean" : 27602.164758,
          "stddev" : 10243.663247,
          "N" : 4083690
        },
        "clat_ns" : {
          "min" : 148961,
          "max" : 3446291,
          "mean" : 677102.334561,
          "stddev" : 199596.261585,
          "N" : 4083690,
          "percentile" : {
            "1.000000" : 333824,
            "5.000000" : 407552,
            "10.000000" : 452608,
            "20.000000" : 514048,
            "30.000000" : 569344,
            "40.000000" : 610304,
            "50.000000" : 651264,
            "60.000000" : 700416,
            "70.000000" : 757760,
            "80.000000" : 823296,
            "90.000000" : 921600,
            "95.000000" : 1019904,
            "99.000000" : 1236992,
            "99.500000" : 1351680,
            "99.900000" : 2072576,
            "99.950000" : 2244608,
            "99.990000" : 2506752
          }
        },
        "lat_ns" : {
          "min" : 192342,
          "max" : 3481331,
          "mean" : 704704.499319,
          "stddev" : 198332.512407,
          "N" : 4083690
        },
        "bw_min" : 4335616,
        "bw_max" : 6258688,
        "bw_agg" : 100.000000,
        "bw_mean" : 5811327.753996,
        "bw_dev" : 270317.933440,
        "bw_samples" : 1439,
        "iops_min" : 4234,
        "iops_max" : 6112,
        "iops_mean" : 5675.037526,
        "iops_stddev" : 263.965794,
        "iops_samples" : 1439
      },
      "write" : {
        "io_bytes" : 3317719400448,
        "io_kbytes" : 3239960352,
        "bw_bytes" : 4607930811,
        "bw" : 4499932,
        "iops" : 18254.228460,
        "runtime" : 720002,
        "total_ios" : 13143081,
        "short_ios" : 0,
        "drop_ios" : 0,
        "slat_ns" : {
          "min" : 2380,
          "max" : 375982,
          "mean" : 9223.077459,
          "stddev" : 9737.827032,
          "N" : 12818867
        },
        "clat_ns" : {
          "min" : 12710,
          "max" : 7052722,
          "mean" : 2236626.788293,
          "stddev" : 383144.983062,
          "N" : 13143081,
          "percentile" : {
            "1.000000" : 1515520,
            "5.000000" : 1728512,
            "10.000000" : 1826816,
            "20.000000" : 1957888,
            "30.000000" : 2039808,
            "40.000000" : 2113536,
            "50.000000" : 2179072,
            "60.000000" : 2277376,
            "70.000000" : 2375680,
            "80.000000" : 2506752,
            "90.000000" : 2670592,
            "95.000000" : 2801664,
            "99.000000" : 3194880,
            "99.500000" : 4227072,
            "99.900000" : 5275648,
            "99.950000" : 5406720,
            "99.990000" : 5799936
          }
        },
        "lat_ns" : {
          "min" : 12820,
          "max" : 7074452,
          "mean" : 2245625.659081,
          "stddev" : 383536.382628,
          "N" : 13143081
        },
        "bw_min" : 4160096,
        "bw_max" : 4779632,
        "bw_agg" : 100.000000,
        "bw_mean" : 4502656.000000,
        "bw_dev" : 41971.424867,
        "bw_samples" : 5756,
        "iops_min" : 16892,
        "iops_max" : 19724,
        "iops_mean" : 18264.851981,
        "iops_stddev" : 137.577563,
        "iops_samples" : 5756
      },
      "trim" : {
        "io_bytes" : 0,
        "io_kbytes" : 0,
        "bw_bytes" : 0,
        "bw" : 0,
        "iops" : 0.000000,
        "runtime" : 0,
        "total_ios" : 0,
        "short_ios" : 0,
        "drop_ios" : 0,
        "slat_ns" : {
          "min" : 0,
          "max" : 0,
          "mean" : 0.000000,
          "stddev" : 0.000000,
          "N" : 0
        },
        "clat_ns" : {
          "min" : 0,
          "max" : 0,
          "mean" : 0.000000,
          "stddev" : 0.000000,
          "N" : 0
        },
        "lat_ns" : {
          "min" : 0,
          "max" : 0,
          "mean" : 0.000000,
          "stddev" : 0.000000,
          "N" : 0
        },
        "bw_min" : 0,
        "bw_max" : 0,
        "bw_agg" : 0.000000,
        "bw_mean" : 0.000000,
        "bw_dev" : 0.000000,
        "bw_samples" : 0,
        "iops_min" : 0,
        "iops_max" : 0,
        "iops_mean" : 0.000000,
        "iops_stddev" : 0.000000,
        "iops_samples" : 0
      },
      "sync" : {
        "total_ios" : 0,
        "lat_ns" : {
          "min" : 0,
          "max" : 0,
          "mean" : 0.000000,
          "stddev" : 0.000000,
          "N" : 0
        }
      },
      "job_runtime" : 3600003,
      "usr_cpu" : 1.157805,
      "sys_cpu" : 6.688578,
      "ctx" : 16519177,
      "majf" : 0,
      "minf" : 569,
      "iodepth_level" : {
        "1" : 1.882059,
        "2" : 0.100000,
        "4" : 23.705539,
        "8" : 14.599213,
        "16" : 59.813142,
        "32" : 0.000000,
        ">=64" : 0.000000
      },
      "iodepth_submit" : {
        "0" : 0.000000,
        "4" : 100.000000,
        "8" : 0.000000,
        "16" : 0.000000,
        "32" : 0.000000,
        "64" : 0.000000,
        ">=64" : 0.000000
      },
      "iodepth_complete" : {
        "0" : 0.000000,
        "4" : 99.999983,
        "8" : 0.100000,
        "16" : 0.100000,
        "32" : 0.000000,
        "64" : 0.000000,
        ">=64" : 0.000000
      },
      "latency_ns" : {
        "2" : 0.000000,
        "4" : 0.000000,
        "10" : 0.000000,
        "20" : 0.000000,
        "50" : 0.000000,
        "100" : 0.000000,
        "250" : 0.000000,
        "500" : 0.000000,
        "750" : 0.000000,
        "1000" : 0.000000
      },
      "latency_us" : {
        "2" : 0.000000,
        "4" : 0.000000,
        "10" : 0.000000,
        "20" : 0.010000,
        "50" : 0.010000,
        "100" : 0.010000,
        "250" : 0.032426,
        "500" : 4.083493,
        "750" : 12.191507,
        "1000" : 6.056399
      },
      "latency_ms" : {
        "2" : 19.884376,
        "4" : 57.321392,
        "10" : 0.429918,
        "20" : 0.000000,
        "50" : 0.000000,
        "100" : 0.000000,
        "250" : 0.000000,
        "500" : 0.000000,
        "750" : 0.000000,
        "1000" : 0.000000,
        "2000" : 0.000000,
        ">=2000" : 0.000000
      },
      "latency_depth" : 8,
      "latency_target" : 0,
      "latency_percentile" : 100.000000,
      "latency_window" : 0
    }
  ],
  "disk_util" : [
    {
      "name" : "nvme2n1",
      "read_ios" : 32666638,
      "write_ios" : 30745080,
      "read_merges" : 0,
      "write_merges" : 0,
      "read_ticks" : 18761336,
      "write_ticks" : 67142940,
      "in_queue" : 85904276,
      "util" : 100.000000
    }
  ]
}
