{
  "fio version" : "fio-3.33",
  "timestamp" : 1753956912,
  "timestamp_ms" : 1753956912780,
  "time" : "Thu Jul 31 10:15:12 2025",
  "global options" : {
    "ioengine" : "libaio",
    "direct" : "1",
    "time_based" : "1",
    "runtime" : "720",
    "group_reporting" : "1"
  },
  "jobs" : [
    {
      "jobname" : "rocksdb-wal",
      "groupid" : 0,
      "error" : 0,
      "eta" : 0,
      "elapsed" : 721,
      "job options" : {
        "name" : "rocksdb-compaction-write",
        "ioengine" : "libaio",
        "rw" : "write",
        "bs" : "1M",
        "size" : "50G",
        "iodepth" : "8",
        "filename" : "/mnt/ext4/compaction_output.dat"
      },
      "read" : {
        "io_bytes" : 4303937863680,
        "io_kbytes" : 4203064320,
        "bw_bytes" : 5977683174,
        "bw" : 5837581,
        "iops" : 5700.762916,
        "runtime" : 720001,
        "total_ios" : 4104555,
        "short_ios" : 0,
        "drop_ios" : 0,
        "slat_ns" : {
          "min" : 5749,
          "max" : 2088693,
          "mean" : 11640.854329,
          "stddev" : 2459.764236,
          "N" : 4104555
        },
        "clat_ns" : {
          "min" : 142411,
          "max" : 4115646,
          "mean" : 689525.733758,
          "stddev" : 218763.756330,
          "N" : 4104555,
          "percentile" : {
            "1.000000" : 333824,
            "5.000000" : 411648,
            "10.000000" : 456704,
            "20.000000" : 522240,
            "30.000000" : 569344,
            "40.000000" : 610304,
            "50.000000" : 659456,
            "60.000000" : 708608,
            "70.000000" : 765952,
            "80.000000" : 831488,
            "90.000000" : 937984,
            "95.000000" : 1044480,
            "99.000000" : 1384448,
            "99.500000" : 1712128,
            "99.900000" : 2277376,
            "99.950000" : 2473984,
            "99.990000" : 2867200
          }
        },
        "lat_ns" : {
          "min" : 155711,
          "max" : 4125956,
          "mean" : 701166.588087,
          "stddev" : 218467.030464,
          "N" : 4104555
        },
        "bw_min" : 4293002,
        "bw_max" : 6334464,
        "bw_agg" : 100.000000,
        "bw_mean" : 5841366.814454,
        "bw_dev" : 413405.581612,
        "bw_samples" : 1439,
        "iops_min" : 4192,
        "iops_max" : 6186,
        "iops_mean" : 5704.349548,
        "iops_stddev" : 403.735948,
        "iops_samples" : 1439
      },
      "write" : {
        "io_bytes" : 3266766913536,
        "io_kbytes" : 3190202064,
        "bw_bytes" : 4537163665,
        "bw" : 4430823,
        "iops" : 17876.379510,
        "runtime" : 720002,
        "total_ios" : 12871029,
        "short_ios" : 0,
        "drop_ios" : 0,
        "slat_ns" : {
          "min" : 2400,
          "max" : 2891747,
          "mean" : 8033.005858,
          "stddev" : 7745.887060,
          "N" : 12554400
        },
        "clat_ns" : {
          "min" : 14120,
          "max" : 27236049,
          "mean" : 2285255.215903,
          "stddev" : 404418.938626,
          "N" : 12871029,
          "percentile" : {
            "1.000000" : 1466368,
            "5.000000" : 1712128,
            "10.000000" : 1843200,
            "20.000000" : 1990656,
            "30.000000" : 2088960,
            "40.000000" : 2146304,
            "50.000000" : 2244608,
            "60.000000" : 2342912,
            "70.000000" : 2441216,
            "80.000000" : 2605056,
            "90.000000" : 2768896,
            "95.000000" : 2899968,
            "99.000000" : 3391488,
            "99.500000" : 3850240,
            "99.900000" : 4489216,
            "99.950000" : 4751360,
            "99.990000" : 6389760
          }
        },
        "lat_ns" : {
          "min" : 14300,
          "max" : 27240459,
          "mean" : 2293094.225885,
          "stddev" : 404587.289401,
          "N" : 12871029
        },
        "bw_min" : 3987762,
        "bw_max" : 4721760,
        "bw_agg" : 100.000000,
        "bw_mean" : 4433652.432940,
        "bw_dev" : 40393.854873,
        "bw_samples" : 5756,
        "iops_min" : 16102,
        "iops_max" : 19446,
        "iops_mean" : 17887.093120,
        "iops_stddev" : 125.032380,
        "iops_samples" : 5756
      },
      "trim" : {
        "io_bytes" : 0,
        "io_kbytes" : 0,
        "bw_bytes" : 0,
        "bw" : 0,
        "iops" : 0.000000,
        "runtime" : 0,
        "total_ios" : 0,
        "short_ios" : 0,
        "drop_ios" : 0,
        "slat_ns" : {
          "min" : 0,
          "max" : 0,
          "mean" : 0.000000,
          "stddev" : 0.000000,
          "N" : 0
        },
        "clat_ns" : {
          "min" : 0,
          "max" : 0,
          "mean" : 0.000000,
          "stddev" : 0.000000,
          "N" : 0
        },
        "lat_ns" : {
          "min" : 0,
          "max" : 0,
          "mean" : 0.000000,
          "stddev" : 0.000000,
          "N" : 0
        },
        "bw_min" : 0,
        "bw_max" : 0,
        "bw_agg" : 0.000000,
        "bw_mean" : 0.000000,
        "bw_dev" : 0.000000,
        "bw_samples" : 0,
        "iops_min" : 0,
        "iops_max" : 0,
        "iops_mean" : 0.000000,
        "iops_stddev" : 0.000000,
        "iops_samples" : 0
      },
      "sync" : {
        "total_ios" : 0,
        "lat_ns" : {
          "min" : 0,
          "max" : 0,
          "mean" : 0.000000,
          "stddev" : 0.000000,
          "N" : 0
        }
      },
      "job_runtime" : 3600003,
      "usr_cpu" : 1.158166,
      "sys_cpu" : 4.152802,
      "ctx" : 16592225,
      "majf" : 0,
      "minf" : 61,
      "iodepth_level" : {
        "1" : 1.865226,
        "2" : 0.100000,
        "4" : 24.179221,
        "8" : 14.614513,
        "16" : 59.340992,
        "32" : 0.000000,
        ">=64" : 0.000000
      },
      "iodepth_submit" : {
        "0" : 0.000000,
        "4" : 100.000000,
        "8" : 0.000000,
        "16" : 0.000000,
        "32" : 0.000000,
        "64" : 0.000000,
        ">=64" : 0.000000
      },
      "iodepth_complete" : {
        "0" : 0.000000,
        "4" : 99.999982,
        "8" : 0.100000,
        "16" : 0.100000,
        "32" : 0.000000,
        "64" : 0.000000,
        ">=64" : 0.000000
      },
      "latency_ns" : {
        "2" : 0.000000,
        "4" : 0.000000,
        "10" : 0.000000,
        "20" : 0.000000,
        "50" : 0.000000,
        "100" : 0.000000,
        "250" : 0.000000,
        "500" : 0.000000,
        "750" : 0.000000,
        "1000" : 0.000000
      },
      "latency_us" : {
        "2" : 0.000000,
        "4" : 0.000000,
        "10" : 0.000000,
        "20" : 0.010000,
        "50" : 0.010000,
        "100" : 0.010000,
        "250" : 0.026326,
        "500" : 3.977907,
        "750" : 12.302281,
        "1000" : 6.304779
      },
      "latency_ms" : {
        "2" : 17.616460,
        "4" : 59.497046,
        "10" : 0.271519,
        "20" : 0.010000,
        "50" : 0.010000,
        "100" : 0.000000,
        "250" : 0.000000,
        "500" : 0.000000,
        "750" : 0.000000,
        "1000" : 0.000000,
        "2000" : 0.000000,
        ">=2000" : 0.000000
      },
      "latency_depth" : 8,
      "latency_target" : 0,
      "latency_percentile" : 100.000000,
      "latency_window" : 0
    }
  ],
  "disk_util" : [
    {
      "name" : "nvme0n1",
      "read_ios" : 32832693,
      "write_ios" : 30233883,
      "read_merges" : 0,
      "write_merges" : 0,
      "read_ticks" : 19345640,
      "write_ticks" : 67315080,
      "in_queue" : 86660720,
      "util" : 100.000000
    }
  ]
}
