{
  "fio version" : "fio-3.33",
  "timestamp" : 1753966656,
  "timestamp_ms" : 1753966656861,
  "time" : "Thu Jul 31 12:57:36 2025",
  "global options" : {
    "ioengine" : "libaio",
    "direct" : "1",
    "time_based" : "1",
    "runtime" : "720",
    "group_reporting" : "1"
  },
  "jobs" : [
    {
      "jobname" : "rocksdb-wal",
      "groupid" : 0,
      "error" : 0,
      "eta" : 0,
      "elapsed" : 721,
      "job options" : {
        "name" : "rocksdb-compaction-write",
        "ioengine" : "libaio",
        "rw" : "write",
        "bs" : "1M",
        "size" : "50G",
        "iodepth" : "8",
        "filename" : "/mnt/ext4/compaction_output.dat"
      },
      "read" : {
        "io_bytes" : 4346549895168,
        "io_kbytes" : 4244677632,
        "bw_bytes" : 6036866469,
        "bw" : 5895377,
        "iops" : 5757.204504,
        "runtime" : 720001,
        "total_ios" : 4145193,
        "short_ios" : 0,
        "drop_ios" : 0,
        "slat_ns" : {
          "min" : 5790,
          "max" : 4799723,
          "mean" : 24582.696830,
          "stddev" : 12140.562537,
          "N" : 4145193
        },
        "clat_ns" : {
          "min" : 155841,
          "max" : 5113995,
          "mean" : 669740.443654,
          "stddev" : 194604.695808,
          "N" : 4145193,
          "percentile" : {
            "1.000000" : 325632,
            "5.000000" : 403456,
            "10.000000" : 448512,
            "20.000000" : 509952,
            "30.000000" : 561152,
            "40.000000" : 602112,
            "50.000000" : 643072,
            "60.000000" : 692224,
            "70.000000" : 749568,
            "80.000000" : 815104,
            "90.000000" : 913408,
            "95.000000" : 1003520,
            "99.000000" : 1220608,
            "99.500000" : 1335296,
            "99.900000" : 1957888,
            "99.950000" : 2113536,
            "99.990000" : 2375680
          }
        },
        "lat_ns" : {
          "min" : 186141,
          "max" : 5141235,
          "mean" : 694323.140484,
          "stddev" : 193561.793984,
          "N" : 4145193
        },
        "bw_min" : 4345856,
        "bw_max" : 6304064,
        "bw_agg" : 100.000000,
        "bw_mean" : 5900405.825573,
        "bw_dev" : 237742.231065,
        "bw_samples" : 1439,
        "iops_min" : 4244,
        "iops_max" : 6156,
        "iops_mean" : 5761.961779,
        "iops_stddev" : 232.136346,
        "iops_samples" : 1439
      },
      "write" : {
        "io_bytes" : 3296862584832,
        "io_kbytes" : 3219592368,
        "bw_bytes" : 4578963092,
        "bw" : 4471643,
        "iops" : 18059.833167,
        "runtime" : 720002,
        "total_ios" : 13003116,
        "short_ios" : 0,
        "drop_ios" : 0,
        "slat_ns" : {
          "min" : 2300,
          "max" : 7741356,
          "mean" : 8830.976111,
          "stddev" : 10463.725863,
          "N" : 12683389
        },
        "clat_ns" : {
          "min" : 12680,
          "max" : 12537780,
          "mean" : 2261203.225249,
          "stddev" : 357573.637323,
          "N" : 13003116,
          "percentile" : {
            "1.000000" : 1515520,
            "5.000000" : 1728512,
            "10.000000" : 1843200,
            "20.000000" : 1974272,
            "30.000000" : 2072576,
            "40.000000" : 2146304,
            "50.000000" : 2211840,
            "60.000000" : 2310144,
            "70.000000" : 2408448,
            "80.000000" : 2539520,
            "90.000000" : 2703360,
            "95.000000" : 2834432,
            "99.000000" : 3162112,
            "99.500000" : 3620864,
            "99.900000" : 4227072,
            "99.950000" : 4358144,
            "99.990000" : 4685824
          }
        },
        "lat_ns" : {
          "min" : 12740,
          "max" : 12557650,
          "mean" : 2269820.378548,
          "stddev" : 357821.720257,
          "N" : 13003116
        },
        "bw_min" : 4155373,
        "bw_max" : 4755328,
        "bw_agg" : 100.000000,
        "bw_mean" : 4475318.079917,
        "bw_dev" : 36070.690461,
        "bw_samples" : 5756,
        "iops_min" : 16638,
        "iops_max" : 19282,
        "iops_mean" : 18074.010424,
        "iops_stddev" : 114.365529,
        "iops_samples" : 5756
      },
      "trim" : {
        "io_bytes" : 0,
        "io_kbytes" : 0,
        "bw_bytes" : 0,
        "bw" : 0,
        "iops" : 0.000000,
        "runtime" : 0,
        "total_ios" : 0,
        "short_ios" : 0,
        "drop_ios" : 0,
        "slat_ns" : {
          "min" : 0,
          "max" : 0,
          "mean" : 0.000000,
          "stddev" : 0.000000,
          "N" : 0
        },
        "clat_ns" : {
          "min" : 0,
          "max" : 0,
          "mean" : 0.000000,
          "stddev" : 0.000000,
          "N" : 0
        },
        "lat_ns" : {
          "min" : 0,
          "max" : 0,
          "mean" : 0.000000,
          "stddev" : 0.000000,
          "N" : 0
        },
        "bw_min" : 0,
        "bw_max" : 0,
        "bw_agg" : 0.000000,
        "bw_mean" : 0.000000,
        "bw_dev" : 0.000000,
        "bw_samples" : 0,
        "iops_min" : 0,
        "iops_max" : 0,
        "iops_mean" : 0.000000,
        "iops_stddev" : 0.000000,
        "iops_samples" : 0
      },
      "sync" : {
        "total_ios" : 0,
        "lat_ns" : {
          "min" : 0,
          "max" : 0,
          "mean" : 0.000000,
          "stddev" : 0.000000,
          "N" : 0
        }
      },
      "job_runtime" : 3600004,
      "usr_cpu" : 1.151888,
      "sys_cpu" : 6.133743,
      "ctx" : 16508430,
      "majf" : 0,
      "minf" : 579,
      "iodepth_level" : {
        "1" : 1.864505,
        "2" : 0.100000,
        "4" : 24.172657,
        "8" : 14.595392,
        "16" : 59.367399,
        "32" : 0.000000,
        ">=64" : 0.000000
      },
      "iodepth_submit" : {
        "0" : 0.000000,
        "4" : 100.000000,
        "8" : 0.000000,
        "16" : 0.000000,
        "32" : 0.000000,
        "64" : 0.000000,
        ">=64" : 0.000000
      },
      "iodepth_complete" : {
        "0" : 0.000000,
        "4" : 99.999983,
        "8" : 0.100000,
        "16" : 0.100000,
        "32" : 0.000000,
        "64" : 0.000000,
        ">=64" : 0.000000
      },
      "latency_ns" : {
        "2" : 0.000000,
        "4" : 0.000000,
        "10" : 0.000000,
        "20" : 0.000000,
        "50" : 0.000000,
        "100" : 0.000000,
        "250" : 0.000000,
        "500" : 0.000000,
        "750" : 0.000000,
        "1000" : 0.000000
      },
      "latency_us" : {
        "2" : 0.000000,
        "4" : 0.000000,
        "10" : 0.000000,
        "20" : 0.010000,
        "50" : 0.010000,
        "100" : 0.010000,
        "250" : 0.035012,
        "500" : 4.349863,
        "750" : 12.585264,
        "1000" : 5.997600
      },
      "latency_ms" : {
        "2" : 17.776511,
        "4" : 59.092316,
        "10" : 0.162669,
        "20" : 0.010000,
        "50" : 0.000000,
        "100" : 0.000000,
        "250" : 0.000000,
        "500" : 0.000000,
        "750" : 0.000000,
        "1000" : 0.000000,
        "2000" : 0.000000,
        ">=2000" : 0.000000
      },
      "latency_depth" : 8,
      "latency_target" : 0,
      "latency_percentile" : 100.000000,
      "latency_window" : 0
    }
  ],
  "disk_util" : [
    {
      "name" : "nvme0n1",
      "read_ios" : 33158122,
      "write_ios" : 30529159,
      "read_merges" : 0,
      "write_merges" : 0,
      "read_ticks" : 18835532,
      "write_ticks" : 67310808,
      "in_queue" : 86146340,
      "util" : 100.000000
    }
  ]
}
