{
  "fio version" : "fio-3.33",
  "timestamp" : 1754039489,
  "timestamp_ms" : 1754039489498,
  "time" : "Fri Aug  1 09:11:29 2025",
  "global options" : {
    "ioengine" : "libaio",
    "direct" : "1",
    "thread" : "1",
    "group_reporting" : "1",
    "time_based" : "1",
    "runtime" : "720"
  },
  "jobs" : [
    {
      "jobname" : "solana-snapshot-write",
      "groupid" : 0,
      "error" : 0,
      "eta" : 0,
      "elapsed" : 721,
      "job options" : {
        "name" : "solana-snapshot-write",
        "rw" : "write",
        "bs" : "1M",
        "size" : "100G",
        "iodepth" : "4",
        "filename" : "/mnt/ext4/snapshot.dat"
      },
      "read" : {
        "io_bytes" : 0,
        "io_kbytes" : 0,
        "bw_bytes" : 0,
        "bw" : 0,
        "iops" : 0.000000,
        "runtime" : 0,
        "total_ios" : 0,
        "short_ios" : 0,
        "drop_ios" : 0,
        "slat_ns" : {
          "min" : 0,
          "max" : 0,
          "mean" : 0.000000,
          "stddev" : 0.000000,
          "N" : 0
        },
        "clat_ns" : {
          "min" : 0,
          "max" : 0,
          "mean" : 0.000000,
          "stddev" : 0.000000,
          "N" : 0
        },
        "lat_ns" : {
          "min" : 0,
          "max" : 0,
          "mean" : 0.000000,
          "stddev" : 0.000000,
          "N" : 0
        },
        "bw_min" : 0,
        "bw_max" : 0,
        "bw_agg" : 0.000000,
        "bw_mean" : 0.000000,
        "bw_dev" : 0.000000,
        "bw_samples" : 0,
        "iops_min" : 0,
        "iops_max" : 0,
        "iops_mean" : 0.000000,
        "iops_stddev" : 0.000000,
        "iops_samples" : 0
      },
      "write" : {
        "io_bytes" : 5098331701248,
        "io_kbytes" : 4978839552,
        "bw_bytes" : 7081006417,
        "bw" : 6915045,
        "iops" : 6752.973954,
        "runtime" : 720001,
        "total_ios" : 4862148,
        "short_ios" : 0,
        "drop_ios" : 0,
        "slat_ns" : {
          "min" : 10490,
          "max" : 174631,
          "mean" : 15808.359334,
          "stddev" : 4233.454769,
          "N" : 4862148
        },
        "clat_ns" : {
          "min" : 86101,
          "max" : 11485072,
          "mean" : 576144.629216,
          "stddev" : 80335.730767,
          "N" : 4862148,
          "percentile" : {
            "1.000000" : 552960,
            "5.000000" : 552960,
            "10.000000" : 552960,
            "20.000000" : 561152,
            "30.000000" : 561152,
            "40.000000" : 561152,
            "50.000000" : 561152,
            "60.000000" : 561152,
            "70.000000" : 561152,
            "80.000000" : 569344,
            "90.000000" : 577536,
            "95.000000" : 634880,
            "99.000000" : 864256,
            "99.500000" : 1073152,
            "99.900000" : 1597440,
            "99.950000" : 1761280,
            "99.990000" : 2605056
          }
        },
        "lat_ns" : {
          "min" : 107861,
          "max" : 11501572,
          "mean" : 591952.988550,
          "stddev" : 80223.388034,
          "N" : 4862148
        },
        "bw_min" : 5519360,
        "bw_max" : 7059456,
        "bw_agg" : 100.000000,
        "bw_mean" : 6919267.695622,
        "bw_dev" : 211852.077758,
        "bw_samples" : 1439,
        "iops_min" : 5390,
        "iops_max" : 6894,
        "iops_mean" : 6756.965949,
        "iops_stddev" : 206.874535,
        "iops_samples" : 1439
      },
      "trim" : {
        "io_bytes" : 0,
        "io_kbytes" : 0,
        "bw_bytes" : 0,
        "bw" : 0,
        "iops" : 0.000000,
        "runtime" : 0,
        "total_ios" : 0,
        "short_ios" : 0,
        "drop_ios" : 0,
        "slat_ns" : {
          "min" : 0,
          "max" : 0,
          "mean" : 0.000000,
          "stddev" : 0.000000,
          "N" : 0
        },
        "clat_ns" : {
          "min" : 0,
          "max" : 0,
          "mean" : 0.000000,
          "stddev" : 0.000000,
          "N" : 0
        },
        "lat_ns" : {
          "min" : 0,
          "max" : 0,
          "mean" : 0.000000,
          "stddev" : 0.000000,
          "N" : 0
        },
        "bw_min" : 0,
        "bw_max" : 0,
        "bw_agg" : 0.000000,
        "bw_mean" : 0.000000,
        "bw_dev" : 0.000000,
        "bw_samples" : 0,
        "iops_min" : 0,
        "iops_max" : 0,
        "iops_mean" : 0.000000,
        "iops_stddev" : 0.000000,
        "iops_samples" : 0
      },
      "sync" : {
        "total_ios" : 0,
        "lat_ns" : {
          "min" : 0,
          "max" : 0,
          "mean" : 0.000000,
          "stddev" : 0.000000,
          "N" : 0
        }
      },
      "job_runtime" : 720000,
      "usr_cpu" : 3.861944,
      "sys_cpu" : 8.018194,
      "ctx" : 4862878,
      "majf" : 0,
      "minf" : 1,
      "iodepth_level" : {
        "1" : 0.100000,
        "2" : 0.100000,
        "4" : 99.999938,
        "8" : 0.000000,
        "16" : 0.000000,
        "32" : 0.000000,
        ">=64" : 0.000000
      },
      "iodepth_submit" : {
        "0" : 0.000000,
        "4" : 100.000000,
        "8" : 0.000000,
        "16" : 0.000000,
        "32" : 0.000000,
        "64" : 0.000000,
        ">=64" : 0.000000
      },
      "iodepth_complete" : {
        "0" : 0.000000,
        "4" : 100.000000,
        "8" : 0.000000,
        "16" : 0.000000,
        "32" : 0.000000,
        "64" : 0.000000,
        ">=64" : 0.000000
      },
      "latency_ns" : {
        "2" : 0.000000,
        "4" : 0.000000,
        "10" : 0.000000,
        "20" : 0.000000,
        "50" : 0.000000,
        "100" : 0.000000,
        "250" : 0.000000,
        "500" : 0.000000,
        "750" : 0.000000,
        "1000" : 0.000000
      },
      "latency_us" : {
        "2" : 0.000000,
        "4" : 0.000000,
        "10" : 0.000000,
        "20" : 0.000000,
        "50" : 0.000000,
        "100" : 0.010000,
        "250" : 0.010000,
        "500" : 0.010000,
        "750" : 97.451970,
        "1000" : 1.947802
      },
      "latency_ms" : {
        "2" : 0.561789,
        "4" : 0.024907,
        "10" : 0.010000,
        "20" : 0.010000,
        "50" : 0.000000,
        "100" : 0.000000,
        "250" : 0.000000,
        "500" : 0.000000,
        "750" : 0.000000,
        "1000" : 0.000000,
        "2000" : 0.000000,
        ">=2000" : 0.000000
      },
      "latency_depth" : 4,
      "latency_target" : 0,
      "latency_percentile" : 100.000000,
      "latency_window" : 0
    }
  ],
  "disk_util" : [
    {
      "name" : "nvme0n1",
      "read_ios" : 0,
      "write_ios" : 38892157,
      "read_merges" : 0,
      "write_merges" : 0,
      "read_ticks" : 0,
      "write_ticks" : 19887344,
      "in_queue" : 19887344,
      "util" : 100.000000
    }
  ]
}
