{
  "fio version" : "fio-3.33",
  "timestamp" : 1754507256,
  "timestamp_ms" : 1754507256215,
  "time" : "Wed Aug  6 19:07:36 2025",
  "global options" : {
    "ioengine" : "libaio",
    "direct" : "1",
    "thread" : "1",
    "time_based" : "1",
    "runtime" : "720",
    "group_reporting" : "1",
    "rw" : "randrw",
    "rwmixread" : "10",
    "bs" : "4k",
    "iodepth" : "1000",
    "numjobs" : "1000",
    "size" : "1M",
    "randrepeat" : "0",
    "norandommap" : "1"
  },
  "jobs" : [
    {
      "jobname" : "job1",
      "groupid" : 0,
      "error" : 0,
      "eta" : 0,
      "elapsed" : 721,
      "job options" : {
        "directory" : "/mnt/xfs"
      },
      "read" : {
        "io_bytes" : 386943762432,
        "io_kbytes" : 377874768,
        "bw_bytes" : 537359946,
        "bw" : 524765,
        "iops" : 131191.393214,
        "runtime" : 720083,
        "total_ios" : 94468692,
        "short_ios" : 0,
        "drop_ios" : 0,
        "slat_ns" : {
          "min" : 1120,
          "max" : 141183190,
          "mean" : 760764.876146,
          "stddev" : 1503807.273942,
          "N" : 94468692
        },
        "clat_ns" : {
          "min" : 34220,
          "max" : 4238286649,
          "mean" : 760485196.653253,
          "stddev" : 331189544.770398,
          "N" : 94468692,
          "percentile" : {
            "1.000000" : 196083712,
            "5.000000" : 250609664,
            "10.000000" : 325058560,
            "20.000000" : 471859200,
            "30.000000" : 583008256,
            "40.000000" : 675282944,
            "50.000000" : 759169024,
            "60.000000" : 843055104,
            "70.000000" : 918552576,
            "80.000000" : 1010827264,
            "90.000000" : 1132462080,
            "95.000000" : 1249902592,
            "99.000000" : 1619001344,
            "99.500000" : 1937768448,
            "99.900000" : 3170893824,
            "99.950000" : 3372220416,
            "99.990000" : 3607101440
          }
        },
        "lat_ns" : {
          "min" : 35560,
          "max" : 4242101668,
          "mean" : 761245961.529400,
          "stddev" : 331427981.725580,
          "N" : 94468692
        },
        "bw_min" : 54962,
        "bw_max" : 2276211,
        "bw_agg" : 100.000000,
        "bw_mean" : 524769.718829,
        "bw_dev" : 280.938540,
        "bw_samples" : 1430525,
        "iops_min" : 13064,
        "iops_max" : 568549,
        "iops_mean" : 130745.994549,
        "iops_stddev" : 70.310211,
        "iops_samples" : 1430525
      },
      "write" : {
        "io_bytes" : 3482252963840,
        "io_kbytes" : 3400637660,
        "bw_bytes" : 4835904977,
        "bw" : 4722563,
        "iops" : 1180640.863623,
        "runtime" : 720083,
        "total_ios" : 850159415,
        "short_ios" : 0,
        "drop_ios" : 0,
        "slat_ns" : {
          "min" : 1200,
          "max" : 142934949,
          "mean" : 759824.729075,
          "stddev" : 1502798.945753,
          "N" : 850159415
        },
        "clat_ns" : {
          "min" : 382131,
          "max" : 4262622646,
          "mean" : 761137187.290277,
          "stddev" : 331208608.238900,
          "N" : 850159415,
          "percentile" : {
            "1.000000" : 196083712,
            "5.000000" : 250609664,
            "10.000000" : 325058560,
            "20.000000" : 471859200,
            "30.000000" : 583008256,
            "40.000000" : 675282944,
            "50.000000" : 759169024,
            "60.000000" : 843055104,
            "70.000000" : 918552576,
            "80.000000" : 1010827264,
            "90.000000" : 1132462080,
            "95.000000" : 1249902592,
            "99.000000" : 1619001344,
            "99.500000" : 1937768448,
            "99.900000" : 3170893824,
            "99.950000" : 3372220416,
            "99.990000" : 3607101440
          }
        },
        "lat_ns" : {
          "min" : 392843,
          "max" : 4268703178,
          "mean" : 761897012.019354,
          "stddev" : 331446262.052462,
          "N" : 850159415
        },
        "bw_min" : 686394,
        "bw_max" : 20123279,
        "bw_agg" : 100.000000,
        "bw_mean" : 4726322.470312,
        "bw_dev" : 2467.188957,
        "bw_samples" : 1430548,
        "iops_min" : 171231,
        "iops_max" : 5030453,
        "iops_mean" : 1181217.664889,
        "iops_stddev" : 616.798713,
        "iops_samples" : 1430548
      },
      "trim" : {
        "io_bytes" : 0,
        "io_kbytes" : 0,
        "bw_bytes" : 0,
        "bw" : 0,
        "iops" : 0.000000,
        "runtime" : 0,
        "total_ios" : 0,
        "short_ios" : 0,
        "drop_ios" : 0,
        "slat_ns" : {
          "min" : 0,
          "max" : 0,
          "mean" : 0.000000,
          "stddev" : 0.000000,
          "N" : 0
        },
        "clat_ns" : {
          "min" : 0,
          "max" : 0,
          "mean" : 0.000000,
          "stddev" : 0.000000,
          "N" : 0
        },
        "lat_ns" : {
          "min" : 0,
          "max" : 0,
          "mean" : 0.000000,
          "stddev" : 0.000000,
          "N" : 0
        },
        "bw_min" : 0,
        "bw_max" : 0,
        "bw_agg" : 0.000000,
        "bw_mean" : 0.000000,
        "bw_dev" : 0.000000,
        "bw_samples" : 0,
        "iops_min" : 0,
        "iops_max" : 0,
        "iops_mean" : 0.000000,
        "iops_stddev" : 0.000000,
        "iops_samples" : 0
      },
      "sync" : {
        "total_ios" : 0,
        "lat_ns" : {
          "min" : 0,
          "max" : 0,
          "mean" : 0.000000,
          "stddev" : 0.000000,
          "N" : 0
        }
      },
      "job_runtime" : 720052258,
      "usr_cpu" : 0.174818,
      "sys_cpu" : 4.691061,
      "ctx" : 1405989591,
      "majf" : 0,
      "minf" : 3602,
      "iodepth_level" : {
        "1" : 0.100000,
        "2" : 0.100000,
        "4" : 0.100000,
        "8" : 0.100000,
        "16" : 0.100000,
        "32" : 0.100000,
        ">=64" : 99.993331
      },
      "iodepth_submit" : {
        "0" : 0.000000,
        "4" : 100.000000,
        "8" : 0.000000,
        "16" : 0.000000,
        "32" : 0.000000,
        "64" : 0.000000,
        ">=64" : 0.000000
      },
      "iodepth_complete" : {
        "0" : 0.000000,
        "4" : 99.999894,
        "8" : 0.000000,
        "16" : 0.000000,
        "32" : 0.000000,
        "64" : 0.000000,
        ">=64" : 0.100000
      },
      "latency_ns" : {
        "2" : 0.000000,
        "4" : 0.000000,
        "10" : 0.000000,
        "20" : 0.000000,
        "50" : 0.000000,
        "100" : 0.000000,
        "250" : 0.000000,
        "500" : 0.000000,
        "750" : 0.000000,
        "1000" : 0.000000
      },
      "latency_us" : {
        "2" : 0.000000,
        "4" : 0.000000,
        "10" : 0.000000,
        "20" : 0.000000,
        "50" : 0.010000,
        "100" : 0.010000,
        "250" : 0.010000,
        "500" : 0.010000,
        "750" : 0.010000,
        "1000" : 0.010000
      },
      "latency_ms" : {
        "2" : 0.010000,
        "4" : 0.010000,
        "10" : 0.010000,
        "20" : 0.010000,
        "50" : 0.021234,
        "100" : 0.023502,
        "250" : 4.920465,
        "500" : 17.183334,
        "750" : 26.536490,
        "1000" : 30.060932,
        "2000" : 20.791864,
        ">=2000" : 0.457794
      },
      "latency_depth" : 1000,
      "latency_target" : 0,
      "latency_percentile" : 100.000000,
      "latency_window" : 0
    }
  ],
  "disk_util" : [
    {
      "name" : "nvme2n1",
      "read_ios" : 94460454,
      "write_ios" : 850085640,
      "read_merges" : 0,
      "write_merges" : 0,
      "read_ticks" : 375871228,
      "write_ticks" : -482587348,
      "in_queue" : 4188251176,
      "util" : 100.000000
    }
  ]
}
