{
  "fio version" : "fio-3.33",
  "timestamp" : 1754506534,
  "timestamp_ms" : 1754506534532,
  "time" : "Wed Aug  6 18:55:34 2025",
  "global options" : {
    "ioengine" : "libaio",
    "direct" : "1",
    "thread" : "1",
    "time_based" : "1",
    "runtime" : "720",
    "group_reporting" : "1",
    "rw" : "randrw",
    "rwmixread" : "10",
    "bs" : "4k",
    "iodepth" : "1000",
    "numjobs" : "1000",
    "size" : "1M",
    "randrepeat" : "0",
    "norandommap" : "1"
  },
  "jobs" : [
    {
      "jobname" : "job1",
      "groupid" : 0,
      "error" : 0,
      "eta" : 0,
      "elapsed" : 721,
      "job options" : {
        "directory" : "/mnt/ext4"
      },
      "read" : {
        "io_bytes" : 385497620480,
        "io_kbytes" : 376462520,
        "bw_bytes" : 535360569,
        "bw" : 522813,
        "iops" : 130703.263984,
        "runtime" : 720071,
        "total_ios" : 94115630,
        "short_ios" : 0,
        "drop_ios" : 0,
        "slat_ns" : {
          "min" : 1120,
          "max" : 71903868,
          "mean" : 758907.003146,
          "stddev" : 1469773.770005,
          "N" : 94115630
        },
        "clat_ns" : {
          "min" : 151871,
          "max" : 3579284958,
          "mean" : 763364337.683883,
          "stddev" : 310405737.546449,
          "N" : 94115630,
          "percentile" : {
            "1.000000" : 200278016,
            "5.000000" : 256901120,
            "10.000000" : 346030080,
            "20.000000" : 488636416,
            "30.000000" : 599785472,
            "40.000000" : 683671552,
            "50.000000" : 767557632,
            "60.000000" : 843055104,
            "70.000000" : 918552576,
            "80.000000" : 1010827264,
            "90.000000" : 1132462080,
            "95.000000" : 1249902592,
            "99.000000" : 1568669696,
            "99.500000" : 1786773504,
            "99.900000" : 2432696320,
            "99.950000" : 2634022912,
            "99.990000" : 3003121664
          }
        },
        "lat_ns" : {
          "min" : 154251,
          "max" : 3589177740,
          "mean" : 764123244.687031,
          "stddev" : 310622450.544542,
          "N" : 94115630
        },
        "bw_min" : 72620,
        "bw_max" : 2167056,
        "bw_agg" : 99.965560,
        "bw_mean" : 522633.926677,
        "bw_dev" : 269.845673,
        "bw_samples" : 1429729,
        "iops_min" : 17474,
        "iops_max" : 541266,
        "iops_mean" : 130231.410515,
        "iops_stddev" : 67.524784,
        "iops_samples" : 1429729
      },
      "write" : {
        "io_bytes" : 3469027569664,
        "io_kbytes" : 3387722236,
        "bw_bytes" : 4817618776,
        "bw" : 4704705,
        "iops" : 1176176.458988,
        "runtime" : 720071,
        "total_ios" : 846930559,
        "short_ios" : 0,
        "drop_ios" : 0,
        "slat_ns" : {
          "min" : 1190,
          "max" : 108741145,
          "mean" : 763266.541681,
          "stddev" : 1557695.502951,
          "N" : 846930559
        },
        "clat_ns" : {
          "min" : 23000,
          "max" : 3610885870,
          "mean" : 764032036.452010,
          "stddev" : 310379418.981347,
          "N" : 846930559,
          "percentile" : {
            "1.000000" : 200278016,
            "5.000000" : 258998272,
            "10.000000" : 346030080,
            "20.000000" : 488636416,
            "30.000000" : 599785472,
            "40.000000" : 683671552,
            "50.000000" : 767557632,
            "60.000000" : 843055104,
            "70.000000" : 918552576,
            "80.000000" : 1010827264,
            "90.000000" : 1132462080,
            "95.000000" : 1249902592,
            "99.000000" : 1568669696,
            "99.500000" : 1786773504,
            "99.900000" : 2432696320,
            "99.950000" : 2634022912,
            "99.990000" : 3003121664
          }
        },
        "lat_ns" : {
          "min" : 25390,
          "max" : 3611206101,
          "mean" : 764795302.993692,
          "stddev" : 310596320.991696,
          "N" : 846930559
        },
        "bw_min" : 836368,
        "bw_max" : 19009826,
        "bw_agg" : 100.000000,
        "bw_mean" : 4706872.803264,
        "bw_dev" : 2364.911320,
        "bw_samples" : 1429744,
        "iops_min" : 208745,
        "iops_max" : 4752093,
        "iops_mean" : 1176355.447360,
        "iops_stddev" : 591.227523,
        "iops_samples" : 1429744
      },
      "trim" : {
        "io_bytes" : 0,
        "io_kbytes" : 0,
        "bw_bytes" : 0,
        "bw" : 0,
        "iops" : 0.000000,
        "runtime" : 0,
        "total_ios" : 0,
        "short_ios" : 0,
        "drop_ios" : 0,
        "slat_ns" : {
          "min" : 0,
          "max" : 0,
          "mean" : 0.000000,
          "stddev" : 0.000000,
          "N" : 0
        },
        "clat_ns" : {
          "min" : 0,
          "max" : 0,
          "mean" : 0.000000,
          "stddev" : 0.000000,
          "N" : 0
        },
        "lat_ns" : {
          "min" : 0,
          "max" : 0,
          "mean" : 0.000000,
          "stddev" : 0.000000,
          "N" : 0
        },
        "bw_min" : 0,
        "bw_max" : 0,
        "bw_agg" : 0.000000,
        "bw_mean" : 0.000000,
        "bw_dev" : 0.000000,
        "bw_samples" : 0,
        "iops_min" : 0,
        "iops_max" : 0,
        "iops_mean" : 0.000000,
        "iops_stddev" : 0.000000,
        "iops_samples" : 0
      },
      "sync" : {
        "total_ios" : 0,
        "lat_ns" : {
          "min" : 0,
          "max" : 0,
          "mean" : 0.000000,
          "stddev" : 0.000000,
          "N" : 0
        }
      },
      "job_runtime" : 720051460,
      "usr_cpu" : 0.173515,
      "sys_cpu" : 4.735531,
      "ctx" : 1400281614,
      "majf" : 0,
      "minf" : 3632,
      "iodepth_level" : {
        "1" : 0.100000,
        "2" : 0.100000,
        "4" : 0.100000,
        "8" : 0.100000,
        "16" : 0.100000,
        "32" : 0.100000,
        ">=64" : 99.993305
      },
      "iodepth_submit" : {
        "0" : 0.000000,
        "4" : 100.000000,
        "8" : 0.000000,
        "16" : 0.000000,
        "32" : 0.000000,
        "64" : 0.000000,
        ">=64" : 0.000000
      },
      "iodepth_complete" : {
        "0" : 0.000000,
        "4" : 99.999894,
        "8" : 0.000000,
        "16" : 0.000000,
        "32" : 0.000000,
        "64" : 0.000000,
        ">=64" : 0.100000
      },
      "latency_ns" : {
        "2" : 0.000000,
        "4" : 0.000000,
        "10" : 0.000000,
        "20" : 0.000000,
        "50" : 0.000000,
        "100" : 0.000000,
        "250" : 0.000000,
        "500" : 0.000000,
        "750" : 0.000000,
        "1000" : 0.000000
      },
      "latency_us" : {
        "2" : 0.000000,
        "4" : 0.000000,
        "10" : 0.000000,
        "20" : 0.000000,
        "50" : 0.010000,
        "100" : 0.010000,
        "250" : 0.010000,
        "500" : 0.010000,
        "750" : 0.010000,
        "1000" : 0.010000
      },
      "latency_ms" : {
        "2" : 0.010000,
        "4" : 0.010000,
        "10" : 0.010000,
        "20" : 0.010000,
        "50" : 0.010000,
        "100" : 0.028225,
        "250" : 4.469849,
        "500" : 16.278784,
        "750" : 27.161695,
        "1000" : 30.959339,
        "2000" : 20.808888,
        ">=2000" : 0.278598
      },
      "latency_depth" : 1000,
      "latency_target" : 0,
      "latency_percentile" : 100.000000,
      "latency_window" : 0
    }
  ],
  "disk_util" : [
    {
      "name" : "nvme0n1",
      "read_ios" : 94100512,
      "write_ios" : 846981140,
      "read_merges" : 0,
      "write_merges" : 0,
      "read_ticks" : 364007068,
      "write_ticks" : -580539636,
      "in_queue" : -216532568,
      "util" : 100.000000
    }
  ]
}
