{
  "fio version" : "fio-3.33",
  "timestamp" : 1754474653,
  "timestamp_ms" : 1754474653897,
  "time" : "Wed Aug  6 10:04:13 2025",
  "global options" : {
    "ioengine" : "libaio",
    "direct" : "1",
    "thread" : "1",
    "time_based" : "1",
    "runtime" : "720",
    "group_reporting" : "1",
    "rw" : "randrw",
    "rwmixread" : "10",
    "bs" : "4k",
    "iodepth" : "1000",
    "numjobs" : "1000",
    "size" : "1M",
    "randrepeat" : "0",
    "norandommap" : "1"
  },
  "jobs" : [
    {
      "jobname" : "job1",
      "groupid" : 0,
      "error" : 0,
      "eta" : 0,
      "elapsed" : 721,
      "job options" : {
        "directory" : "/mnt/xfs"
      },
      "read" : {
        "io_bytes" : 387451531264,
        "io_kbytes" : 378370636,
        "bw_bytes" : 538076308,
        "bw" : 525465,
        "iops" : 131366.286240,
        "runtime" : 720068,
        "total_ios" : 94592659,
        "short_ios" : 0,
        "drop_ios" : 0,
        "slat_ns" : {
          "min" : 1050,
          "max" : 62161143,
          "mean" : 760126.175439,
          "stddev" : 1422351.219871,
          "N" : 94592659
        },
        "clat_ns" : {
          "min" : 38850,
          "max" : 2142068403,
          "mean" : 759561723.495010,
          "stddev" : 244302363.995790,
          "N" : 94592659,
          "percentile" : {
            "1.000000" : 244318208,
            "5.000000" : 354418688,
            "10.000000" : 438304768,
            "20.000000" : 549453824,
            "30.000000" : 624951296,
            "40.000000" : 692060160,
            "50.000000" : 759169024,
            "60.000000" : 817889280,
            "70.000000" : 884998144,
            "80.000000" : 968884224,
            "90.000000" : 1082130432,
            "95.000000" : 1166016512,
            "99.000000" : 1350565888,
            "99.500000" : 1400897536,
            "99.900000" : 1551892480,
            "99.950000" : 1602224128,
            "99.990000" : 1702887424
          }
        },
        "lat_ns" : {
          "min" : 41480,
          "max" : 2142552107,
          "mean" : 760321849.670449,
          "stddev" : 244457523.549183,
          "N" : 94592659
        },
        "bw_min" : 112193,
        "bw_max" : 1849243,
        "bw_agg" : 99.937552,
        "bw_mean" : 525137.423236,
        "bw_dev" : 217.492659,
        "bw_samples" : 1431362,
        "iops_min" : 27420,
        "iops_max" : 462047,
        "iops_mean" : 130873.396959,
        "iops_stddev" : 54.438295,
        "iops_samples" : 1431362
      },
      "write" : {
        "io_bytes" : 3486946906112,
        "io_kbytes" : 3405221588,
        "bw_bytes" : 4842524464,
        "bw" : 4729027,
        "iops" : 1182256.949344,
        "runtime" : 720068,
        "total_ios" : 851305397,
        "short_ios" : 0,
        "drop_ios" : 0,
        "slat_ns" : {
          "min" : 1080,
          "max" : 67431420,
          "mean" : 758955.735064,
          "stddev" : 1420499.520997,
          "N" : 851305397
        },
        "clat_ns" : {
          "min" : 11890,
          "max" : 2148752400,
          "mean" : 760222162.563114,
          "stddev" : 244323641.564342,
          "N" : 851305397,
          "percentile" : {
            "1.000000" : 244318208,
            "5.000000" : 354418688,
            "10.000000" : 438304768,
            "20.000000" : 549453824,
            "30.000000" : 624951296,
            "40.000000" : 692060160,
            "50.000000" : 759169024,
            "60.000000" : 817889280,
            "70.000000" : 884998144,
            "80.000000" : 968884224,
            "90.000000" : 1082130432,
            "95.000000" : 1166016512,
            "99.000000" : 1350565888,
            "99.500000" : 1400897536,
            "99.900000" : 1551892480,
            "99.950000" : 1602224128,
            "99.990000" : 1719664640
          }
        },
        "lat_ns" : {
          "min" : 14640,
          "max" : 2149079102,
          "mean" : 760981118.298178,
          "stddev" : 244477695.048088,
          "N" : 851305397
        },
        "bw_min" : 1208195,
        "bw_max" : 16326057,
        "bw_agg" : 100.000000,
        "bw_mean" : 4729771.167329,
        "bw_dev" : 1877.841043,
        "bw_samples" : 1431375,
        "iops_min" : 301761,
        "iops_max" : 4081147,
        "iops_mean" : 1182085.370011,
        "iops_stddev" : 469.461260,
        "iops_samples" : 1431375
      },
      "trim" : {
        "io_bytes" : 0,
        "io_kbytes" : 0,
        "bw_bytes" : 0,
        "bw" : 0,
        "iops" : 0.000000,
        "runtime" : 0,
        "total_ios" : 0,
        "short_ios" : 0,
        "drop_ios" : 0,
        "slat_ns" : {
          "min" : 0,
          "max" : 0,
          "mean" : 0.000000,
          "stddev" : 0.000000,
          "N" : 0
        },
        "clat_ns" : {
          "min" : 0,
          "max" : 0,
          "mean" : 0.000000,
          "stddev" : 0.000000,
          "N" : 0
        },
        "lat_ns" : {
          "min" : 0,
          "max" : 0,
          "mean" : 0.000000,
          "stddev" : 0.000000,
          "N" : 0
        },
        "bw_min" : 0,
        "bw_max" : 0,
        "bw_agg" : 0.000000,
        "bw_mean" : 0.000000,
        "bw_dev" : 0.000000,
        "bw_samples" : 0,
        "iops_min" : 0,
        "iops_max" : 0,
        "iops_mean" : 0.000000,
        "iops_stddev" : 0.000000,
        "iops_samples" : 0
      },
      "sync" : {
        "total_ios" : 0,
        "lat_ns" : {
          "min" : 0,
          "max" : 0,
          "mean" : 0.000000,
          "stddev" : 0.000000,
          "N" : 0
        }
      },
      "job_runtime" : 720047680,
      "usr_cpu" : 0.178568,
      "sys_cpu" : 4.580724,
      "ctx" : 1500868903,
      "majf" : 0,
      "minf" : 3638,
      "iodepth_level" : {
        "1" : 0.100000,
        "2" : 0.100000,
        "4" : 0.100000,
        "8" : 0.100000,
        "16" : 0.100000,
        "32" : 0.100000,
        ">=64" : 99.993340
      },
      "iodepth_submit" : {
        "0" : 0.000000,
        "4" : 100.000000,
        "8" : 0.000000,
        "16" : 0.000000,
        "32" : 0.000000,
        "64" : 0.000000,
        ">=64" : 0.000000
      },
      "iodepth_complete" : {
        "0" : 0.000000,
        "4" : 99.999894,
        "8" : 0.000000,
        "16" : 0.000000,
        "32" : 0.000000,
        "64" : 0.000000,
        ">=64" : 0.100000
      },
      "latency_ns" : {
        "2" : 0.000000,
        "4" : 0.000000,
        "10" : 0.000000,
        "20" : 0.000000,
        "50" : 0.000000,
        "100" : 0.000000,
        "250" : 0.000000,
        "500" : 0.000000,
        "750" : 0.000000,
        "1000" : 0.000000
      },
      "latency_us" : {
        "2" : 0.000000,
        "4" : 0.000000,
        "10" : 0.000000,
        "20" : 0.010000,
        "50" : 0.010000,
        "100" : 0.010000,
        "250" : 0.010000,
        "500" : 0.010000,
        "750" : 0.010000,
        "1000" : 0.010000
      },
      "latency_ms" : {
        "2" : 0.010000,
        "4" : 0.010000,
        "10" : 0.010000,
        "20" : 0.010000,
        "50" : 0.010544,
        "100" : 0.024523,
        "250" : 1.125204,
        "500" : 13.850479,
        "750" : 33.749587,
        "1000" : 34.759385,
        "2000" : 16.472277,
        ">=2000" : 0.010000
      },
      "latency_depth" : 1000,
      "latency_target" : 0,
      "latency_percentile" : 100.000000,
      "latency_window" : 0
    }
  ],
  "disk_util" : [
    {
      "name" : "nvme2n1",
      "read_ios" : 94592006,
      "write_ios" : 851299457,
      "read_merges" : 0,
      "write_merges" : 0,
      "read_ticks" : 376341908,
      "write_ticks" : -476939960,
      "in_queue" : -100598052,
      "util" : 100.000000
    }
  ]
}
