{
  "fio version" : "fio-3.33",
  "timestamp" : 1754486068,
  "timestamp_ms" : 1754486068286,
  "time" : "Wed Aug  6 13:14:28 2025",
  "global options" : {
    "ioengine" : "libaio",
    "direct" : "1",
    "time_based" : "1",
    "runtime" : "720",
    "group_reporting" : "1"
  },
  "jobs" : [
    {
      "jobname" : "rocksdb-wal",
      "groupid" : 0,
      "error" : 0,
      "eta" : 0,
      "elapsed" : 721,
      "job options" : {
        "name" : "rocksdb-compaction-write",
        "ioengine" : "libaio",
        "rw" : "write",
        "bs" : "1M",
        "size" : "50G",
        "iodepth" : "8",
        "filename" : "/mnt/ext4/compaction_output.dat"
      },
      "read" : {
        "io_bytes" : 4942537424896,
        "io_kbytes" : 4826696704,
        "bw_bytes" : 6864625778,
        "bw" : 6703736,
        "iops" : 6546.617296,
        "runtime" : 720001,
        "total_ios" : 4713571,
        "short_ios" : 0,
        "drop_ios" : 0,
        "slat_ns" : {
          "min" : 6750,
          "max" : 1723390,
          "mean" : 8525.067066,
          "stddev" : 1446.739517,
          "N" : 4713571
        },
        "clat_ns" : {
          "min" : 135131,
          "max" : 6293470,
          "mean" : 602185.880069,
          "stddev" : 157242.714244,
          "N" : 4713571,
          "percentile" : {
            "1.000000" : 329728,
            "5.000000" : 387072,
            "10.000000" : 415744,
            "20.000000" : 460800,
            "30.000000" : 501760,
            "40.000000" : 536576,
            "50.000000" : 577536,
            "60.000000" : 626688,
            "70.000000" : 684032,
            "80.000000" : 741376,
            "90.000000" : 823296,
            "95.000000" : 880640,
            "99.000000" : 987136,
            "99.500000" : 1036288,
            "99.900000" : 1171456,
            "99.950000" : 1253376,
            "99.990000" : 1564672
          }
        },
        "lat_ns" : {
          "min" : 145591,
          "max" : 6300741,
          "mean" : 610710.947134,
          "stddev" : 157095.947889,
          "N" : 4713571
        },
        "bw_min" : 6152192,
        "bw_max" : 7464960,
        "bw_agg" : 100.000000,
        "bw_mean" : 6707708.768589,
        "bw_dev" : 154047.176357,
        "bw_samples" : 1439,
        "iops_min" : 6008,
        "iops_max" : 7290,
        "iops_mean" : 6550.407922,
        "iops_stddev" : 150.447551,
        "iops_samples" : 1439
      },
      "write" : {
        "io_bytes" : 1184729333760,
        "io_kbytes" : 1156962240,
        "bw_bytes" : 1645450551,
        "bw" : 1606885,
        "iops" : 6589.851709,
        "runtime" : 720003,
        "total_ios" : 4744713,
        "short_ios" : 0,
        "drop_ios" : 0,
        "slat_ns" : {
          "min" : 2270,
          "max" : 6468429,
          "mean" : 6986.467025,
          "stddev" : 10281.607568,
          "N" : 4523909
        },
        "clat_ns" : {
          "min" : 12960,
          "max" : 61004221,
          "mean" : 6214691.417726,
          "stddev" : 1621747.087271,
          "N" : 4744713,
          "percentile" : {
            "1.000000" : 15936,
            "5.000000" : 3751936,
            "10.000000" : 4620288,
            "20.000000" : 5275648,
            "30.000000" : 5931008,
            "40.000000" : 6324224,
            "50.000000" : 6520832,
            "60.000000" : 6717440,
            "70.000000" : 6914048,
            "80.000000" : 7110656,
            "90.000000" : 7503872,
            "95.000000" : 7831552,
            "99.000000" : 10551296,
            "99.500000" : 11730944,
            "99.900000" : 13959168,
            "99.950000" : 18743296,
            "99.990000" : 23986176
          }
        },
        "lat_ns" : {
          "min" : 13031,
          "max" : 61007421,
          "mean" : 6221359.761914,
          "stddev" : 1622419.793211,
          "N" : 4744713
        },
        "bw_min" : 1180032,
        "bw_max" : 2252879,
        "bw_agg" : 100.000000,
        "bw_mean" : 1607770.997915,
        "bw_dev" : 85098.686556,
        "bw_samples" : 5756,
        "iops_min" : 4986,
        "iops_max" : 9266,
        "iops_mean" : 6592.762335,
        "iops_stddev" : 251.075711,
        "iops_samples" : 5756
      },
      "trim" : {
        "io_bytes" : 0,
        "io_kbytes" : 0,
        "bw_bytes" : 0,
        "bw" : 0,
        "iops" : 0.000000,
        "runtime" : 0,
        "total_ios" : 0,
        "short_ios" : 0,
        "drop_ios" : 0,
        "slat_ns" : {
          "min" : 0,
          "max" : 0,
          "mean" : 0.000000,
          "stddev" : 0.000000,
          "N" : 0
        },
        "clat_ns" : {
          "min" : 0,
          "max" : 0,
          "mean" : 0.000000,
          "stddev" : 0.000000,
          "N" : 0
        },
        "lat_ns" : {
          "min" : 0,
          "max" : 0,
          "mean" : 0.000000,
          "stddev" : 0.000000,
          "N" : 0
        },
        "bw_min" : 0,
        "bw_max" : 0,
        "bw_agg" : 0.000000,
        "bw_mean" : 0.000000,
        "bw_dev" : 0.000000,
        "bw_samples" : 0,
        "iops_min" : 0,
        "iops_max" : 0,
        "iops_mean" : 0.000000,
        "iops_stddev" : 0.000000,
        "iops_samples" : 0
      },
      "sync" : {
        "total_ios" : 0,
        "lat_ns" : {
          "min" : 0,
          "max" : 0,
          "mean" : 0.000000,
          "stddev" : 0.000000,
          "N" : 0
        }
      },
      "job_runtime" : 3600007,
      "usr_cpu" : 0.501221,
      "sys_cpu" : 2.074302,
      "ctx" : 9038221,
      "majf" : 0,
      "minf" : 65,
      "iodepth_level" : {
        "1" : 2.334546,
        "2" : 0.100000,
        "4" : 49.835467,
        "8" : 9.514453,
        "16" : 38.315449,
        "32" : 0.000000,
        ">=64" : 0.000000
      },
      "iodepth_submit" : {
        "0" : 0.000000,
        "4" : 100.000000,
        "8" : 0.000000,
        "16" : 0.000000,
        "32" : 0.000000,
        "64" : 0.000000,
        ">=64" : 0.000000
      },
      "iodepth_complete" : {
        "0" : 0.000000,
        "4" : 99.999968,
        "8" : 0.100000,
        "16" : 0.100000,
        "32" : 0.000000,
        "64" : 0.000000,
        ">=64" : 0.000000
      },
      "latency_ns" : {
        "2" : 0.000000,
        "4" : 0.000000,
        "10" : 0.000000,
        "20" : 0.000000,
        "50" : 0.000000,
        "100" : 0.000000,
        "250" : 0.000000,
        "500" : 0.000000,
        "750" : 0.000000,
        "1000" : 0.000000
      },
      "latency_us" : {
        "2" : 0.000000,
        "4" : 0.000000,
        "10" : 0.000000,
        "20" : 0.666432,
        "50" : 0.162746,
        "100" : 0.257171,
        "250" : 0.072740,
        "500" : 14.854682,
        "750" : 25.640687,
        "1000" : 8.958411
      },
      "latency_ms" : {
        "2" : 0.609328,
        "4" : 1.574398,
        "10" : 46.597649,
        "20" : 0.586058,
        "50" : 0.019264,
        "100" : 0.010000,
        "250" : 0.000000,
        "500" : 0.000000,
        "750" : 0.000000,
        "1000" : 0.000000,
        "2000" : 0.000000,
        ">=2000" : 0.000000
      },
      "latency_depth" : 8,
      "latency_target" : 0,
      "latency_percentile" : 100.000000,
      "latency_window" : 0
    }
  ],
  "disk_util" : [
    {
      "name" : "nvme0n1",
      "read_ios" : 37700981,
      "write_ios" : 11043174,
      "read_merges" : 0,
      "write_merges" : 0,
      "read_ticks" : 16823776,
      "write_ticks" : 67627284,
      "in_queue" : 84451060,
      "util" : 100.000000
    }
  ]
}
