{
  "fio version" : "fio-3.33",
  "timestamp" : 1754468110,
  "timestamp_ms" : 1754468110301,
  "time" : "Wed Aug  6 08:15:10 2025",
  "global options" : {
    "ioengine" : "libaio",
    "direct" : "1",
    "time_based" : "1",
    "runtime" : "720",
    "group_reporting" : "1"
  },
  "jobs" : [
    {
      "jobname" : "rocksdb-wal",
      "groupid" : 0,
      "error" : 0,
      "eta" : 0,
      "elapsed" : 721,
      "job options" : {
        "name" : "rocksdb-compaction-write",
        "ioengine" : "libaio",
        "rw" : "write",
        "bs" : "1M",
        "size" : "50G",
        "iodepth" : "8",
        "filename" : "/mnt/xfs/compaction_output.dat"
      },
      "read" : {
        "io_bytes" : 5310451286016,
        "io_kbytes" : 5185987584,
        "bw_bytes" : 7375616542,
        "bw" : 7202750,
        "iops" : 7033.936064,
        "runtime" : 720001,
        "total_ios" : 5064441,
        "short_ios" : 0,
        "drop_ios" : 0,
        "slat_ns" : {
          "min" : 7370,
          "max" : 3979386,
          "mean" : 14429.706857,
          "stddev" : 4284.861221,
          "N" : 5064441
        },
        "clat_ns" : {
          "min" : 135741,
          "max" : 7837212,
          "mean" : 553946.885035,
          "stddev" : 136729.012044,
          "N" : 5064441,
          "percentile" : {
            "1.000000" : 292864,
            "5.000000" : 350208,
            "10.000000" : 382976,
            "20.000000" : 432128,
            "30.000000" : 473088,
            "40.000000" : 509952,
            "50.000000" : 544768,
            "60.000000" : 585728,
            "70.000000" : 618496,
            "80.000000" : 667648,
            "90.000000" : 733184,
            "95.000000" : 782336,
            "99.000000" : 880640,
            "99.500000" : 921600,
            "99.900000" : 1019904,
            "99.950000" : 1105920,
            "99.990000" : 2007040
          }
        },
        "lat_ns" : {
          "min" : 145801,
          "max" : 7854512,
          "mean" : 568376.591892,
          "stddev" : 136652.428494,
          "N" : 5064441
        },
        "bw_min" : 6817792,
        "bw_max" : 7999488,
        "bw_agg" : 100.000000,
        "bw_mean" : 7205499.196664,
        "bw_dev" : 138105.285007,
        "bw_samples" : 1439,
        "iops_min" : 6658,
        "iops_max" : 7812,
        "iops_mean" : 7036.578874,
        "iops_stddev" : 134.883901,
        "iops_samples" : 1439
      },
      "write" : {
        "io_bytes" : 1388135038976,
        "io_kbytes" : 1355600624,
        "bw_bytes" : 1927957298,
        "bw" : 1882770,
        "iops" : 7726.320585,
        "runtime" : 720003,
        "total_ios" : 5562974,
        "short_ios" : 0,
        "drop_ios" : 0,
        "slat_ns" : {
          "min" : 2050,
          "max" : 1481030,
          "mean" : 6787.437802,
          "stddev" : 7686.730586,
          "N" : 5319535
        },
        "clat_ns" : {
          "min" : 11671,
          "max" : 81680330,
          "mean" : 5299720.851954,
          "stddev" : 1261997.777950,
          "N" : 5562974,
          "percentile" : {
            "1.000000" : 22912,
            "5.000000" : 3883008,
            "10.000000" : 4489216,
            "20.000000" : 4816896,
            "30.000000" : 5079040,
            "40.000000" : 5210112,
            "50.000000" : 5341184,
            "60.000000" : 5537792,
            "70.000000" : 5668864,
            "80.000000" : 5865472,
            "90.000000" : 6193152,
            "95.000000" : 6455296,
            "99.000000" : 8716288,
            "99.500000" : 10551296,
            "99.900000" : 15007744,
            "99.950000" : 16711680,
            "99.990000" : 20840448
          }
        },
        "lat_ns" : {
          "min" : 11751,
          "max" : 81685100,
          "mean" : 5306217.932796,
          "stddev" : 1262662.601523,
          "N" : 5562974
        },
        "bw_min" : 1464454,
        "bw_max" : 2206752,
        "bw_agg" : 100.000000,
        "bw_mean" : 1883512.134121,
        "bw_dev" : 45640.872484,
        "bw_samples" : 5756,
        "iops_min" : 6226,
        "iops_max" : 9072,
        "iops_mean" : 7729.300208,
        "iops_stddev" : 137.893330,
        "iops_samples" : 5756
      },
      "trim" : {
        "io_bytes" : 0,
        "io_kbytes" : 0,
        "bw_bytes" : 0,
        "bw" : 0,
        "iops" : 0.000000,
        "runtime" : 0,
        "total_ios" : 0,
        "short_ios" : 0,
        "drop_ios" : 0,
        "slat_ns" : {
          "min" : 0,
          "max" : 0,
          "mean" : 0.000000,
          "stddev" : 0.000000,
          "N" : 0
        },
        "clat_ns" : {
          "min" : 0,
          "max" : 0,
          "mean" : 0.000000,
          "stddev" : 0.000000,
          "N" : 0
        },
        "lat_ns" : {
          "min" : 0,
          "max" : 0,
          "mean" : 0.000000,
          "stddev" : 0.000000,
          "N" : 0
        },
        "bw_min" : 0,
        "bw_max" : 0,
        "bw_agg" : 0.000000,
        "bw_mean" : 0.000000,
        "bw_dev" : 0.000000,
        "bw_samples" : 0,
        "iops_min" : 0,
        "iops_max" : 0,
        "iops_mean" : 0.000000,
        "iops_stddev" : 0.000000,
        "iops_samples" : 0
      },
      "sync" : {
        "total_ios" : 0,
        "lat_ns" : {
          "min" : 0,
          "max" : 0,
          "mean" : 0.000000,
          "stddev" : 0.000000,
          "N" : 0
        }
      },
      "job_runtime" : 3600008,
      "usr_cpu" : 0.570277,
      "sys_cpu" : 3.244298,
      "ctx" : 9782124,
      "majf" : 0,
      "minf" : 570,
      "iodepth_level" : {
        "1" : 2.290708,
        "2" : 0.100000,
        "4" : 47.654580,
        "8" : 9.912100,
        "16" : 40.142537,
        "32" : 0.000000,
        ">=64" : 0.000000
      },
      "iodepth_submit" : {
        "0" : 0.000000,
        "4" : 100.000000,
        "8" : 0.000000,
        "16" : 0.000000,
        "32" : 0.000000,
        "64" : 0.000000,
        ">=64" : 0.000000
      },
      "iodepth_complete" : {
        "0" : 0.000000,
        "4" : 99.999972,
        "8" : 0.100000,
        "16" : 0.100000,
        "32" : 0.000000,
        "64" : 0.000000,
        ">=64" : 0.000000
      },
      "latency_ns" : {
        "2" : 0.000000,
        "4" : 0.000000,
        "10" : 0.000000,
        "20" : 0.000000,
        "50" : 0.000000,
        "100" : 0.000000,
        "250" : 0.000000,
        "500" : 0.000000,
        "750" : 0.000000,
        "1000" : 0.000000
      },
      "latency_us" : {
        "2" : 0.000000,
        "4" : 0.000000,
        "10" : 0.000000,
        "20" : 0.484417,
        "50" : 0.160858,
        "100" : 0.204518,
        "250" : 0.151646,
        "500" : 17.490584,
        "750" : 26.402987,
        "1000" : 3.751571
      },
      "latency_ms" : {
        "2" : 0.294484,
        "4" : 1.572085,
        "10" : 49.156112,
        "20" : 0.323908,
        "50" : 0.010000,
        "100" : 0.010000,
        "250" : 0.000000,
        "500" : 0.000000,
        "750" : 0.000000,
        "1000" : 0.000000,
        "2000" : 0.000000,
        ">=2000" : 0.000000
      },
      "latency_depth" : 8,
      "latency_target" : 0,
      "latency_percentile" : 100.000000,
      "latency_window" : 0
    }
  ],
  "disk_util" : [
    {
      "name" : "nvme2n1",
      "read_ios" : 40509899,
      "write_ios" : 12935020,
      "read_merges" : 0,
      "write_merges" : 0,
      "read_ticks" : 14370624,
      "write_ticks" : 67578796,
      "in_queue" : 81949420,
      "util" : 100.000000
    }
  ]
}
