{
  "fio version" : "fio-3.33",
  "timestamp" : 1754494905,
  "timestamp_ms" : 1754494905089,
  "time" : "Wed Aug  6 15:41:45 2025",
  "global options" : {
    "ioengine" : "libaio",
    "direct" : "1",
    "time_based" : "1",
    "runtime" : "720",
    "group_reporting" : "1"
  },
  "jobs" : [
    {
      "jobname" : "rocksdb-wal",
      "groupid" : 0,
      "error" : 0,
      "eta" : 0,
      "elapsed" : 721,
      "job options" : {
        "name" : "rocksdb-compaction-write",
        "ioengine" : "libaio",
        "rw" : "write",
        "bs" : "1M",
        "size" : "50G",
        "iodepth" : "8",
        "filename" : "/mnt/xfs/compaction_output.dat"
      },
      "read" : {
        "io_bytes" : 4754029674496,
        "io_kbytes" : 4642607104,
        "bw_bytes" : 6602809821,
        "bw" : 6448056,
        "iops" : 6296.930143,
        "runtime" : 720001,
        "total_ios" : 4533796,
        "short_ios" : 0,
        "drop_ios" : 0,
        "slat_ns" : {
          "min" : 6761,
          "max" : 1200728,
          "mean" : 8760.748698,
          "stddev" : 1549.647193,
          "N" : 4533796
        },
        "clat_ns" : {
          "min" : 142731,
          "max" : 8118485,
          "mean" : 626180.908252,
          "stddev" : 159805.585233,
          "N" : 4533796,
          "percentile" : {
            "1.000000" : 366592,
            "5.000000" : 411648,
            "10.000000" : 440320,
            "20.000000" : 481280,
            "30.000000" : 518144,
            "40.000000" : 552960,
            "50.000000" : 593920,
            "60.000000" : 643072,
            "70.000000" : 708608,
            "80.000000" : 774144,
            "90.000000" : 856064,
            "95.000000" : 921600,
            "99.000000" : 1019904,
            "99.500000" : 1056768,
            "99.900000" : 1138688,
            "99.950000" : 1187840,
            "99.990000" : 1531904
          }
        },
        "lat_ns" : {
          "min" : 151651,
          "max" : 8126325,
          "mean" : 634941.656950,
          "stddev" : 159575.960639,
          "N" : 4533796
        },
        "bw_min" : 6174720,
        "bw_max" : 7165947,
        "bw_agg" : 100.000000,
        "bw_mean" : 6451661.803336,
        "bw_dev" : 78579.474808,
        "bw_samples" : 1439,
        "iops_min" : 6030,
        "iops_max" : 6997,
        "iops_mean" : 6300.313412,
        "iops_stddev" : 76.706971,
        "iops_samples" : 1439
      },
      "write" : {
        "io_bytes" : 1248631521280,
        "io_kbytes" : 1219366720,
        "bw_bytes" : 1734203220,
        "bw" : 1693557,
        "iops" : 6948.234938,
        "runtime" : 720003,
        "total_ios" : 5002750,
        "short_ios" : 0,
        "drop_ios" : 0,
        "slat_ns" : {
          "min" : 2240,
          "max" : 743145,
          "mean" : 6569.821178,
          "stddev" : 6444.821707,
          "N" : 4766250
        },
        "clat_ns" : {
          "min" : 11720,
          "max" : 107522054,
          "mean" : 5894183.994258,
          "stddev" : 1297902.698967,
          "N" : 5002750,
          "percentile" : {
            "1.000000" : 14400,
            "5.000000" : 4685824,
            "10.000000" : 5144576,
            "20.000000" : 5472256,
            "30.000000" : 5668864,
            "40.000000" : 5865472,
            "50.000000" : 6062080,
            "60.000000" : 6193152,
            "70.000000" : 6324224,
            "80.000000" : 6455296,
            "90.000000" : 6717440,
            "95.000000" : 6979584,
            "99.000000" : 8454144,
            "99.500000" : 9633792,
            "99.900000" : 12779520,
            "99.950000" : 18219008,
            "99.990000" : 23199744
          }
        },
        "lat_ns" : {
          "min" : 11910,
          "max" : 107525624,
          "mean" : 5900450.592244,
          "stddev" : 1298609.983298,
          "N" : 5002750
        },
        "bw_min" : 1393137,
        "bw_max" : 1932547,
        "bw_agg" : 100.000000,
        "bw_mean" : 1694493.912439,
        "bw_dev" : 31835.544410,
        "bw_samples" : 5756,
        "iops_min" : 5678,
        "iops_max" : 8324,
        "iops_mean" : 6951.580959,
        "iops_stddev" : 95.007466,
        "iops_samples" : 5756
      },
      "trim" : {
        "io_bytes" : 0,
        "io_kbytes" : 0,
        "bw_bytes" : 0,
        "bw" : 0,
        "iops" : 0.000000,
        "runtime" : 0,
        "total_ios" : 0,
        "short_ios" : 0,
        "drop_ios" : 0,
        "slat_ns" : {
          "min" : 0,
          "max" : 0,
          "mean" : 0.000000,
          "stddev" : 0.000000,
          "N" : 0
        },
        "clat_ns" : {
          "min" : 0,
          "max" : 0,
          "mean" : 0.000000,
          "stddev" : 0.000000,
          "N" : 0
        },
        "lat_ns" : {
          "min" : 0,
          "max" : 0,
          "mean" : 0.000000,
          "stddev" : 0.000000,
          "N" : 0
        },
        "bw_min" : 0,
        "bw_max" : 0,
        "bw_agg" : 0.000000,
        "bw_mean" : 0.000000,
        "bw_dev" : 0.000000,
        "bw_samples" : 0,
        "iops_min" : 0,
        "iops_max" : 0,
        "iops_mean" : 0.000000,
        "iops_stddev" : 0.000000,
        "iops_samples" : 0
      },
      "sync" : {
        "total_ios" : 0,
        "lat_ns" : {
          "min" : 0,
          "max" : 0,
          "mean" : 0.000000,
          "stddev" : 0.000000,
          "N" : 0
        }
      },
      "job_runtime" : 3600006,
      "usr_cpu" : 0.494944,
      "sys_cpu" : 2.054413,
      "ctx" : 9082941,
      "majf" : 0,
      "minf" : 72,
      "iodepth_level" : {
        "1" : 2.479975,
        "2" : 0.100000,
        "4" : 47.541374,
        "8" : 9.945855,
        "16" : 40.032712,
        "32" : 0.000000,
        ">=64" : 0.000000
      },
      "iodepth_submit" : {
        "0" : 0.000000,
        "4" : 100.000000,
        "8" : 0.000000,
        "16" : 0.000000,
        "32" : 0.000000,
        "64" : 0.000000,
        ">=64" : 0.000000
      },
      "iodepth_complete" : {
        "0" : 0.000000,
        "4" : 99.999969,
        "8" : 0.100000,
        "16" : 0.100000,
        "32" : 0.000000,
        "64" : 0.000000,
        ">=64" : 0.000000
      },
      "latency_ns" : {
        "2" : 0.000000,
        "4" : 0.000000,
        "10" : 0.000000,
        "20" : 0.000000,
        "50" : 0.000000,
        "100" : 0.000000,
        "250" : 0.000000,
        "500" : 0.000000,
        "750" : 0.000000,
        "1000" : 0.000000
      },
      "latency_us" : {
        "2" : 0.000000,
        "4" : 0.000000,
        "10" : 0.000000,
        "20" : 0.824460,
        "50" : 0.183494,
        "100" : 0.209332,
        "250" : 0.027484,
        "500" : 11.663971,
        "750" : 24.830510,
        "1000" : 10.406084
      },
      "latency_ms" : {
        "2" : 0.770153,
        "4" : 0.495651,
        "10" : 50.376457,
        "20" : 0.193361,
        "50" : 0.018183,
        "100" : 0.010000,
        "250" : 0.010000,
        "500" : 0.000000,
        "750" : 0.000000,
        "1000" : 0.000000,
        "2000" : 0.000000,
        ">=2000" : 0.000000
      },
      "latency_depth" : 8,
      "latency_target" : 0,
      "latency_percentile" : 100.000000,
      "latency_window" : 0
    }
  ],
  "disk_util" : [
    {
      "name" : "nvme2n1",
      "read_ios" : 36261439,
      "write_ios" : 11639271,
      "read_merges" : 0,
      "write_merges" : 0,
      "read_ticks" : 17465324,
      "write_ticks" : 67633260,
      "in_queue" : 85098584,
      "util" : 100.000000
    }
  ]
}
