{
  "fio version" : "fio-3.33",
  "timestamp" : 1754475403,
  "timestamp_ms" : 1754475403132,
  "time" : "Wed Aug  6 10:16:43 2025",
  "global options" : {
    "ioengine" : "libaio",
    "direct" : "1",
    "time_based" : "1",
    "runtime" : "720",
    "group_reporting" : "1"
  },
  "jobs" : [
    {
      "jobname" : "rocksdb-wal",
      "groupid" : 0,
      "error" : 0,
      "eta" : 0,
      "elapsed" : 721,
      "job options" : {
        "name" : "rocksdb-compaction-write",
        "ioengine" : "libaio",
        "rw" : "write",
        "bs" : "1M",
        "size" : "50G",
        "iodepth" : "8",
        "filename" : "/mnt/ext4/compaction_output.dat"
      },
      "read" : {
        "io_bytes" : 4741931204608,
        "io_kbytes" : 4630792192,
        "bw_bytes" : 6586006414,
        "bw" : 6431646,
        "iops" : 6280.905165,
        "runtime" : 720001,
        "total_ios" : 4522258,
        "short_ios" : 0,
        "drop_ios" : 0,
        "slat_ns" : {
          "min" : 5710,
          "max" : 4221379,
          "mean" : 6955.243408,
          "stddev" : 2180.393499,
          "N" : 4522258
        },
        "clat_ns" : {
          "min" : 138381,
          "max" : 8159887,
          "mean" : 629601.456473,
          "stddev" : 161949.511542,
          "N" : 4522258,
          "percentile" : {
            "1.000000" : 362496,
            "5.000000" : 415744,
            "10.000000" : 448512,
            "20.000000" : 489472,
            "30.000000" : 528384,
            "40.000000" : 561152,
            "50.000000" : 593920,
            "60.000000" : 643072,
            "70.000000" : 700416,
            "80.000000" : 774144,
            "90.000000" : 872448,
            "95.000000" : 929792,
            "99.000000" : 1028096,
            "99.500000" : 1056768,
            "99.900000" : 1155072,
            "99.950000" : 1204224,
            "99.990000" : 1548288
          }
        },
        "lat_ns" : {
          "min" : 146361,
          "max" : 8166517,
          "mean" : 636556.699881,
          "stddev" : 161832.075835,
          "N" : 4522258
        },
        "bw_min" : 6068224,
        "bw_max" : 7380992,
        "bw_agg" : 100.000000,
        "bw_mean" : 6434268.526755,
        "bw_dev" : 226272.459946,
        "bw_samples" : 1439,
        "iops_min" : 5926,
        "iops_max" : 7208,
        "iops_mean" : 6283.399583,
        "iops_stddev" : 220.959082,
        "iops_samples" : 1439
      },
      "write" : {
        "io_bytes" : 1301686091776,
        "io_kbytes" : 1271177824,
        "bw_bytes" : 1807889816,
        "bw" : 1765517,
        "iops" : 7241.929548,
        "runtime" : 720003,
        "total_ios" : 5214211,
        "short_ios" : 0,
        "drop_ios" : 0,
        "slat_ns" : {
          "min" : 2320,
          "max" : 8534956,
          "mean" : 6404.212357,
          "stddev" : 19935.068078,
          "N" : 4972141
        },
        "clat_ns" : {
          "min" : 12270,
          "max" : 109219208,
          "mean" : 5655043.762995,
          "stddev" : 1427801.666256,
          "N" : 5214211,
          "percentile" : {
            "1.000000" : 15936,
            "5.000000" : 3948544,
            "10.000000" : 4685824,
            "20.000000" : 5079040,
            "30.000000" : 5341184,
            "40.000000" : 5603328,
            "50.000000" : 5799936,
            "60.000000" : 5996544,
            "70.000000" : 6193152,
            "80.000000" : 6389760,
            "90.000000" : 6586368,
            "95.000000" : 6914048,
            "99.000000" : 8585216,
            "99.500000" : 10027008,
            "99.900000" : 15007744,
            "99.950000" : 19267584,
            "99.990000" : 26607616
          }
        },
        "lat_ns" : {
          "min" : 12390,
          "max" : 109229378,
          "mean" : 5661157.466686,
          "stddev" : 1428349.088015,
          "N" : 5214211
        },
        "bw_min" : 1364282,
        "bw_max" : 2269792,
        "bw_agg" : 100.000000,
        "bw_mean" : 1766258.151494,
        "bw_dev" : 58383.585702,
        "bw_samples" : 5756,
        "iops_min" : 5478,
        "iops_max" : 9328,
        "iops_mean" : 7244.890202,
        "iops_stddev" : 172.894309,
        "iops_samples" : 5756
      },
      "trim" : {
        "io_bytes" : 0,
        "io_kbytes" : 0,
        "bw_bytes" : 0,
        "bw" : 0,
        "iops" : 0.000000,
        "runtime" : 0,
        "total_ios" : 0,
        "short_ios" : 0,
        "drop_ios" : 0,
        "slat_ns" : {
          "min" : 0,
          "max" : 0,
          "mean" : 0.000000,
          "stddev" : 0.000000,
          "N" : 0
        },
        "clat_ns" : {
          "min" : 0,
          "max" : 0,
          "mean" : 0.000000,
          "stddev" : 0.000000,
          "N" : 0
        },
        "lat_ns" : {
          "min" : 0,
          "max" : 0,
          "mean" : 0.000000,
          "stddev" : 0.000000,
          "N" : 0
        },
        "bw_min" : 0,
        "bw_max" : 0,
        "bw_agg" : 0.000000,
        "bw_mean" : 0.000000,
        "bw_dev" : 0.000000,
        "bw_samples" : 0,
        "iops_min" : 0,
        "iops_max" : 0,
        "iops_mean" : 0.000000,
        "iops_stddev" : 0.000000,
        "iops_samples" : 0
      },
      "sync" : {
        "total_ios" : 0,
        "lat_ns" : {
          "min" : 0,
          "max" : 0,
          "mean" : 0.000000,
          "stddev" : 0.000000,
          "N" : 0
        }
      },
      "job_runtime" : 3600007,
      "usr_cpu" : 0.521693,
      "sys_cpu" : 1.814663,
      "ctx" : 9239059,
      "majf" : 0,
      "minf" : 72,
      "iodepth_level" : {
        "1" : 2.486261,
        "2" : 0.100000,
        "4" : 46.446684,
        "8" : 10.154010,
        "16" : 40.912963,
        "32" : 0.000000,
        ">=64" : 0.000000
      },
      "iodepth_submit" : {
        "0" : 0.000000,
        "4" : 100.000000,
        "8" : 0.000000,
        "16" : 0.000000,
        "32" : 0.000000,
        "64" : 0.000000,
        ">=64" : 0.000000
      },
      "iodepth_complete" : {
        "0" : 0.000000,
        "4" : 99.999969,
        "8" : 0.100000,
        "16" : 0.100000,
        "32" : 0.000000,
        "64" : 0.000000,
        ">=64" : 0.000000
      },
      "latency_ns" : {
        "2" : 0.000000,
        "4" : 0.000000,
        "10" : 0.000000,
        "20" : 0.000000,
        "50" : 0.000000,
        "100" : 0.000000,
        "250" : 0.000000,
        "500" : 0.000000,
        "750" : 0.000000,
        "1000" : 0.000000
      },
      "latency_us" : {
        "2" : 0.000000,
        "4" : 0.000000,
        "10" : 0.000000,
        "20" : 0.692797,
        "50" : 0.193592,
        "100" : 0.279331,
        "250" : 0.057249,
        "500" : 10.403977,
        "750" : 25.200984,
        "1000" : 10.012285
      },
      "latency_ms" : {
        "2" : 0.927431,
        "4" : 1.443542,
        "10" : 50.508804,
        "20" : 0.254846,
        "50" : 0.023335,
        "100" : 0.010000,
        "250" : 0.010000,
        "500" : 0.000000,
        "750" : 0.000000,
        "1000" : 0.000000,
        "2000" : 0.000000,
        ">=2000" : 0.000000
      },
      "latency_depth" : 8,
      "latency_target" : 0,
      "latency_percentile" : 100.000000,
      "latency_window" : 0
    }
  ],
  "disk_util" : [
    {
      "name" : "nvme0n1",
      "read_ios" : 36169304,
      "write_ios" : 12132389,
      "read_merges" : 0,
      "write_merges" : 0,
      "read_ticks" : 17365176,
      "write_ticks" : 67627360,
      "in_queue" : 84992536,
      "util" : 100.000000
    }
  ]
}
