{
  "fio version" : "fio-3.33",
  "timestamp" : 1754476143,
  "timestamp_ms" : 1754476143911,
  "time" : "Wed Aug  6 10:29:03 2025",
  "global options" : {
    "ioengine" : "libaio",
    "direct" : "1",
    "time_based" : "1",
    "runtime" : "720",
    "group_reporting" : "1"
  },
  "jobs" : [
    {
      "jobname" : "rocksdb-wal",
      "groupid" : 0,
      "error" : 0,
      "eta" : 0,
      "elapsed" : 721,
      "job options" : {
        "name" : "rocksdb-compaction-write",
        "ioengine" : "libaio",
        "rw" : "write",
        "bs" : "1M",
        "size" : "50G",
        "iodepth" : "8",
        "filename" : "/mnt/xfs/compaction_output.dat"
      },
      "read" : {
        "io_bytes" : 5000537309184,
        "io_kbytes" : 4883337216,
        "bw_bytes" : 6945181061,
        "bw" : 6782403,
        "iops" : 6623.440801,
        "runtime" : 720001,
        "total_ios" : 4768884,
        "short_ios" : 0,
        "drop_ios" : 0,
        "slat_ns" : {
          "min" : 5750,
          "max" : 335713,
          "mean" : 12062.524547,
          "stddev" : 3796.250322,
          "N" : 4768884
        },
        "clat_ns" : {
          "min" : 135012,
          "max" : 7065160,
          "mean" : 591560.990116,
          "stddev" : 172156.188809,
          "N" : 4768884,
          "percentile" : {
            "1.000000" : 276480,
            "5.000000" : 358400,
            "10.000000" : 395264,
            "20.000000" : 440320,
            "30.000000" : 477184,
            "40.000000" : 522240,
            "50.000000" : 569344,
            "60.000000" : 618496,
            "70.000000" : 675840,
            "80.000000" : 741376,
            "90.000000" : 823296,
            "95.000000" : 888832,
            "99.000000" : 1011712,
            "99.500000" : 1073152,
            "99.900000" : 1351680,
            "99.950000" : 1515520,
            "99.990000" : 2113536
          }
        },
        "lat_ns" : {
          "min" : 142971,
          "max" : 7075880,
          "mean" : 603623.514663,
          "stddev" : 172017.090124,
          "N" : 4768884
        },
        "bw_min" : 6307840,
        "bw_max" : 8048640,
        "bw_agg" : 100.000000,
        "bw_mean" : 6786474.422516,
        "bw_dev" : 185607.223744,
        "bw_samples" : 1439,
        "iops_min" : 6160,
        "iops_max" : 7860,
        "iops_mean" : 6627.366227,
        "iops_stddev" : 181.260208,
        "iops_samples" : 1439
      },
      "write" : {
        "io_bytes" : 1018258751488,
        "io_kbytes" : 994393312,
        "bw_bytes" : 1414240409,
        "bw" : 1381094,
        "iops" : 5704.023867,
        "runtime" : 720004,
        "total_ios" : 4106920,
        "short_ios" : 0,
        "drop_ios" : 0,
        "slat_ns" : {
          "min" : 1971,
          "max" : 249282,
          "mean" : 6710.517615,
          "stddev" : 7382.095892,
          "N" : 3914134
        },
        "clat_ns" : {
          "min" : 11240,
          "max" : 138982959,
          "mean" : 7181165.447355,
          "stddev" : 2830877.559610,
          "N" : 4106920,
          "percentile" : {
            "1.000000" : 13632,
            "5.000000" : 1466368,
            "10.000000" : 5537792,
            "20.000000" : 6520832,
            "30.000000" : 6782976,
            "40.000000" : 7045120,
            "50.000000" : 7241728,
            "60.000000" : 7438336,
            "70.000000" : 7634944,
            "80.000000" : 8028160,
            "90.000000" : 9240576,
            "95.000000" : 11337728,
            "99.000000" : 13041664,
            "99.500000" : 13697024,
            "99.900000" : 24510464,
            "99.950000" : 26869760,
            "99.990000" : 106430464
          }
        },
        "lat_ns" : {
          "min" : 11440,
          "max" : 139005189,
          "mean" : 7187568.626598,
          "stddev" : 2831312.710745,
          "N" : 4106920
        },
        "bw_min" : 891840,
        "bw_max" : 1792929,
        "bw_agg" : 100.000000,
        "bw_mean" : 1381906.280751,
        "bw_dev" : 37751.068417,
        "bw_samples" : 5756,
        "iops_min" : 3834,
        "iops_max" : 7826,
        "iops_mean" : 5707.195969,
        "iops_stddev" : 94.466040,
        "iops_samples" : 5756
      },
      "trim" : {
        "io_bytes" : 0,
        "io_kbytes" : 0,
        "bw_bytes" : 0,
        "bw" : 0,
        "iops" : 0.000000,
        "runtime" : 0,
        "total_ios" : 0,
        "short_ios" : 0,
        "drop_ios" : 0,
        "slat_ns" : {
          "min" : 0,
          "max" : 0,
          "mean" : 0.000000,
          "stddev" : 0.000000,
          "N" : 0
        },
        "clat_ns" : {
          "min" : 0,
          "max" : 0,
          "mean" : 0.000000,
          "stddev" : 0.000000,
          "N" : 0
        },
        "lat_ns" : {
          "min" : 0,
          "max" : 0,
          "mean" : 0.000000,
          "stddev" : 0.000000,
          "N" : 0
        },
        "bw_min" : 0,
        "bw_max" : 0,
        "bw_agg" : 0.000000,
        "bw_mean" : 0.000000,
        "bw_dev" : 0.000000,
        "bw_samples" : 0,
        "iops_min" : 0,
        "iops_max" : 0,
        "iops_mean" : 0.000000,
        "iops_stddev" : 0.000000,
        "iops_samples" : 0
      },
      "sync" : {
        "total_ios" : 0,
        "lat_ns" : {
          "min" : 0,
          "max" : 0,
          "mean" : 0.000000,
          "stddev" : 0.000000,
          "N" : 0
        }
      },
      "job_runtime" : 3600009,
      "usr_cpu" : 0.471638,
      "sys_cpu" : 2.506827,
      "ctx" : 8137789,
      "majf" : 0,
      "minf" : 571,
      "iodepth_level" : {
        "1" : 2.172085,
        "2" : 0.100000,
        "4" : 53.729138,
        "8" : 8.694198,
        "16" : 35.404488,
        "32" : 0.000000,
        ">=64" : 0.000000
      },
      "iodepth_submit" : {
        "0" : 0.000000,
        "4" : 100.000000,
        "8" : 0.000000,
        "16" : 0.000000,
        "32" : 0.000000,
        "64" : 0.000000,
        ">=64" : 0.000000
      },
      "iodepth_complete" : {
        "0" : 0.000000,
        "4" : 99.999966,
        "8" : 0.100000,
        "16" : 0.100000,
        "32" : 0.000000,
        "64" : 0.000000,
        ">=64" : 0.000000
      },
      "latency_ns" : {
        "2" : 0.000000,
        "4" : 0.000000,
        "10" : 0.000000,
        "20" : 0.000000,
        "50" : 0.000000,
        "100" : 0.000000,
        "250" : 0.000000,
        "500" : 0.000000,
        "750" : 0.000000,
        "1000" : 0.000000
      },
      "latency_us" : {
        "2" : 0.000000,
        "4" : 0.000000,
        "10" : 0.000000,
        "20" : 0.658025,
        "50" : 0.142173,
        "100" : 0.195982,
        "250" : 0.390049,
        "500" : 18.434274,
        "750" : 25.090437,
        "1000" : 9.856752
      },
      "latency_ms" : {
        "2" : 1.669606,
        "4" : 1.091541,
        "10" : 38.760027,
        "20" : 3.619728,
        "50" : 0.080072,
        "100" : 0.010000,
        "250" : 0.010000,
        "500" : 0.000000,
        "750" : 0.000000,
        "1000" : 0.000000,
        "2000" : 0.000000,
        ">=2000" : 0.000000
      },
      "latency_depth" : 8,
      "latency_target" : 0,
      "latency_percentile" : 100.000000,
      "latency_window" : 0
    }
  ],
  "disk_util" : [
    {
      "name" : "nvme2n1",
      "read_ios" : 38149418,
      "write_ios" : 9508134,
      "read_merges" : 0,
      "write_merges" : 0,
      "read_ticks" : 16616128,
      "write_ticks" : 67613588,
      "in_queue" : 84229716,
      "util" : 100.000000
    }
  ]
}
