{
  "fio version" : "fio-3.33",
  "timestamp" : 1754463030,
  "timestamp_ms" : 1754463030183,
  "time" : "Wed Aug  6 06:50:30 2025",
  "global options" : {
    "ioengine" : "libaio",
    "direct" : "1",
    "time_based" : "1",
    "runtime" : "720",
    "group_reporting" : "1"
  },
  "jobs" : [
    {
      "jobname" : "rocksdb-wal",
      "groupid" : 0,
      "error" : 0,
      "eta" : 0,
      "elapsed" : 721,
      "job options" : {
        "name" : "rocksdb-compaction-write",
        "ioengine" : "libaio",
        "rw" : "write",
        "bs" : "1M",
        "size" : "50G",
        "iodepth" : "8",
        "filename" : "/mnt/xfs/compaction_output.dat"
      },
      "read" : {
        "io_bytes" : 4603388100608,
        "io_kbytes" : 4495496192,
        "bw_bytes" : 6393585704,
        "bw" : 6243736,
        "iops" : 6097.398476,
        "runtime" : 720001,
        "total_ios" : 4390133,
        "short_ios" : 0,
        "drop_ios" : 0,
        "slat_ns" : {
          "min" : 5770,
          "max" : 221971,
          "mean" : 12001.076850,
          "stddev" : 3550.134308,
          "N" : 4390133
        },
        "clat_ns" : {
          "min" : 143821,
          "max" : 6894492,
          "mean" : 643726.598890,
          "stddev" : 165296.044791,
          "N" : 4390133,
          "percentile" : {
            "1.000000" : 391168,
            "5.000000" : 436224,
            "10.000000" : 460800,
            "20.000000" : 497664,
            "30.000000" : 528384,
            "40.000000" : 561152,
            "50.000000" : 602112,
            "60.000000" : 651264,
            "70.000000" : 724992,
            "80.000000" : 806912,
            "90.000000" : 897024,
            "95.000000" : 954368,
            "99.000000" : 1044480,
            "99.500000" : 1073152,
            "99.900000" : 1155072,
            "99.950000" : 1204224,
            "99.990000" : 1433600
          }
        },
        "lat_ns" : {
          "min" : 155831,
          "max" : 6900802,
          "mean" : 655727.675740,
          "stddev" : 165054.651920,
          "N" : 4390133
        },
        "bw_min" : 5971623,
        "bw_max" : 6500352,
        "bw_agg" : 100.000000,
        "bw_mean" : 6247260.842946,
        "bw_dev" : 86652.601509,
        "bw_samples" : 1439,
        "iops_min" : 5831,
        "iops_max" : 6348,
        "iops_mean" : 6100.779013,
        "iops_stddev" : 84.629832,
        "iops_samples" : 1439
      },
      "write" : {
        "io_bytes" : 1274645151744,
        "io_kbytes" : 1244770656,
        "bw_bytes" : 1770333112,
        "bw" : 1728840,
        "iops" : 7090.145458,
        "runtime" : 720003,
        "total_ios" : 5104926,
        "short_ios" : 0,
        "drop_ios" : 0,
        "slat_ns" : {
          "min" : 1890,
          "max" : 195341,
          "mean" : 6332.101951,
          "stddev" : 6921.191930,
          "N" : 4863660
        },
        "clat_ns" : {
          "min" : 10520,
          "max" : 37274786,
          "mean" : 5776293.663383,
          "stddev" : 1172706.035528,
          "N" : 5104926,
          "percentile" : {
            "1.000000" : 13760,
            "5.000000" : 4620288,
            "10.000000" : 5013504,
            "20.000000" : 5341184,
            "30.000000" : 5537792,
            "40.000000" : 5734400,
            "50.000000" : 5931008,
            "60.000000" : 6062080,
            "70.000000" : 6258688,
            "80.000000" : 6455296,
            "90.000000" : 6586368,
            "95.000000" : 6848512,
            "99.000000" : 7503872,
            "99.500000" : 7897088,
            "99.900000" : 12517376,
            "99.950000" : 15925248,
            "99.990000" : 22413312
          }
        },
        "lat_ns" : {
          "min" : 10630,
          "max" : 37277506,
          "mean" : 5782333.559851,
          "stddev" : 1173462.086357,
          "N" : 5104926
        },
        "bw_min" : 1490912,
        "bw_max" : 1983667,
        "bw_agg" : 100.000000,
        "bw_mean" : 1729839.232801,
        "bw_dev" : 37963.925018,
        "bw_samples" : 5756,
        "iops_min" : 6098,
        "iops_max" : 8304,
        "iops_mean" : 7094.015983,
        "iops_stddev" : 114.015787,
        "iops_samples" : 5756
      },
      "trim" : {
        "io_bytes" : 0,
        "io_kbytes" : 0,
        "bw_bytes" : 0,
        "bw" : 0,
        "iops" : 0.000000,
        "runtime" : 0,
        "total_ios" : 0,
        "short_ios" : 0,
        "drop_ios" : 0,
        "slat_ns" : {
          "min" : 0,
          "max" : 0,
          "mean" : 0.000000,
          "stddev" : 0.000000,
          "N" : 0
        },
        "clat_ns" : {
          "min" : 0,
          "max" : 0,
          "mean" : 0.000000,
          "stddev" : 0.000000,
          "N" : 0
        },
        "lat_ns" : {
          "min" : 0,
          "max" : 0,
          "mean" : 0.000000,
          "stddev" : 0.000000,
          "N" : 0
        },
        "bw_min" : 0,
        "bw_max" : 0,
        "bw_agg" : 0.000000,
        "bw_mean" : 0.000000,
        "bw_dev" : 0.000000,
        "bw_samples" : 0,
        "iops_min" : 0,
        "iops_max" : 0,
        "iops_mean" : 0.000000,
        "iops_stddev" : 0.000000,
        "iops_samples" : 0
      },
      "sync" : {
        "total_ios" : 0,
        "lat_ns" : {
          "min" : 0,
          "max" : 0,
          "mean" : 0.000000,
          "stddev" : 0.000000,
          "N" : 0
        }
      },
      "job_runtime" : 3600005,
      "usr_cpu" : 0.505722,
      "sys_cpu" : 2.500135,
      "ctx" : 8963690,
      "majf" : 0,
      "minf" : 571,
      "iodepth_level" : {
        "1" : 2.541006,
        "2" : 0.100000,
        "4" : 46.236069,
        "8" : 10.198778,
        "16" : 41.024063,
        "32" : 0.000000,
        ">=64" : 0.000000
      },
      "iodepth_submit" : {
        "0" : 0.000000,
        "4" : 100.000000,
        "8" : 0.000000,
        "16" : 0.000000,
        "32" : 0.000000,
        "64" : 0.000000,
        ">=64" : 0.000000
      },
      "iodepth_complete" : {
        "0" : 0.000000,
        "4" : 99.999968,
        "8" : 0.100000,
        "16" : 0.100000,
        "32" : 0.000000,
        "64" : 0.000000,
        ">=64" : 0.000000
      },
      "latency_ns" : {
        "2" : 0.000000,
        "4" : 0.000000,
        "10" : 0.000000,
        "20" : 0.000000,
        "50" : 0.000000,
        "100" : 0.000000,
        "250" : 0.000000,
        "500" : 0.000000,
        "750" : 0.000000,
        "1000" : 0.000000
      },
      "latency_us" : {
        "2" : 0.000000,
        "4" : 0.000000,
        "10" : 0.000000,
        "20" : 0.862870,
        "50" : 0.162980,
        "100" : 0.226212,
        "250" : 0.010000,
        "500" : 9.440889,
        "750" : 24.428906,
        "1000" : 11.284775
      },
      "latency_ms" : {
        "2" : 1.097097,
        "4" : 0.556173,
        "10" : 51.836782,
        "20" : 0.083833,
        "50" : 0.010000,
        "100" : 0.000000,
        "250" : 0.000000,
        "500" : 0.000000,
        "750" : 0.000000,
        "1000" : 0.000000,
        "2000" : 0.000000,
        ">=2000" : 0.000000
      },
      "latency_depth" : 8,
      "latency_target" : 0,
      "latency_percentile" : 100.000000,
      "latency_window" : 0
    }
  ],
  "disk_util" : [
    {
      "name" : "nvme2n1",
      "read_ios" : 35114734,
      "write_ios" : 11881377,
      "read_merges" : 0,
      "write_merges" : 0,
      "read_ticks" : 17717192,
      "write_ticks" : 67621796,
      "in_queue" : 85338988,
      "util" : 100.000000
    }
  ]
}
