{
  "fio version" : "fio-3.33",
  "timestamp" : 1754494164,
  "timestamp_ms" : 1754494164395,
  "time" : "Wed Aug  6 15:29:24 2025",
  "global options" : {
    "ioengine" : "libaio",
    "direct" : "1",
    "time_based" : "1",
    "runtime" : "720",
    "group_reporting" : "1"
  },
  "jobs" : [
    {
      "jobname" : "rocksdb-wal",
      "groupid" : 0,
      "error" : 0,
      "eta" : 0,
      "elapsed" : 721,
      "job options" : {
        "name" : "rocksdb-compaction-write",
        "ioengine" : "libaio",
        "rw" : "write",
        "bs" : "1M",
        "size" : "50G",
        "iodepth" : "8",
        "filename" : "/mnt/ext4/compaction_output.dat"
      },
      "read" : {
        "io_bytes" : 4959537987584,
        "io_kbytes" : 4843298816,
        "bw_bytes" : 6888237637,
        "bw" : 6726794,
        "iops" : 6569.135321,
        "runtime" : 720001,
        "total_ios" : 4729784,
        "short_ios" : 0,
        "drop_ios" : 0,
        "slat_ns" : {
          "min" : 6810,
          "max" : 342682,
          "mean" : 15457.766846,
          "stddev" : 4838.751206,
          "N" : 4729784
        },
        "clat_ns" : {
          "min" : 133591,
          "max" : 8422161,
          "mean" : 593138.170146,
          "stddev" : 157315.577004,
          "N" : 4729784,
          "percentile" : {
            "1.000000" : 325632,
            "5.000000" : 374784,
            "10.000000" : 403456,
            "20.000000" : 448512,
            "30.000000" : 489472,
            "40.000000" : 528384,
            "50.000000" : 569344,
            "60.000000" : 618496,
            "70.000000" : 667648,
            "80.000000" : 733184,
            "90.000000" : 806912,
            "95.000000" : 872448,
            "99.000000" : 987136,
            "99.500000" : 1044480,
            "99.900000" : 1236992,
            "99.950000" : 1335296,
            "99.990000" : 1630208
          }
        },
        "lat_ns" : {
          "min" : 146561,
          "max" : 8431221,
          "mean" : 608595.936992,
          "stddev" : 157046.755226,
          "N" : 4729784
        },
        "bw_min" : 6182989,
        "bw_max" : 7237632,
        "bw_agg" : 100.000000,
        "bw_mean" : 6730744.238360,
        "bw_dev" : 120374.295110,
        "bw_samples" : 1439,
        "iops_min" : 6038,
        "iops_max" : 7068,
        "iops_mean" : 6572.928423,
        "iops_stddev" : 117.565842,
        "iops_samples" : 1439
      },
      "write" : {
        "io_bytes" : 1187098951680,
        "io_kbytes" : 1159276320,
        "bw_bytes" : 1648741674,
        "bw" : 1610099,
        "iops" : 6599.268336,
        "runtime" : 720003,
        "total_ios" : 4751493,
        "short_ios" : 0,
        "drop_ios" : 0,
        "slat_ns" : {
          "min" : 1870,
          "max" : 7201873,
          "mean" : 7642.634553,
          "stddev" : 10728.621721,
          "N" : 4532059
        },
        "clat_ns" : {
          "min" : 13190,
          "max" : 50749847,
          "mean" : 6205182.181161,
          "stddev" : 1669120.041501,
          "N" : 4751493,
          "percentile" : {
            "1.000000" : 16768,
            "5.000000" : 3948544,
            "10.000000" : 4489216,
            "20.000000" : 4947968,
            "30.000000" : 5341184,
            "40.000000" : 6193152,
            "50.000000" : 6586368,
            "60.000000" : 6914048,
            "70.000000" : 7110656,
            "80.000000" : 7372800,
            "90.000000" : 7700480,
            "95.000000" : 8028160,
            "99.000000" : 8978432,
            "99.500000" : 10682368,
            "99.900000" : 16056320,
            "99.950000" : 20840448,
            "99.990000" : 23986176
          }
        },
        "lat_ns" : {
          "min" : 13280,
          "max" : 50753937,
          "mean" : 6212479.022235,
          "stddev" : 1669858.891241,
          "N" : 4751493
        },
        "bw_min" : 1173040,
        "bw_max" : 2288032,
        "bw_agg" : 100.000000,
        "bw_mean" : 1611063.856845,
        "bw_dev" : 110300.084663,
        "bw_samples" : 5756,
        "iops_min" : 4867,
        "iops_max" : 9586,
        "iops_mean" : 6603.118833,
        "iops_stddev" : 329.079585,
        "iops_samples" : 5756
      },
      "trim" : {
        "io_bytes" : 0,
        "io_kbytes" : 0,
        "bw_bytes" : 0,
        "bw" : 0,
        "iops" : 0.000000,
        "runtime" : 0,
        "total_ios" : 0,
        "short_ios" : 0,
        "drop_ios" : 0,
        "slat_ns" : {
          "min" : 0,
          "max" : 0,
          "mean" : 0.000000,
          "stddev" : 0.000000,
          "N" : 0
        },
        "clat_ns" : {
          "min" : 0,
          "max" : 0,
          "mean" : 0.000000,
          "stddev" : 0.000000,
          "N" : 0
        },
        "lat_ns" : {
          "min" : 0,
          "max" : 0,
          "mean" : 0.000000,
          "stddev" : 0.000000,
          "N" : 0
        },
        "bw_min" : 0,
        "bw_max" : 0,
        "bw_agg" : 0.000000,
        "bw_mean" : 0.000000,
        "bw_dev" : 0.000000,
        "bw_samples" : 0,
        "iops_min" : 0,
        "iops_max" : 0,
        "iops_mean" : 0.000000,
        "iops_stddev" : 0.000000,
        "iops_samples" : 0
      },
      "sync" : {
        "total_ios" : 0,
        "lat_ns" : {
          "min" : 0,
          "max" : 0,
          "mean" : 0.000000,
          "stddev" : 0.000000,
          "N" : 0
        }
      },
      "job_runtime" : 3600006,
      "usr_cpu" : 0.505582,
      "sys_cpu" : 3.237078,
      "ctx" : 8943634,
      "majf" : 0,
      "minf" : 571,
      "iodepth_level" : {
        "1" : 2.314435,
        "2" : 0.100000,
        "4" : 49.885611,
        "8" : 9.511314,
        "16" : 38.288555,
        "32" : 0.000000,
        ">=64" : 0.000000
      },
      "iodepth_submit" : {
        "0" : 0.000000,
        "4" : 100.000000,
        "8" : 0.000000,
        "16" : 0.000000,
        "32" : 0.000000,
        "64" : 0.000000,
        ">=64" : 0.000000
      },
      "iodepth_complete" : {
        "0" : 0.000000,
        "4" : 99.999968,
        "8" : 0.100000,
        "16" : 0.100000,
        "32" : 0.000000,
        "64" : 0.000000,
        ">=64" : 0.000000
      },
      "latency_ns" : {
        "2" : 0.000000,
        "4" : 0.000000,
        "10" : 0.000000,
        "20" : 0.000000,
        "50" : 0.000000,
        "100" : 0.000000,
        "250" : 0.000000,
        "500" : 0.000000,
        "750" : 0.000000,
        "1000" : 0.000000
      },
      "latency_us" : {
        "2" : 0.000000,
        "4" : 0.000000,
        "10" : 0.000000,
        "20" : 0.695845,
        "50" : 0.155907,
        "100" : 0.208506,
        "250" : 0.051343,
        "500" : 16.009310,
        "750" : 25.368503,
        "1000" : 8.099479
      },
      "latency_ms" : {
        "2" : 0.526532,
        "4" : 1.378960,
        "10" : 47.184678,
        "20" : 0.290457,
        "50" : 0.030270,
        "100" : 0.010000,
        "250" : 0.000000,
        "500" : 0.000000,
        "750" : 0.000000,
        "1000" : 0.000000,
        "2000" : 0.000000,
        ">=2000" : 0.000000
      },
      "latency_depth" : 8,
      "latency_target" : 0,
      "latency_percentile" : 100.000000,
      "latency_window" : 0
    }
  ],
  "disk_util" : [
    {
      "name" : "nvme0n1",
      "read_ios" : 37832634,
      "write_ios" : 11064023,
      "read_merges" : 0,
      "write_merges" : 0,
      "read_ticks" : 16081280,
      "write_ticks" : 67613872,
      "in_queue" : 83695152,
      "util" : 100.000000
    }
  ]
}
