{
  "fio version" : "fio-3.33",
  "timestamp" : 1754486809,
  "timestamp_ms" : 1754486809009,
  "time" : "Wed Aug  6 13:26:49 2025",
  "global options" : {
    "ioengine" : "libaio",
    "direct" : "1",
    "time_based" : "1",
    "runtime" : "720",
    "group_reporting" : "1"
  },
  "jobs" : [
    {
      "jobname" : "rocksdb-wal",
      "groupid" : 0,
      "error" : 0,
      "eta" : 0,
      "elapsed" : 721,
      "job options" : {
        "name" : "rocksdb-compaction-write",
        "ioengine" : "libaio",
        "rw" : "write",
        "bs" : "1M",
        "size" : "50G",
        "iodepth" : "8",
        "filename" : "/mnt/xfs/compaction_output.dat"
      },
      "read" : {
        "io_bytes" : 4656506863616,
        "io_kbytes" : 4547369984,
        "bw_bytes" : 6467361661,
        "bw" : 6315782,
        "iops" : 6167.756711,
        "runtime" : 720001,
        "total_ios" : 4440791,
        "short_ios" : 0,
        "drop_ios" : 0,
        "slat_ns" : {
          "min" : 6630,
          "max" : 4087896,
          "mean" : 8459.887795,
          "stddev" : 2702.035693,
          "N" : 4440791
        },
        "clat_ns" : {
          "min" : 137151,
          "max" : 7293197,
          "mean" : 639787.263685,
          "stddev" : 170646.173187,
          "N" : 4440791,
          "percentile" : {
            "1.000000" : 378880,
            "5.000000" : 423936,
            "10.000000" : 452608,
            "20.000000" : 489472,
            "30.000000" : 522240,
            "40.000000" : 561152,
            "50.000000" : 593920,
            "60.000000" : 643072,
            "70.000000" : 716800,
            "80.000000" : 806912,
            "90.000000" : 897024,
            "95.000000" : 954368,
            "99.000000" : 1056768,
            "99.500000" : 1089536,
            "99.900000" : 1171456,
            "99.950000" : 1253376,
            "99.990000" : 1777664
          }
        },
        "lat_ns" : {
          "min" : 146231,
          "max" : 7300997,
          "mean" : 648247.151480,
          "stddev" : 170453.707346,
          "N" : 4440791
        },
        "bw_min" : 6100992,
        "bw_max" : 7137218,
        "bw_agg" : 100.000000,
        "bw_mean" : 6319225.473940,
        "bw_dev" : 90191.125573,
        "bw_samples" : 1439,
        "iops_min" : 5958,
        "iops_max" : 6969,
        "iops_mean" : 6171.044475,
        "iops_stddev" : 88.041032,
        "iops_samples" : 1439
      },
      "write" : {
        "io_bytes" : 1208837603328,
        "io_kbytes" : 1180505472,
        "bw_bytes" : 1678934120,
        "bw" : 1639584,
        "iops" : 6716.647014,
        "runtime" : 720003,
        "total_ios" : 4836006,
        "short_ios" : 0,
        "drop_ios" : 0,
        "slat_ns" : {
          "min" : 2240,
          "max" : 140200,
          "mean" : 6606.283021,
          "stddev" : 6312.357639,
          "N" : 4607402
        },
        "clat_ns" : {
          "min" : 11780,
          "max" : 91481191,
          "mean" : 6097600.833715,
          "stddev" : 1353809.347531,
          "N" : 4836006,
          "percentile" : {
            "1.000000" : 15168,
            "5.000000" : 4947968,
            "10.000000" : 5341184,
            "20.000000" : 5734400,
            "30.000000" : 5931008,
            "40.000000" : 6062080,
            "50.000000" : 6258688,
            "60.000000" : 6389760,
            "70.000000" : 6520832,
            "80.000000" : 6651904,
            "90.000000" : 6914048,
            "95.000000" : 7176192,
            "99.000000" : 8224768,
            "99.500000" : 9502720,
            "99.900000" : 16449536,
            "99.950000" : 22151168,
            "99.990000" : 28180480
          }
        },
        "lat_ns" : {
          "min" : 11860,
          "max" : 91495761,
          "mean" : 6103901.922458,
          "stddev" : 1354506.150342,
          "N" : 4836006
        },
        "bw_min" : 1272832,
        "bw_max" : 1879192,
        "bw_agg" : 100.000000,
        "bw_mean" : 1640502.272411,
        "bw_dev" : 33658.136332,
        "bw_samples" : 5756,
        "iops_min" : 5158,
        "iops_max" : 7835,
        "iops_mean" : 6720.079917,
        "iops_stddev" : 100.312257,
        "iops_samples" : 5756
      },
      "trim" : {
        "io_bytes" : 0,
        "io_kbytes" : 0,
        "bw_bytes" : 0,
        "bw" : 0,
        "iops" : 0.000000,
        "runtime" : 0,
        "total_ios" : 0,
        "short_ios" : 0,
        "drop_ios" : 0,
        "slat_ns" : {
          "min" : 0,
          "max" : 0,
          "mean" : 0.000000,
          "stddev" : 0.000000,
          "N" : 0
        },
        "clat_ns" : {
          "min" : 0,
          "max" : 0,
          "mean" : 0.000000,
          "stddev" : 0.000000,
          "N" : 0
        },
        "lat_ns" : {
          "min" : 0,
          "max" : 0,
          "mean" : 0.000000,
          "stddev" : 0.000000,
          "N" : 0
        },
        "bw_min" : 0,
        "bw_max" : 0,
        "bw_agg" : 0.000000,
        "bw_mean" : 0.000000,
        "bw_dev" : 0.000000,
        "bw_samples" : 0,
        "iops_min" : 0,
        "iops_max" : 0,
        "iops_mean" : 0.000000,
        "iops_stddev" : 0.000000,
        "iops_samples" : 0
      },
      "sync" : {
        "total_ios" : 0,
        "lat_ns" : {
          "min" : 0,
          "max" : 0,
          "mean" : 0.000000,
          "stddev" : 0.000000,
          "N" : 0
        }
      },
      "job_runtime" : 3600005,
      "usr_cpu" : 0.479694,
      "sys_cpu" : 1.980525,
      "ctx" : 8950517,
      "majf" : 0,
      "minf" : 61,
      "iodepth_level" : {
        "1" : 2.464299,
        "2" : 0.100000,
        "4" : 47.869971,
        "8" : 9.903548,
        "16" : 39.762097,
        "32" : 0.000000,
        ">=64" : 0.000000
      },
      "iodepth_submit" : {
        "0" : 0.000000,
        "4" : 100.000000,
        "8" : 0.000000,
        "16" : 0.000000,
        "32" : 0.000000,
        "64" : 0.000000,
        ">=64" : 0.000000
      },
      "iodepth_complete" : {
        "0" : 0.000000,
        "4" : 99.999968,
        "8" : 0.100000,
        "16" : 0.100000,
        "32" : 0.000000,
        "64" : 0.000000,
        ">=64" : 0.000000
      },
      "latency_ns" : {
        "2" : 0.000000,
        "4" : 0.000000,
        "10" : 0.000000,
        "20" : 0.000000,
        "50" : 0.000000,
        "100" : 0.000000,
        "250" : 0.000000,
        "500" : 0.000000,
        "750" : 0.000000,
        "1000" : 0.000000
      },
      "latency_us" : {
        "2" : 0.000000,
        "4" : 0.000000,
        "10" : 0.000000,
        "20" : 0.774341,
        "50" : 0.159236,
        "100" : 0.278027,
        "250" : 0.046665,
        "500" : 10.814045,
        "750" : 24.273152,
        "1000" : 11.549751
      },
      "latency_ms" : {
        "2" : 1.265156,
        "4" : 0.298853,
        "10" : 50.321000,
        "20" : 0.183932,
        "50" : 0.034074,
        "100" : 0.010000,
        "250" : 0.000000,
        "500" : 0.000000,
        "750" : 0.000000,
        "1000" : 0.000000,
        "2000" : 0.000000,
        ">=2000" : 0.000000
      },
      "latency_depth" : 8,
      "latency_target" : 0,
      "latency_percentile" : 100.000000,
      "latency_window" : 0
    }
  ],
  "disk_util" : [
    {
      "name" : "nvme2n1",
      "read_ios" : 35518708,
      "write_ios" : 11264815,
      "read_merges" : 0,
      "write_merges" : 0,
      "read_ticks" : 17580952,
      "write_ticks" : 67622524,
      "in_queue" : 85203476,
      "util" : 100.000000
    }
  ]
}
