{
  "fio version" : "fio-3.33",
  "timestamp" : 1754304040,
  "timestamp_ms" : 1754304040868,
  "time" : "Mon Aug  4 10:40:40 2025",
  "global options" : {
    "ioengine" : "libaio",
    "direct" : "1",
    "thread" : "1",
    "time_based" : "1",
    "runtime" : "720",
    "group_reporting" : "1",
    "rw" : "randrw",
    "rwmixread" : "10",
    "bs" : "4k",
    "iodepth" : "1000",
    "numjobs" : "1000",
    "size" : "1M",
    "randrepeat" : "0",
    "norandommap" : "1"
  },
  "jobs" : [
    {
      "jobname" : "job1",
      "groupid" : 0,
      "error" : 0,
      "eta" : 0,
      "elapsed" : 721,
      "job options" : {
        "directory" : "/mnt/xfs"
      },
      "read" : {
        "io_bytes" : 308098732032,
        "io_kbytes" : 300877668,
        "bw_bytes" : 427868553,
        "bw" : 417840,
        "iops" : 104460.095990,
        "runtime" : 720078,
        "total_ios" : 75219417,
        "short_ios" : 0,
        "drop_ios" : 0,
        "slat_ns" : {
          "min" : 970,
          "max" : 60466971,
          "mean" : 947197.803520,
          "stddev" : 2190693.017234,
          "N" : 75219417
        },
        "clat_ns" : {
          "min" : 59610,
          "max" : 1611350608,
          "mean" : 953565214.163210,
          "stddev" : 76804229.747511,
          "N" : 75219417,
          "percentile" : {
            "1.000000" : 784334848,
            "5.000000" : 834666496,
            "10.000000" : 859832320,
            "20.000000" : 893386752,
            "30.000000" : 918552576,
            "40.000000" : 935329792,
            "50.000000" : 952107008,
            "60.000000" : 968884224,
            "70.000000" : 994050048,
            "80.000000" : 1010827264,
            "90.000000" : 1044381696,
            "95.000000" : 1082130432,
            "99.000000" : 1132462080,
            "99.500000" : 1149239296,
            "99.900000" : 1216348160,
            "99.950000" : 1249902592,
            "99.990000" : 1333788672
          }
        },
        "lat_ns" : {
          "min" : 60770,
          "max" : 1611352348,
          "mean" : 954512411.966730,
          "stddev" : 76867377.261872,
          "N" : 75219417
        },
        "bw_min" : 159550,
        "bw_max" : 769422,
        "bw_agg" : 99.982677,
        "bw_mean" : 417768.588608,
        "bw_dev" : 72.289663,
        "bw_samples" : 1434331,
        "iops_min" : 39292,
        "iops_max" : 191969,
        "iops_mean" : 103915.608656,
        "iops_stddev" : 18.115251,
        "iops_samples" : 1434331
      },
      "write" : {
        "io_bytes" : 2773056786432,
        "io_kbytes" : 2708063268,
        "bw_bytes" : 3851050561,
        "bw" : 3760791,
        "iops" : 940197.891062,
        "runtime" : 720078,
        "total_ios" : 677015817,
        "short_ios" : 0,
        "drop_ios" : 0,
        "slat_ns" : {
          "min" : 990,
          "max" : 69570641,
          "mean" : 956162.220638,
          "stddev" : 2199238.006290,
          "N" : 677015817
        },
        "clat_ns" : {
          "min" : 481503,
          "max" : 1633765688,
          "mean" : 956003507.207314,
          "stddev" : 76864147.152772,
          "N" : 677015817,
          "percentile" : {
            "1.000000" : 784334848,
            "5.000000" : 843055104,
            "10.000000" : 868220928,
            "20.000000" : 893386752,
            "30.000000" : 918552576,
            "40.000000" : 935329792,
            "50.000000" : 952107008,
            "60.000000" : 977272832,
            "70.000000" : 994050048,
            "80.000000" : 1019215872,
            "90.000000" : 1052770304,
            "95.000000" : 1082130432,
            "99.000000" : 1132462080,
            "99.500000" : 1166016512,
            "99.900000" : 1216348160,
            "99.950000" : 1249902592,
            "99.990000" : 1333788672
          }
        },
        "lat_ns" : {
          "min" : 484883,
          "max" : 1635347916,
          "mean" : 956959669.427953,
          "stddev" : 76916164.105872,
          "N" : 677015817
        },
        "bw_min" : 1627182,
        "bw_max" : 6373255,
        "bw_agg" : 100.000000,
        "bw_mean" : 3762334.623673,
        "bw_dev" : 428.189055,
        "bw_samples" : 1434335,
        "iops_min" : 406387,
        "iops_max" : 1593050,
        "iops_mean" : 940336.605800,
        "iops_stddev" : 106.978458,
        "iops_samples" : 1434335
      },
      "trim" : {
        "io_bytes" : 0,
        "io_kbytes" : 0,
        "bw_bytes" : 0,
        "bw" : 0,
        "iops" : 0.000000,
        "runtime" : 0,
        "total_ios" : 0,
        "short_ios" : 0,
        "drop_ios" : 0,
        "slat_ns" : {
          "min" : 0,
          "max" : 0,
          "mean" : 0.000000,
          "stddev" : 0.000000,
          "N" : 0
        },
        "clat_ns" : {
          "min" : 0,
          "max" : 0,
          "mean" : 0.000000,
          "stddev" : 0.000000,
          "N" : 0
        },
        "lat_ns" : {
          "min" : 0,
          "max" : 0,
          "mean" : 0.000000,
          "stddev" : 0.000000,
          "N" : 0
        },
        "bw_min" : 0,
        "bw_max" : 0,
        "bw_agg" : 0.000000,
        "bw_mean" : 0.000000,
        "bw_dev" : 0.000000,
        "bw_samples" : 0,
        "iops_min" : 0,
        "iops_max" : 0,
        "iops_mean" : 0.000000,
        "iops_stddev" : 0.000000,
        "iops_samples" : 0
      },
      "sync" : {
        "total_ios" : 0,
        "lat_ns" : {
          "min" : 0,
          "max" : 0,
          "mean" : 0.000000,
          "stddev" : 0.000000,
          "N" : 0
        }
      },
      "job_runtime" : 720063311,
      "usr_cpu" : 0.147098,
      "sys_cpu" : 3.808484,
      "ctx" : 1477177378,
      "majf" : 0,
      "minf" : 3720,
      "iodepth_level" : {
        "1" : 0.100000,
        "2" : 0.100000,
        "4" : 0.100000,
        "8" : 0.100000,
        "16" : 0.100000,
        "32" : 0.100000,
        ">=64" : 99.991625
      },
      "iodepth_submit" : {
        "0" : 0.000000,
        "4" : 100.000000,
        "8" : 0.000000,
        "16" : 0.000000,
        "32" : 0.000000,
        "64" : 0.000000,
        ">=64" : 0.000000
      },
      "iodepth_complete" : {
        "0" : 0.000000,
        "4" : 99.999867,
        "8" : 0.000000,
        "16" : 0.000000,
        "32" : 0.000000,
        "64" : 0.000000,
        ">=64" : 0.100000
      },
      "latency_ns" : {
        "2" : 0.000000,
        "4" : 0.000000,
        "10" : 0.000000,
        "20" : 0.000000,
        "50" : 0.000000,
        "100" : 0.000000,
        "250" : 0.000000,
        "500" : 0.000000,
        "750" : 0.000000,
        "1000" : 0.000000
      },
      "latency_us" : {
        "2" : 0.000000,
        "4" : 0.000000,
        "10" : 0.000000,
        "20" : 0.000000,
        "50" : 0.000000,
        "100" : 0.010000,
        "250" : 0.010000,
        "500" : 0.010000,
        "750" : 0.010000,
        "1000" : 0.010000
      },
      "latency_ms" : {
        "2" : 0.010000,
        "4" : 0.010000,
        "10" : 0.010000,
        "20" : 0.010000,
        "50" : 0.010000,
        "100" : 0.015412,
        "250" : 0.030811,
        "500" : 0.042158,
        "750" : 0.308411,
        "1000" : 72.947600,
        "2000" : 26.643877,
        ">=2000" : 0.000000
      },
      "latency_depth" : 1000,
      "latency_target" : 0,
      "latency_percentile" : 100.000000,
      "latency_window" : 0
    }
  ],
  "disk_util" : [
    {
      "name" : "nvme2n1",
      "read_ios" : 75212355,
      "write_ios" : 676951630,
      "read_merges" : 0,
      "write_merges" : 12,
      "read_ticks" : 366021942,
      "write_ticks" : -493931400,
      "in_queue" : -127909458,
      "util" : 62.831140
    }
  ]
}
