{
  "fio version" : "fio-3.33",
  "timestamp" : 1754303319,
  "timestamp_ms" : 1754303319390,
  "time" : "Mon Aug  4 10:28:39 2025",
  "global options" : {
    "ioengine" : "libaio",
    "direct" : "1",
    "thread" : "1",
    "time_based" : "1",
    "runtime" : "720",
    "group_reporting" : "1",
    "rw" : "randrw",
    "rwmixread" : "10",
    "bs" : "4k",
    "iodepth" : "1000",
    "numjobs" : "1000",
    "size" : "1M",
    "randrepeat" : "0",
    "norandommap" : "1"
  },
  "jobs" : [
    {
      "jobname" : "job1",
      "groupid" : 0,
      "error" : 0,
      "eta" : 0,
      "elapsed" : 721,
      "job options" : {
        "directory" : "/mnt/ext4"
      },
      "read" : {
        "io_bytes" : 307920396288,
        "io_kbytes" : 300703512,
        "bw_bytes" : 427618516,
        "bw" : 417596,
        "iops" : 104399.051775,
        "runtime" : 720082,
        "total_ios" : 75175878,
        "short_ios" : 0,
        "drop_ios" : 0,
        "slat_ns" : {
          "min" : 960,
          "max" : 75520450,
          "mean" : 938877.061450,
          "stddev" : 2194263.193489,
          "N" : 75175878
        },
        "clat_ns" : {
          "min" : 78641,
          "max" : 1489253446,
          "mean" : 954124898.551247,
          "stddev" : 88717956.182502,
          "N" : 75175878,
          "percentile" : {
            "1.000000" : 725614592,
            "5.000000" : 817889280,
            "10.000000" : 851443712,
            "20.000000" : 884998144,
            "30.000000" : 910163968,
            "40.000000" : 935329792,
            "50.000000" : 952107008,
            "60.000000" : 977272832,
            "70.000000" : 994050048,
            "80.000000" : 1027604480,
            "90.000000" : 1061158912,
            "95.000000" : 1098907648,
            "99.000000" : 1149239296,
            "99.500000" : 1166016512,
            "99.900000" : 1216348160,
            "99.950000" : 1233125376,
            "99.990000" : 1283457024
          }
        },
        "lat_ns" : {
          "min" : 80641,
          "max" : 1490689214,
          "mean" : 955063775.612698,
          "stddev" : 88782215.929274,
          "N" : 75175878
        },
        "bw_min" : 139523,
        "bw_max" : 939181,
        "bw_agg" : 99.965467,
        "bw_mean" : 417452.189369,
        "bw_dev" : 76.931598,
        "bw_samples" : 1434085,
        "iops_min" : 34243,
        "iops_max" : 234472,
        "iops_mean" : 103823.537294,
        "iops_stddev" : 19.279598,
        "iops_samples" : 1434085
      },
      "write" : {
        "io_bytes" : 2771355029504,
        "io_kbytes" : 2706401396,
        "bw_bytes" : 3848665887,
        "bw" : 3758462,
        "iops" : 939615.695157,
        "runtime" : 720082,
        "total_ios" : 676600349,
        "short_ios" : 0,
        "drop_ios" : 0,
        "slat_ns" : {
          "min" : 1070,
          "max" : 101886490,
          "mean" : 957835.621179,
          "stddev" : 2330721.466841,
          "N" : 676600349
        },
        "clat_ns" : {
          "min" : 598704,
          "max" : 1490506993,
          "mean" : 956578718.820743,
          "stddev" : 88716238.681012,
          "N" : 676600349,
          "percentile" : {
            "1.000000" : 734003200,
            "5.000000" : 817889280,
            "10.000000" : 851443712,
            "20.000000" : 893386752,
            "30.000000" : 918552576,
            "40.000000" : 935329792,
            "50.000000" : 960495616,
            "60.000000" : 977272832,
            "70.000000" : 1002438656,
            "80.000000" : 1027604480,
            "90.000000" : 1061158912,
            "95.000000" : 1098907648,
            "99.000000" : 1149239296,
            "99.500000" : 1166016512,
            "99.900000" : 1216348160,
            "99.950000" : 1233125376,
            "99.990000" : 1283457024
          }
        },
        "lat_ns" : {
          "min" : 601024,
          "max" : 1492711655,
          "mean" : 957536554.441921,
          "stddev" : 88774135.418427,
          "N" : 676600349
        },
        "bw_min" : 1426315,
        "bw_max" : 8203021,
        "bw_agg" : 100.000000,
        "bw_mean" : 3759493.068312,
        "bw_dev" : 489.512926,
        "bw_samples" : 1434095,
        "iops_min" : 356138,
        "iops_max" : 2050423,
        "iops_mean" : 939611.368932,
        "iops_stddev" : 122.319173,
        "iops_samples" : 1434095
      },
      "trim" : {
        "io_bytes" : 0,
        "io_kbytes" : 0,
        "bw_bytes" : 0,
        "bw" : 0,
        "iops" : 0.000000,
        "runtime" : 0,
        "total_ios" : 0,
        "short_ios" : 0,
        "drop_ios" : 0,
        "slat_ns" : {
          "min" : 0,
          "max" : 0,
          "mean" : 0.000000,
          "stddev" : 0.000000,
          "N" : 0
        },
        "clat_ns" : {
          "min" : 0,
          "max" : 0,
          "mean" : 0.000000,
          "stddev" : 0.000000,
          "N" : 0
        },
        "lat_ns" : {
          "min" : 0,
          "max" : 0,
          "mean" : 0.000000,
          "stddev" : 0.000000,
          "N" : 0
        },
        "bw_min" : 0,
        "bw_max" : 0,
        "bw_agg" : 0.000000,
        "bw_mean" : 0.000000,
        "bw_dev" : 0.000000,
        "bw_samples" : 0,
        "iops_min" : 0,
        "iops_max" : 0,
        "iops_mean" : 0.000000,
        "iops_stddev" : 0.000000,
        "iops_samples" : 0
      },
      "sync" : {
        "total_ios" : 0,
        "lat_ns" : {
          "min" : 0,
          "max" : 0,
          "mean" : 0.000000,
          "stddev" : 0.000000,
          "N" : 0
        }
      },
      "job_runtime" : 720061805,
      "usr_cpu" : 0.144101,
      "sys_cpu" : 3.971932,
      "ctx" : 1420243344,
      "majf" : 0,
      "minf" : 3654,
      "iodepth_level" : {
        "1" : 0.100000,
        "2" : 0.100000,
        "4" : 0.100000,
        "8" : 0.100000,
        "16" : 0.100000,
        "32" : 0.100000,
        ">=64" : 99.991620
      },
      "iodepth_submit" : {
        "0" : 0.000000,
        "4" : 100.000000,
        "8" : 0.000000,
        "16" : 0.000000,
        "32" : 0.000000,
        "64" : 0.000000,
        ">=64" : 0.000000
      },
      "iodepth_complete" : {
        "0" : 0.000000,
        "4" : 99.999867,
        "8" : 0.000000,
        "16" : 0.000000,
        "32" : 0.000000,
        "64" : 0.000000,
        ">=64" : 0.100000
      },
      "latency_ns" : {
        "2" : 0.000000,
        "4" : 0.000000,
        "10" : 0.000000,
        "20" : 0.000000,
        "50" : 0.000000,
        "100" : 0.000000,
        "250" : 0.000000,
        "500" : 0.000000,
        "750" : 0.000000,
        "1000" : 0.000000
      },
      "latency_us" : {
        "2" : 0.000000,
        "4" : 0.000000,
        "10" : 0.000000,
        "20" : 0.000000,
        "50" : 0.000000,
        "100" : 0.010000,
        "250" : 0.010000,
        "500" : 0.010000,
        "750" : 0.010000,
        "1000" : 0.010000
      },
      "latency_ms" : {
        "2" : 0.010000,
        "4" : 0.010000,
        "10" : 0.010000,
        "20" : 0.010000,
        "50" : 0.010000,
        "100" : 0.018315,
        "250" : 0.039957,
        "500" : 0.112998,
        "750" : 1.126638,
        "1000" : 68.721872,
        "2000" : 29.972151,
        ">=2000" : 0.000000
      },
      "latency_depth" : 1000,
      "latency_target" : 0,
      "latency_percentile" : 100.000000,
      "latency_window" : 0
    }
  ],
  "disk_util" : [
    {
      "name" : "nvme0n1",
      "read_ios" : 75168244,
      "write_ios" : 676532012,
      "read_merges" : 0,
      "write_merges" : 8935,
      "read_ticks" : 365344481,
      "write_ticks" : -501870786,
      "in_queue" : -136526305,
      "util" : 62.870622
    }
  ]
}
