{
  "fio version" : "fio-3.33",
  "timestamp" : 1754293086,
  "timestamp_ms" : 1754293086359,
  "time" : "Mon Aug  4 07:38:06 2025",
  "global options" : {
    "ioengine" : "libaio",
    "direct" : "1",
    "time_based" : "1",
    "runtime" : "720",
    "group_reporting" : "1"
  },
  "jobs" : [
    {
      "jobname" : "rocksdb-wal",
      "groupid" : 0,
      "error" : 0,
      "eta" : 0,
      "elapsed" : 721,
      "job options" : {
        "name" : "rocksdb-compaction-write",
        "ioengine" : "libaio",
        "rw" : "write",
        "bs" : "1M",
        "size" : "50G",
        "iodepth" : "8",
        "filename" : "/mnt/xfs/compaction_output.dat"
      },
      "read" : {
        "io_bytes" : 6743692148736,
        "io_kbytes" : 6585636864,
        "bw_bytes" : 9366226086,
        "bw" : 9146705,
        "iops" : 8932.329261,
        "runtime" : 720001,
        "total_ios" : 6431286,
        "short_ios" : 0,
        "drop_ios" : 0,
        "slat_ns" : {
          "min" : 5140,
          "max" : 208142,
          "mean" : 8772.555069,
          "stddev" : 2813.895700,
          "N" : 6431286
        },
        "clat_ns" : {
          "min" : 147521,
          "max" : 1668900,
          "mean" : 438622.173964,
          "stddev" : 74683.535112,
          "N" : 6431286,
          "percentile" : {
            "1.000000" : 309248,
            "5.000000" : 370688,
            "10.000000" : 382976,
            "20.000000" : 391168,
            "30.000000" : 395264,
            "40.000000" : 403456,
            "50.000000" : 411648,
            "60.000000" : 428032,
            "70.000000" : 460800,
            "80.000000" : 501760,
            "90.000000" : 528384,
            "95.000000" : 544768,
            "99.000000" : 593920,
            "99.500000" : 724992,
            "99.900000" : 1220608,
            "99.950000" : 1269760,
            "99.990000" : 1351680
          }
        },
        "lat_ns" : {
          "min" : 153671,
          "max" : 1680440,
          "mean" : 447394.729033,
          "stddev" : 74690.434506,
          "N" : 6431286
        },
        "bw_min" : 8876032,
        "bw_max" : 9376064,
        "bw_agg" : 100.000000,
        "bw_mean" : 9153112.096595,
        "bw_dev" : 78657.083305,
        "bw_samples" : 1439,
        "iops_min" : 8668,
        "iops_max" : 9156,
        "iops_mean" : 8938.401668,
        "iops_stddev" : 76.848558,
        "iops_samples" : 1439
      },
      "write" : {
        "io_bytes" : 2738258165760,
        "io_kbytes" : 2674080240,
        "bw_bytes" : 3803125777,
        "bw" : 3713990,
        "iops" : 15180.941164,
        "runtime" : 720002,
        "total_ios" : 10930308,
        "short_ios" : 0,
        "drop_ios" : 0,
        "slat_ns" : {
          "min" : 1920,
          "max" : 236121,
          "mean" : 6968.612346,
          "stddev" : 6110.389659,
          "N" : 10656249
        },
        "clat_ns" : {
          "min" : 17120,
          "max" : 14436904,
          "mean" : 2693509.347282,
          "stddev" : 466981.444688,
          "N" : 10930308,
          "percentile" : {
            "1.000000" : 2179072,
            "5.000000" : 2277376,
            "10.000000" : 2342912,
            "20.000000" : 2441216,
            "30.000000" : 2506752,
            "40.000000" : 2572288,
            "50.000000" : 2637824,
            "60.000000" : 2703360,
            "70.000000" : 2768896,
            "80.000000" : 2834432,
            "90.000000" : 2998272,
            "95.000000" : 3260416,
            "99.000000" : 4177920,
            "99.500000" : 4554752,
            "99.900000" : 9895936,
            "99.950000" : 11730944,
            "99.990000" : 13172736
          }
        },
        "lat_ns" : {
          "min" : 17250,
          "max" : 14451924,
          "mean" : 2700307.438964,
          "stddev" : 467441.587359,
          "N" : 10930308
        },
        "bw_min" : 3278112,
        "bw_max" : 4001952,
        "bw_agg" : 100.000000,
        "bw_mean" : 3716666.407227,
        "bw_dev" : 62861.117654,
        "bw_samples" : 5756,
        "iops_min" : 13218,
        "iops_max" : 16560,
        "iops_mean" : 15191.583044,
        "iops_stddev" : 190.845714,
        "iops_samples" : 5756
      },
      "trim" : {
        "io_bytes" : 0,
        "io_kbytes" : 0,
        "bw_bytes" : 0,
        "bw" : 0,
        "iops" : 0.000000,
        "runtime" : 0,
        "total_ios" : 0,
        "short_ios" : 0,
        "drop_ios" : 0,
        "slat_ns" : {
          "min" : 0,
          "max" : 0,
          "mean" : 0.000000,
          "stddev" : 0.000000,
          "N" : 0
        },
        "clat_ns" : {
          "min" : 0,
          "max" : 0,
          "mean" : 0.000000,
          "stddev" : 0.000000,
          "N" : 0
        },
        "lat_ns" : {
          "min" : 0,
          "max" : 0,
          "mean" : 0.000000,
          "stddev" : 0.000000,
          "N" : 0
        },
        "bw_min" : 0,
        "bw_max" : 0,
        "bw_agg" : 0.000000,
        "bw_mean" : 0.000000,
        "bw_dev" : 0.000000,
        "bw_samples" : 0,
        "iops_min" : 0,
        "iops_max" : 0,
        "iops_mean" : 0.000000,
        "iops_stddev" : 0.000000,
        "iops_samples" : 0
      },
      "sync" : {
        "total_ios" : 0,
        "lat_ns" : {
          "min" : 0,
          "max" : 0,
          "mean" : 0.000000,
          "stddev" : 0.000000,
          "N" : 0
        }
      },
      "job_runtime" : 3600004,
      "usr_cpu" : 1.095777,
      "sys_cpu" : 3.694385,
      "ctx" : 15721058,
      "majf" : 0,
      "minf" : 65,
      "iodepth_level" : {
        "1" : 1.578559,
        "2" : 0.100000,
        "4" : 37.043229,
        "8" : 11.925892,
        "16" : 49.452274,
        "32" : 0.000000,
        ">=64" : 0.000000
      },
      "iodepth_submit" : {
        "0" : 0.000000,
        "4" : 100.000000,
        "8" : 0.000000,
        "16" : 0.000000,
        "32" : 0.000000,
        "64" : 0.000000,
        ">=64" : 0.000000
      },
      "iodepth_complete" : {
        "0" : 0.000000,
        "4" : 99.999983,
        "8" : 0.100000,
        "16" : 0.100000,
        "32" : 0.000000,
        "64" : 0.000000,
        ">=64" : 0.000000
      },
      "latency_ns" : {
        "2" : 0.000000,
        "4" : 0.000000,
        "10" : 0.000000,
        "20" : 0.000000,
        "50" : 0.000000,
        "100" : 0.000000,
        "250" : 0.000000,
        "500" : 0.000000,
        "750" : 0.000000,
        "1000" : 0.000000
      },
      "latency_us" : {
        "2" : 0.000000,
        "4" : 0.000000,
        "10" : 0.000000,
        "20" : 0.010000,
        "50" : 0.010000,
        "100" : 0.010000,
        "250" : 0.010000,
        "500" : 29.313305,
        "750" : 7.553696,
        "1000" : 0.066037
      },
      "latency_ms" : {
        "2" : 0.118681,
        "4" : 62.045973,
        "10" : 0.838852,
        "20" : 0.060824,
        "50" : 0.000000,
        "100" : 0.000000,
        "250" : 0.000000,
        "500" : 0.000000,
        "750" : 0.000000,
        "1000" : 0.000000,
        "2000" : 0.000000,
        ">=2000" : 0.000000
      },
      "latency_depth" : 8,
      "latency_target" : 0,
      "latency_percentile" : 100.000000,
      "latency_window" : 0
    }
  ],
  "disk_util" : [
    {
      "name" : "nvme2n1",
      "read_ios" : 51439603,
      "write_ios" : 25418948,
      "read_merges" : 753,
      "write_merges" : 305,
      "read_ticks" : 18642453,
      "write_ticks" : 67410735,
      "in_queue" : 86053189,
      "util" : 89.031591
    }
  ]
}
