{
  "fio version" : "fio-3.33",
  "timestamp" : 1754304789,
  "timestamp_ms" : 1754304789732,
  "time" : "Mon Aug  4 10:53:09 2025",
  "global options" : {
    "ioengine" : "libaio",
    "direct" : "1",
    "time_based" : "1",
    "runtime" : "720",
    "group_reporting" : "1"
  },
  "jobs" : [
    {
      "jobname" : "rocksdb-wal",
      "groupid" : 0,
      "error" : 0,
      "eta" : 0,
      "elapsed" : 721,
      "job options" : {
        "name" : "rocksdb-compaction-write",
        "ioengine" : "libaio",
        "rw" : "write",
        "bs" : "1M",
        "size" : "50G",
        "iodepth" : "8",
        "filename" : "/mnt/ext4/compaction_output.dat"
      },
      "read" : {
        "io_bytes" : 7093144780800,
        "io_kbytes" : 6926899200,
        "bw_bytes" : 9851576290,
        "bw" : 9620679,
        "iops" : 9395.195284,
        "runtime" : 720001,
        "total_ios" : 6764550,
        "short_ios" : 0,
        "drop_ios" : 0,
        "slat_ns" : {
          "min" : 5180,
          "max" : 3905181,
          "mean" : 13181.162566,
          "stddev" : 5080.242400,
          "N" : 6764550
        },
        "clat_ns" : {
          "min" : 135280,
          "max" : 4244243,
          "mean" : 412267.207819,
          "stddev" : 73038.630206,
          "N" : 6764550,
          "percentile" : {
            "1.000000" : 280576,
            "5.000000" : 350208,
            "10.000000" : 354304,
            "20.000000" : 358400,
            "30.000000" : 366592,
            "40.000000" : 378880,
            "50.000000" : 391168,
            "60.000000" : 407552,
            "70.000000" : 436224,
            "80.000000" : 468992,
            "90.000000" : 501760,
            "95.000000" : 522240,
            "99.000000" : 561152,
            "99.500000" : 667648,
            "99.900000" : 1187840,
            "99.950000" : 1220608,
            "99.990000" : 1318912
          }
        },
        "lat_ns" : {
          "min" : 150310,
          "max" : 4279383,
          "mean" : 425448.370386,
          "stddev" : 73083.995874,
          "N" : 6764550
        },
        "bw_min" : 9322496,
        "bw_max" : 10348544,
        "bw_agg" : 100.000000,
        "bw_mean" : 9625402.533704,
        "bw_dev" : 126065.626929,
        "bw_samples" : 1439,
        "iops_min" : 9104,
        "iops_max" : 10106,
        "iops_mean" : 9399.738707,
        "iops_stddev" : 123.122144,
        "iops_samples" : 1439
      },
      "write" : {
        "io_bytes" : 2766939684864,
        "io_kbytes" : 2702089536,
        "bw_bytes" : 3842961109,
        "bw" : 3752891,
        "iops" : 15344.086544,
        "runtime" : 720002,
        "total_ios" : 11047773,
        "short_ios" : 0,
        "drop_ios" : 0,
        "slat_ns" : {
          "min" : 2170,
          "max" : 6619396,
          "mean" : 6546.263845,
          "stddev" : 9310.979384,
          "N" : 10775321
        },
        "clat_ns" : {
          "min" : 17370,
          "max" : 12912201,
          "mean" : 2665315.238253,
          "stddev" : 424160.733237,
          "N" : 11047773,
          "percentile" : {
            "1.000000" : 2146304,
            "5.000000" : 2277376,
            "10.000000" : 2342912,
            "20.000000" : 2408448,
            "30.000000" : 2473984,
            "40.000000" : 2539520,
            "50.000000" : 2605056,
            "60.000000" : 2637824,
            "70.000000" : 2703360,
            "80.000000" : 2801664,
            "90.000000" : 2965504,
            "95.000000" : 3358720,
            "99.000000" : 4358144,
            "99.500000" : 4620288,
            "99.900000" : 6782976,
            "99.950000" : 7503872,
            "99.990000" : 10158080
          }
        },
        "lat_ns" : {
          "min" : 17450,
          "max" : 12915261,
          "mean" : 2671703.728698,
          "stddev" : 424681.709612,
          "N" : 11047773
        },
        "bw_min" : 3264672,
        "bw_max" : 4061504,
        "bw_agg" : 100.000000,
        "bw_mean" : 3754687.119527,
        "bw_dev" : 71162.566631,
        "bw_samples" : 5756,
        "iops_min" : 13338,
        "iops_max" : 16628,
        "iops_mean" : 15351.184156,
        "iops_stddev" : 210.555974,
        "iops_samples" : 5756
      },
      "trim" : {
        "io_bytes" : 0,
        "io_kbytes" : 0,
        "bw_bytes" : 0,
        "bw" : 0,
        "iops" : 0.000000,
        "runtime" : 0,
        "total_ios" : 0,
        "short_ios" : 0,
        "drop_ios" : 0,
        "slat_ns" : {
          "min" : 0,
          "max" : 0,
          "mean" : 0.000000,
          "stddev" : 0.000000,
          "N" : 0
        },
        "clat_ns" : {
          "min" : 0,
          "max" : 0,
          "mean" : 0.000000,
          "stddev" : 0.000000,
          "N" : 0
        },
        "lat_ns" : {
          "min" : 0,
          "max" : 0,
          "mean" : 0.000000,
          "stddev" : 0.000000,
          "N" : 0
        },
        "bw_min" : 0,
        "bw_max" : 0,
        "bw_agg" : 0.000000,
        "bw_mean" : 0.000000,
        "bw_dev" : 0.000000,
        "bw_samples" : 0,
        "iops_min" : 0,
        "iops_max" : 0,
        "iops_mean" : 0.000000,
        "iops_stddev" : 0.000000,
        "iops_samples" : 0
      },
      "sync" : {
        "total_ios" : 0,
        "lat_ns" : {
          "min" : 0,
          "max" : 0,
          "mean" : 0.000000,
          "stddev" : 0.000000,
          "N" : 0
        }
      },
      "job_runtime" : 3600003,
      "usr_cpu" : 0.897749,
      "sys_cpu" : 4.661635,
      "ctx" : 16008856,
      "majf" : 0,
      "minf" : 570,
      "iodepth_level" : {
        "1" : 1.529593,
        "2" : 0.100000,
        "4" : 37.976849,
        "8" : 11.743499,
        "16" : 48.750014,
        "32" : 0.000000,
        ">=64" : 0.000000
      },
      "iodepth_submit" : {
        "0" : 0.000000,
        "4" : 100.000000,
        "8" : 0.000000,
        "16" : 0.000000,
        "32" : 0.000000,
        "64" : 0.000000,
        ">=64" : 0.000000
      },
      "iodepth_complete" : {
        "0" : 0.000000,
        "4" : 99.999983,
        "8" : 0.100000,
        "16" : 0.100000,
        "32" : 0.000000,
        "64" : 0.000000,
        ">=64" : 0.000000
      },
      "latency_ns" : {
        "2" : 0.000000,
        "4" : 0.000000,
        "10" : 0.000000,
        "20" : 0.000000,
        "50" : 0.000000,
        "100" : 0.000000,
        "250" : 0.000000,
        "500" : 0.000000,
        "750" : 0.000000,
        "1000" : 0.000000
      },
      "latency_us" : {
        "2" : 0.000000,
        "4" : 0.000000,
        "10" : 0.000000,
        "20" : 0.010000,
        "50" : 0.010000,
        "100" : 0.010000,
        "250" : 0.178713,
        "500" : 33.492038,
        "750" : 4.157352,
        "1000" : 0.064410
      },
      "latency_ms" : {
        "2" : 0.108638,
        "4" : 60.636083,
        "10" : 1.355152,
        "20" : 0.010000,
        "50" : 0.000000,
        "100" : 0.000000,
        "250" : 0.000000,
        "500" : 0.000000,
        "750" : 0.000000,
        "1000" : 0.000000,
        "2000" : 0.000000,
        ">=2000" : 0.000000
      },
      "latency_depth" : 8,
      "latency_target" : 0,
      "latency_percentile" : 100.000000,
      "latency_window" : 0
    }
  ],
  "disk_util" : [
    {
      "name" : "nvme0n1",
      "read_ios" : 54112047,
      "write_ios" : 25688576,
      "read_merges" : 0,
      "write_merges" : 908,
      "read_ticks" : 18191929,
      "write_ticks" : 67429079,
      "in_queue" : 85621008,
      "util" : 86.511332
    }
  ]
}
