{
  "fio version" : "fio-3.33",
  "timestamp" : 1754292345,
  "timestamp_ms" : 1754292345917,
  "time" : "Mon Aug  4 07:25:45 2025",
  "global options" : {
    "ioengine" : "libaio",
    "direct" : "1",
    "time_based" : "1",
    "runtime" : "720",
    "group_reporting" : "1"
  },
  "jobs" : [
    {
      "jobname" : "rocksdb-wal",
      "groupid" : 0,
      "error" : 0,
      "eta" : 0,
      "elapsed" : 721,
      "job options" : {
        "name" : "rocksdb-compaction-write",
        "ioengine" : "libaio",
        "rw" : "write",
        "bs" : "1M",
        "size" : "50G",
        "iodepth" : "8",
        "filename" : "/mnt/ext4/compaction_output.dat"
      },
      "read" : {
        "io_bytes" : 6599393411072,
        "io_kbytes" : 6444720128,
        "bw_bytes" : 9165811451,
        "bw" : 8950987,
        "iops" : 8741.198971,
        "runtime" : 720001,
        "total_ios" : 6293672,
        "short_ios" : 0,
        "drop_ios" : 0,
        "slat_ns" : {
          "min" : 5150,
          "max" : 4032303,
          "mean" : 18898.544059,
          "stddev" : 9527.334384,
          "N" : 6293672
        },
        "clat_ns" : {
          "min" : 153791,
          "max" : 4173584,
          "mean" : 438285.579468,
          "stddev" : 73887.247821,
          "N" : 6293672,
          "percentile" : {
            "1.000000" : 305152,
            "5.000000" : 370688,
            "10.000000" : 378880,
            "20.000000" : 391168,
            "30.000000" : 399360,
            "40.000000" : 407552,
            "50.000000" : 415744,
            "60.000000" : 432128,
            "70.000000" : 460800,
            "80.000000" : 497664,
            "90.000000" : 528384,
            "95.000000" : 544768,
            "99.000000" : 593920,
            "99.500000" : 724992,
            "99.900000" : 1204224,
            "99.950000" : 1253376,
            "99.990000" : 1351680
          }
        },
        "lat_ns" : {
          "min" : 169392,
          "max" : 4442725,
          "mean" : 457184.123526,
          "stddev" : 74222.902070,
          "N" : 6293672
        },
        "bw_min" : 8605696,
        "bw_max" : 9732096,
        "bw_agg" : 100.000000,
        "bw_mean" : 8956893.779708,
        "bw_dev" : 146607.198342,
        "bw_samples" : 1439,
        "iops_min" : 8404,
        "iops_max" : 9504,
        "iops_mean" : 8746.833912,
        "iops_stddev" : 143.127906,
        "iops_samples" : 1439
      },
      "write" : {
        "io_bytes" : 2760497397760,
        "io_kbytes" : 2695798240,
        "bw_bytes" : 3834013513,
        "bw" : 3744153,
        "iops" : 15281.258941,
        "runtime" : 720002,
        "total_ios" : 11002537,
        "short_ios" : 0,
        "drop_ios" : 0,
        "slat_ns" : {
          "min" : 1950,
          "max" : 3876303,
          "mean" : 8031.152544,
          "stddev" : 10321.173821,
          "N" : 10727591
        },
        "clat_ns" : {
          "min" : 20071,
          "max" : 14082132,
          "mean" : 2674747.444208,
          "stddev" : 404834.461501,
          "N" : 11002537,
          "percentile" : {
            "1.000000" : 2179072,
            "5.000000" : 2277376,
            "10.000000" : 2342912,
            "20.000000" : 2408448,
            "30.000000" : 2473984,
            "40.000000" : 2539520,
            "50.000000" : 2605056,
            "60.000000" : 2670592,
            "70.000000" : 2736128,
            "80.000000" : 2834432,
            "90.000000" : 2998272,
            "95.000000" : 3325952,
            "99.000000" : 4358144,
            "99.500000" : 4685824,
            "99.900000" : 6127616,
            "99.950000" : 7045120,
            "99.990000" : 10027008
          }
        },
        "lat_ns" : {
          "min" : 20200,
          "max" : 14090312,
          "mean" : 2682582.200485,
          "stddev" : 405393.899922,
          "N" : 11002537
        },
        "bw_min" : 3259146,
        "bw_max" : 4081280,
        "bw_agg" : 100.000000,
        "bw_mean" : 3746587.539958,
        "bw_dev" : 64585.508233,
        "bw_samples" : 5756,
        "iops_min" : 13310,
        "iops_max" : 16904,
        "iops_mean" : 15291.122307,
        "iops_stddev" : 196.098258,
        "iops_samples" : 5756
      },
      "trim" : {
        "io_bytes" : 0,
        "io_kbytes" : 0,
        "bw_bytes" : 0,
        "bw" : 0,
        "iops" : 0.000000,
        "runtime" : 0,
        "total_ios" : 0,
        "short_ios" : 0,
        "drop_ios" : 0,
        "slat_ns" : {
          "min" : 0,
          "max" : 0,
          "mean" : 0.000000,
          "stddev" : 0.000000,
          "N" : 0
        },
        "clat_ns" : {
          "min" : 0,
          "max" : 0,
          "mean" : 0.000000,
          "stddev" : 0.000000,
          "N" : 0
        },
        "lat_ns" : {
          "min" : 0,
          "max" : 0,
          "mean" : 0.000000,
          "stddev" : 0.000000,
          "N" : 0
        },
        "bw_min" : 0,
        "bw_max" : 0,
        "bw_agg" : 0.000000,
        "bw_mean" : 0.000000,
        "bw_dev" : 0.000000,
        "bw_samples" : 0,
        "iops_min" : 0,
        "iops_max" : 0,
        "iops_mean" : 0.000000,
        "iops_stddev" : 0.000000,
        "iops_samples" : 0
      },
      "sync" : {
        "total_ios" : 0,
        "lat_ns" : {
          "min" : 0,
          "max" : 0,
          "mean" : 0.000000,
          "stddev" : 0.000000,
          "N" : 0
        }
      },
      "job_runtime" : 3600003,
      "usr_cpu" : 1.053916,
      "sys_cpu" : 6.009412,
      "ctx" : 14948984,
      "majf" : 0,
      "minf" : 573,
      "iodepth_level" : {
        "1" : 1.589655,
        "2" : 0.100000,
        "4" : 36.387633,
        "8" : 12.074189,
        "16" : 49.948477,
        "32" : 0.000000,
        ">=64" : 0.000000
      },
      "iodepth_submit" : {
        "0" : 0.000000,
        "4" : 100.000000,
        "8" : 0.000000,
        "16" : 0.000000,
        "32" : 0.000000,
        "64" : 0.000000,
        ">=64" : 0.000000
      },
      "iodepth_complete" : {
        "0" : 0.000000,
        "4" : 99.999983,
        "8" : 0.100000,
        "16" : 0.100000,
        "32" : 0.000000,
        "64" : 0.000000,
        ">=64" : 0.000000
      },
      "latency_ns" : {
        "2" : 0.000000,
        "4" : 0.000000,
        "10" : 0.000000,
        "20" : 0.000000,
        "50" : 0.000000,
        "100" : 0.000000,
        "250" : 0.000000,
        "500" : 0.000000,
        "750" : 0.000000,
        "1000" : 0.000000
      },
      "latency_us" : {
        "2" : 0.000000,
        "4" : 0.000000,
        "10" : 0.000000,
        "20" : 0.000000,
        "50" : 0.010000,
        "100" : 0.010000,
        "250" : 0.010000,
        "500" : 29.321969,
        "750" : 6.895534,
        "1000" : 0.067130
      },
      "latency_ms" : {
        "2" : 0.129849,
        "4" : 62.446407,
        "10" : 1.129282,
        "20" : 0.010000,
        "50" : 0.000000,
        "100" : 0.000000,
        "250" : 0.000000,
        "500" : 0.000000,
        "750" : 0.000000,
        "1000" : 0.000000,
        "2000" : 0.000000,
        ">=2000" : 0.000000
      },
      "latency_depth" : 8,
      "latency_target" : 0,
      "latency_percentile" : 100.000000,
      "latency_window" : 0
    }
  ],
  "disk_util" : [
    {
      "name" : "nvme0n1",
      "read_ios" : 50335239,
      "write_ios" : 25614165,
      "read_merges" : 0,
      "write_merges" : 879,
      "read_ticks" : 18260765,
      "write_ticks" : 67355389,
      "in_queue" : 85616154,
      "util" : 83.389326
    }
  ]
}
