{
  "fio version" : "fio-3.33",
  "timestamp" : 1754305530,
  "timestamp_ms" : 1754305530151,
  "time" : "Mon Aug  4 11:05:30 2025",
  "global options" : {
    "ioengine" : "libaio",
    "direct" : "1",
    "time_based" : "1",
    "runtime" : "720",
    "group_reporting" : "1"
  },
  "jobs" : [
    {
      "jobname" : "rocksdb-wal",
      "groupid" : 0,
      "error" : 0,
      "eta" : 0,
      "elapsed" : 721,
      "job options" : {
        "name" : "rocksdb-compaction-write",
        "ioengine" : "libaio",
        "rw" : "write",
        "bs" : "1M",
        "size" : "50G",
        "iodepth" : "8",
        "filename" : "/mnt/xfs/compaction_output.dat"
      },
      "read" : {
        "io_bytes" : 6800909795328,
        "io_kbytes" : 6641513472,
        "bw_bytes" : 9445694930,
        "bw" : 9224311,
        "iops" : 9008.116655,
        "runtime" : 720001,
        "total_ios" : 6485853,
        "short_ios" : 0,
        "drop_ios" : 0,
        "slat_ns" : {
          "min" : 5170,
          "max" : 217602,
          "mean" : 11751.752090,
          "stddev" : 4050.201550,
          "N" : 6485853
        },
        "clat_ns" : {
          "min" : 137911,
          "max" : 1754881,
          "mean" : 431994.667187,
          "stddev" : 74495.225100,
          "N" : 6485853,
          "percentile" : {
            "1.000000" : 284672,
            "5.000000" : 366592,
            "10.000000" : 378880,
            "20.000000" : 387072,
            "30.000000" : 391168,
            "40.000000" : 399360,
            "50.000000" : 407552,
            "60.000000" : 419840,
            "70.000000" : 448512,
            "80.000000" : 493568,
            "90.000000" : 528384,
            "95.000000" : 544768,
            "99.000000" : 585728,
            "99.500000" : 700416,
            "99.900000" : 1204224,
            "99.950000" : 1253376,
            "99.990000" : 1335296
          }
        },
        "lat_ns" : {
          "min" : 143621,
          "max" : 1766001,
          "mean" : 443746.419277,
          "stddev" : 74516.268249,
          "N" : 6485853
        },
        "bw_min" : 8878080,
        "bw_max" : 10141696,
        "bw_agg" : 100.000000,
        "bw_mean" : 9228291.004864,
        "bw_dev" : 181535.248723,
        "bw_samples" : 1439,
        "iops_min" : 8670,
        "iops_max" : 9904,
        "iops_mean" : 9011.928423,
        "iops_stddev" : 177.293553,
        "iops_samples" : 1439
      },
      "write" : {
        "io_bytes" : 2679221141504,
        "io_kbytes" : 2616426896,
        "bw_bytes" : 3721130137,
        "bw" : 3633916,
        "iops" : 14899.648890,
        "runtime" : 720002,
        "total_ios" : 10727777,
        "short_ios" : 0,
        "drop_ios" : 0,
        "slat_ns" : {
          "min" : 1721,
          "max" : 477703,
          "mean" : 5845.940205,
          "stddev" : 6107.273302,
          "N" : 10463088
        },
        "clat_ns" : {
          "min" : 14960,
          "max" : 15537314,
          "mean" : 2745684.727021,
          "stddev" : 497711.882234,
          "N" : 10727777,
          "percentile" : {
            "1.000000" : 2211840,
            "5.000000" : 2310144,
            "10.000000" : 2375680,
            "20.000000" : 2473984,
            "30.000000" : 2539520,
            "40.000000" : 2605056,
            "50.000000" : 2670592,
            "60.000000" : 2736128,
            "70.000000" : 2801664,
            "80.000000" : 2867200,
            "90.000000" : 3096576,
            "95.000000" : 3489792,
            "99.000000" : 4423680,
            "99.500000" : 4685824,
            "99.900000" : 9502720,
            "99.950000" : 10682368,
            "99.990000" : 12517376
          }
        },
        "lat_ns" : {
          "min" : 15030,
          "max" : 15553985,
          "mean" : 2751390.246458,
          "stddev" : 498201.326558,
          "N" : 10727777
        },
        "bw_min" : 3183040,
        "bw_max" : 3984832,
        "bw_agg" : 100.000000,
        "bw_mean" : 3635371.757470,
        "bw_dev" : 64101.019046,
        "bw_samples" : 5756,
        "iops_min" : 13138,
        "iops_max" : 16330,
        "iops_mean" : 14905.305768,
        "iops_stddev" : 188.479863,
        "iops_samples" : 5756
      },
      "trim" : {
        "io_bytes" : 0,
        "io_kbytes" : 0,
        "bw_bytes" : 0,
        "bw" : 0,
        "iops" : 0.000000,
        "runtime" : 0,
        "total_ios" : 0,
        "short_ios" : 0,
        "drop_ios" : 0,
        "slat_ns" : {
          "min" : 0,
          "max" : 0,
          "mean" : 0.000000,
          "stddev" : 0.000000,
          "N" : 0
        },
        "clat_ns" : {
          "min" : 0,
          "max" : 0,
          "mean" : 0.000000,
          "stddev" : 0.000000,
          "N" : 0
        },
        "lat_ns" : {
          "min" : 0,
          "max" : 0,
          "mean" : 0.000000,
          "stddev" : 0.000000,
          "N" : 0
        },
        "bw_min" : 0,
        "bw_max" : 0,
        "bw_agg" : 0.000000,
        "bw_mean" : 0.000000,
        "bw_dev" : 0.000000,
        "bw_samples" : 0,
        "iops_min" : 0,
        "iops_max" : 0,
        "iops_mean" : 0.000000,
        "iops_stddev" : 0.000000,
        "iops_samples" : 0
      },
      "sync" : {
        "total_ios" : 0,
        "lat_ns" : {
          "min" : 0,
          "max" : 0,
          "mean" : 0.000000,
          "stddev" : 0.000000,
          "N" : 0
        }
      },
      "job_runtime" : 3600004,
      "usr_cpu" : 0.864610,
      "sys_cpu" : 4.011718,
      "ctx" : 15995661,
      "majf" : 0,
      "minf" : 571,
      "iodepth_level" : {
        "1" : 1.537694,
        "2" : 0.100000,
        "4" : 37.678642,
        "8" : 11.755237,
        "16" : 49.028380,
        "32" : 0.000000,
        ">=64" : 0.000000
      },
      "iodepth_submit" : {
        "0" : 0.000000,
        "4" : 100.000000,
        "8" : 0.000000,
        "16" : 0.000000,
        "32" : 0.000000,
        "64" : 0.000000,
        ">=64" : 0.000000
      },
      "iodepth_complete" : {
        "0" : 0.000000,
        "4" : 99.999983,
        "8" : 0.100000,
        "16" : 0.100000,
        "32" : 0.000000,
        "64" : 0.000000,
        ">=64" : 0.000000
      },
      "latency_ns" : {
        "2" : 0.000000,
        "4" : 0.000000,
        "10" : 0.000000,
        "20" : 0.000000,
        "50" : 0.000000,
        "100" : 0.000000,
        "250" : 0.000000,
        "500" : 0.000000,
        "750" : 0.000000,
        "1000" : 0.000000
      },
      "latency_us" : {
        "2" : 0.000000,
        "4" : 0.000000,
        "10" : 0.000000,
        "20" : 0.010000,
        "50" : 0.010000,
        "100" : 0.010000,
        "250" : 0.010000,
        "500" : 30.600617,
        "750" : 6.906661,
        "1000" : 0.066198
      },
      "latency_ms" : {
        "2" : 0.109239,
        "4" : 60.880413,
        "10" : 1.383566,
        "20" : 0.048711,
        "50" : 0.000000,
        "100" : 0.000000,
        "250" : 0.000000,
        "500" : 0.000000,
        "750" : 0.000000,
        "1000" : 0.000000,
        "2000" : 0.000000,
        ">=2000" : 0.000000
      },
      "latency_depth" : 8,
      "latency_target" : 0,
      "latency_percentile" : 100.000000,
      "latency_window" : 0
    }
  ],
  "disk_util" : [
    {
      "name" : "nvme2n1",
      "read_ios" : 51877377,
      "write_ios" : 24887194,
      "read_merges" : 760,
      "write_merges" : 298,
      "read_ticks" : 18559837,
      "write_ticks" : 67456028,
      "in_queue" : 86015865,
      "util" : 87.764412
    }
  ]
}
