{
  "fio version" : "fio-3.33",
  "timestamp" : 1754306250,
  "timestamp_ms" : 1754306250495,
  "time" : "Mon Aug  4 11:17:30 2025",
  "global options" : {
    "ioengine" : "libaio",
    "direct" : "1",
    "thread" : "1",
    "group_reporting" : "1",
    "time_based" : "1",
    "runtime" : "720"
  },
  "jobs" : [
    {
      "jobname" : "solana-snapshot-write",
      "groupid" : 0,
      "error" : 0,
      "eta" : 0,
      "elapsed" : 721,
      "job options" : {
        "name" : "solana-snapshot-write",
        "rw" : "write",
        "bs" : "1M",
        "size" : "100G",
        "iodepth" : "4",
        "filename" : "/mnt/ext4/snapshot.dat"
      },
      "read" : {
        "io_bytes" : 0,
        "io_kbytes" : 0,
        "bw_bytes" : 0,
        "bw" : 0,
        "iops" : 0.000000,
        "runtime" : 0,
        "total_ios" : 0,
        "short_ios" : 0,
        "drop_ios" : 0,
        "slat_ns" : {
          "min" : 0,
          "max" : 0,
          "mean" : 0.000000,
          "stddev" : 0.000000,
          "N" : 0
        },
        "clat_ns" : {
          "min" : 0,
          "max" : 0,
          "mean" : 0.000000,
          "stddev" : 0.000000,
          "N" : 0
        },
        "lat_ns" : {
          "min" : 0,
          "max" : 0,
          "mean" : 0.000000,
          "stddev" : 0.000000,
          "N" : 0
        },
        "bw_min" : 0,
        "bw_max" : 0,
        "bw_agg" : 0.000000,
        "bw_mean" : 0.000000,
        "bw_dev" : 0.000000,
        "bw_samples" : 0,
        "iops_min" : 0,
        "iops_max" : 0,
        "iops_mean" : 0.000000,
        "iops_stddev" : 0.000000,
        "iops_samples" : 0
      },
      "write" : {
        "io_bytes" : 4492340756480,
        "io_kbytes" : 4387051520,
        "bw_bytes" : 6239353496,
        "bw" : 6093118,
        "iops" : 5950.311180,
        "runtime" : 720001,
        "total_ios" : 4284230,
        "short_ios" : 0,
        "drop_ios" : 0,
        "slat_ns" : {
          "min" : 8110,
          "max" : 190002,
          "mean" : 19659.489369,
          "stddev" : 5928.039420,
          "N" : 4284230
        },
        "clat_ns" : {
          "min" : 74421,
          "max" : 3469191,
          "mean" : 652235.794245,
          "stddev" : 213289.849789,
          "N" : 4284230,
          "percentile" : {
            "1.000000" : 292864,
            "5.000000" : 337920,
            "10.000000" : 378880,
            "20.000000" : 460800,
            "30.000000" : 528384,
            "40.000000" : 593920,
            "50.000000" : 643072,
            "60.000000" : 675840,
            "70.000000" : 741376,
            "80.000000" : 831488,
            "90.000000" : 946176,
            "95.000000" : 1019904,
            "99.000000" : 1171456,
            "99.500000" : 1318912,
            "99.900000" : 1679360,
            "99.950000" : 1875968,
            "99.990000" : 2539520
          }
        },
        "lat_ns" : {
          "min" : 94311,
          "max" : 3492331,
          "mean" : 671895.283614,
          "stddev" : 212989.576038,
          "N" : 4284230
        },
        "bw_min" : 5787648,
        "bw_max" : 6408192,
        "bw_agg" : 100.000000,
        "bw_mean" : 6095483.847811,
        "bw_dev" : 119680.988827,
        "bw_samples" : 1439,
        "iops_min" : 5652,
        "iops_max" : 6258,
        "iops_mean" : 5952.567755,
        "iops_stddev" : 116.897198,
        "iops_samples" : 1439
      },
      "trim" : {
        "io_bytes" : 0,
        "io_kbytes" : 0,
        "bw_bytes" : 0,
        "bw" : 0,
        "iops" : 0.000000,
        "runtime" : 0,
        "total_ios" : 0,
        "short_ios" : 0,
        "drop_ios" : 0,
        "slat_ns" : {
          "min" : 0,
          "max" : 0,
          "mean" : 0.000000,
          "stddev" : 0.000000,
          "N" : 0
        },
        "clat_ns" : {
          "min" : 0,
          "max" : 0,
          "mean" : 0.000000,
          "stddev" : 0.000000,
          "N" : 0
        },
        "lat_ns" : {
          "min" : 0,
          "max" : 0,
          "mean" : 0.000000,
          "stddev" : 0.000000,
          "N" : 0
        },
        "bw_min" : 0,
        "bw_max" : 0,
        "bw_agg" : 0.000000,
        "bw_mean" : 0.000000,
        "bw_dev" : 0.000000,
        "bw_samples" : 0,
        "iops_min" : 0,
        "iops_max" : 0,
        "iops_mean" : 0.000000,
        "iops_stddev" : 0.000000,
        "iops_samples" : 0
      },
      "sync" : {
        "total_ios" : 0,
        "lat_ns" : {
          "min" : 0,
          "max" : 0,
          "mean" : 0.000000,
          "stddev" : 0.000000,
          "N" : 0
        }
      },
      "job_runtime" : 720000,
      "usr_cpu" : 3.631806,
      "sys_cpu" : 9.015556,
      "ctx" : 4286152,
      "majf" : 0,
      "minf" : 1,
      "iodepth_level" : {
        "1" : 0.100000,
        "2" : 0.100000,
        "4" : 99.999930,
        "8" : 0.000000,
        "16" : 0.000000,
        "32" : 0.000000,
        ">=64" : 0.000000
      },
      "iodepth_submit" : {
        "0" : 0.000000,
        "4" : 100.000000,
        "8" : 0.000000,
        "16" : 0.000000,
        "32" : 0.000000,
        "64" : 0.000000,
        ">=64" : 0.000000
      },
      "iodepth_complete" : {
        "0" : 0.000000,
        "4" : 100.000000,
        "8" : 0.000000,
        "16" : 0.000000,
        "32" : 0.000000,
        "64" : 0.000000,
        ">=64" : 0.000000
      },
      "latency_ns" : {
        "2" : 0.000000,
        "4" : 0.000000,
        "10" : 0.000000,
        "20" : 0.000000,
        "50" : 0.000000,
        "100" : 0.000000,
        "250" : 0.000000,
        "500" : 0.000000,
        "750" : 0.000000,
        "1000" : 0.000000
      },
      "latency_us" : {
        "2" : 0.000000,
        "4" : 0.000000,
        "10" : 0.000000,
        "20" : 0.000000,
        "50" : 0.000000,
        "100" : 0.010000,
        "250" : 0.010000,
        "500" : 25.251842,
        "750" : 45.452532,
        "1000" : 23.238482
      },
      "latency_ms" : {
        "2" : 6.011629,
        "4" : 0.038280,
        "10" : 0.000000,
        "20" : 0.000000,
        "50" : 0.000000,
        "100" : 0.000000,
        "250" : 0.000000,
        "500" : 0.000000,
        "750" : 0.000000,
        "1000" : 0.000000,
        "2000" : 0.000000,
        ">=2000" : 0.000000
      },
      "latency_depth" : 4,
      "latency_target" : 0,
      "latency_percentile" : 100.000000,
      "latency_window" : 0
    }
  ],
  "disk_util" : [
    {
      "name" : "nvme0n1",
      "read_ios" : 0,
      "write_ios" : 34268588,
      "read_merges" : 0,
      "write_merges" : 1345,
      "read_ticks" : 0,
      "write_ticks" : 20019726,
      "in_queue" : 20019726,
      "util" : 94.483358
    }
  ]
}
