{
  "fio version" : "fio-3.33",
  "timestamp" : 1754293806,
  "timestamp_ms" : 1754293806734,
  "time" : "Mon Aug  4 07:50:06 2025",
  "global options" : {
    "ioengine" : "libaio",
    "direct" : "1",
    "thread" : "1",
    "group_reporting" : "1",
    "time_based" : "1",
    "runtime" : "720"
  },
  "jobs" : [
    {
      "jobname" : "solana-snapshot-write",
      "groupid" : 0,
      "error" : 0,
      "eta" : 0,
      "elapsed" : 721,
      "job options" : {
        "name" : "solana-snapshot-write",
        "rw" : "write",
        "bs" : "1M",
        "size" : "100G",
        "iodepth" : "4",
        "filename" : "/mnt/ext4/snapshot.dat"
      },
      "read" : {
        "io_bytes" : 0,
        "io_kbytes" : 0,
        "bw_bytes" : 0,
        "bw" : 0,
        "iops" : 0.000000,
        "runtime" : 0,
        "total_ios" : 0,
        "short_ios" : 0,
        "drop_ios" : 0,
        "slat_ns" : {
          "min" : 0,
          "max" : 0,
          "mean" : 0.000000,
          "stddev" : 0.000000,
          "N" : 0
        },
        "clat_ns" : {
          "min" : 0,
          "max" : 0,
          "mean" : 0.000000,
          "stddev" : 0.000000,
          "N" : 0
        },
        "lat_ns" : {
          "min" : 0,
          "max" : 0,
          "mean" : 0.000000,
          "stddev" : 0.000000,
          "N" : 0
        },
        "bw_min" : 0,
        "bw_max" : 0,
        "bw_agg" : 0.000000,
        "bw_mean" : 0.000000,
        "bw_dev" : 0.000000,
        "bw_samples" : 0,
        "iops_min" : 0,
        "iops_max" : 0,
        "iops_mean" : 0.000000,
        "iops_stddev" : 0.000000,
        "iops_samples" : 0
      },
      "write" : {
        "io_bytes" : 4483271622656,
        "io_kbytes" : 4378194944,
        "bw_bytes" : 6226757494,
        "bw" : 6080817,
        "iops" : 5938.298697,
        "runtime" : 720001,
        "total_ios" : 4275581,
        "short_ios" : 0,
        "drop_ios" : 0,
        "slat_ns" : {
          "min" : 12810,
          "max" : 2820988,
          "mean" : 19668.959709,
          "stddev" : 3558.891527,
          "N" : 4275581
        },
        "clat_ns" : {
          "min" : 73571,
          "max" : 4011935,
          "mean" : 653351.581769,
          "stddev" : 214004.995700,
          "N" : 4275581,
          "percentile" : {
            "1.000000" : 296960,
            "5.000000" : 337920,
            "10.000000" : 374784,
            "20.000000" : 460800,
            "30.000000" : 528384,
            "40.000000" : 593920,
            "50.000000" : 643072,
            "60.000000" : 675840,
            "70.000000" : 749568,
            "80.000000" : 831488,
            "90.000000" : 954368,
            "95.000000" : 1019904,
            "99.000000" : 1171456,
            "99.500000" : 1302528,
            "99.900000" : 1679360,
            "99.950000" : 1892352,
            "99.990000" : 2539520
          }
        },
        "lat_ns" : {
          "min" : 96821,
          "max" : 4031635,
          "mean" : 673020.541478,
          "stddev" : 213713.053563,
          "N" : 4275581
        },
        "bw_min" : 5812224,
        "bw_max" : 6385664,
        "bw_agg" : 100.000000,
        "bw_mean" : 6084279.053509,
        "bw_dev" : 116652.662861,
        "bw_samples" : 1439,
        "iops_min" : 5676,
        "iops_max" : 6236,
        "iops_mean" : 5941.569145,
        "iops_stddev" : 113.940688,
        "iops_samples" : 1439
      },
      "trim" : {
        "io_bytes" : 0,
        "io_kbytes" : 0,
        "bw_bytes" : 0,
        "bw" : 0,
        "iops" : 0.000000,
        "runtime" : 0,
        "total_ios" : 0,
        "short_ios" : 0,
        "drop_ios" : 0,
        "slat_ns" : {
          "min" : 0,
          "max" : 0,
          "mean" : 0.000000,
          "stddev" : 0.000000,
          "N" : 0
        },
        "clat_ns" : {
          "min" : 0,
          "max" : 0,
          "mean" : 0.000000,
          "stddev" : 0.000000,
          "N" : 0
        },
        "lat_ns" : {
          "min" : 0,
          "max" : 0,
          "mean" : 0.000000,
          "stddev" : 0.000000,
          "N" : 0
        },
        "bw_min" : 0,
        "bw_max" : 0,
        "bw_agg" : 0.000000,
        "bw_mean" : 0.000000,
        "bw_dev" : 0.000000,
        "bw_samples" : 0,
        "iops_min" : 0,
        "iops_max" : 0,
        "iops_mean" : 0.000000,
        "iops_stddev" : 0.000000,
        "iops_samples" : 0
      },
      "sync" : {
        "total_ios" : 0,
        "lat_ns" : {
          "min" : 0,
          "max" : 0,
          "mean" : 0.000000,
          "stddev" : 0.000000,
          "N" : 0
        }
      },
      "job_runtime" : 720000,
      "usr_cpu" : 5.717361,
      "sys_cpu" : 7.522639,
      "ctx" : 4277237,
      "majf" : 0,
      "minf" : 1,
      "iodepth_level" : {
        "1" : 0.100000,
        "2" : 0.100000,
        "4" : 99.999930,
        "8" : 0.000000,
        "16" : 0.000000,
        "32" : 0.000000,
        ">=64" : 0.000000
      },
      "iodepth_submit" : {
        "0" : 0.000000,
        "4" : 100.000000,
        "8" : 0.000000,
        "16" : 0.000000,
        "32" : 0.000000,
        "64" : 0.000000,
        ">=64" : 0.000000
      },
      "iodepth_complete" : {
        "0" : 0.000000,
        "4" : 100.000000,
        "8" : 0.000000,
        "16" : 0.000000,
        "32" : 0.000000,
        "64" : 0.000000,
        ">=64" : 0.000000
      },
      "latency_ns" : {
        "2" : 0.000000,
        "4" : 0.000000,
        "10" : 0.000000,
        "20" : 0.000000,
        "50" : 0.000000,
        "100" : 0.000000,
        "250" : 0.000000,
        "500" : 0.000000,
        "750" : 0.000000,
        "1000" : 0.000000
      },
      "latency_us" : {
        "2" : 0.000000,
        "4" : 0.000000,
        "10" : 0.000000,
        "20" : 0.000000,
        "50" : 0.000000,
        "100" : 0.010000,
        "250" : 0.010000,
        "500" : 25.470761,
        "750" : 44.889455,
        "1000" : 23.451433
      },
      "latency_ms" : {
        "2" : 6.143095,
        "4" : 0.038030,
        "10" : 0.010000,
        "20" : 0.000000,
        "50" : 0.000000,
        "100" : 0.000000,
        "250" : 0.000000,
        "500" : 0.000000,
        "750" : 0.000000,
        "1000" : 0.000000,
        "2000" : 0.000000,
        ">=2000" : 0.000000
      },
      "latency_depth" : 4,
      "latency_target" : 0,
      "latency_percentile" : 100.000000,
      "latency_window" : 0
    }
  ],
  "disk_util" : [
    {
      "name" : "nvme0n1",
      "read_ios" : 0,
      "write_ios" : 34200015,
      "read_merges" : 0,
      "write_merges" : 1320,
      "read_ticks" : 0,
      "write_ticks" : 19952449,
      "in_queue" : 19952449,
      "util" : 95.345327
    }
  ]
}
