{
  "fio version" : "fio-3.33",
  "timestamp" : 1754306970,
  "timestamp_ms" : 1754306970821,
  "time" : "Mon Aug  4 11:29:30 2025",
  "global options" : {
    "ioengine" : "libaio",
    "direct" : "1",
    "thread" : "1",
    "group_reporting" : "1",
    "time_based" : "1",
    "runtime" : "720"
  },
  "jobs" : [
    {
      "jobname" : "solana-snapshot-write",
      "groupid" : 0,
      "error" : 0,
      "eta" : 0,
      "elapsed" : 721,
      "job options" : {
        "name" : "solana-snapshot-write",
        "rw" : "write",
        "bs" : "1M",
        "size" : "100G",
        "iodepth" : "4",
        "filename" : "/mnt/xfs/snapshot.dat"
      },
      "read" : {
        "io_bytes" : 0,
        "io_kbytes" : 0,
        "bw_bytes" : 0,
        "bw" : 0,
        "iops" : 0.000000,
        "runtime" : 0,
        "total_ios" : 0,
        "short_ios" : 0,
        "drop_ios" : 0,
        "slat_ns" : {
          "min" : 0,
          "max" : 0,
          "mean" : 0.000000,
          "stddev" : 0.000000,
          "N" : 0
        },
        "clat_ns" : {
          "min" : 0,
          "max" : 0,
          "mean" : 0.000000,
          "stddev" : 0.000000,
          "N" : 0
        },
        "lat_ns" : {
          "min" : 0,
          "max" : 0,
          "mean" : 0.000000,
          "stddev" : 0.000000,
          "N" : 0
        },
        "bw_min" : 0,
        "bw_max" : 0,
        "bw_agg" : 0.000000,
        "bw_mean" : 0.000000,
        "bw_dev" : 0.000000,
        "bw_samples" : 0,
        "iops_min" : 0,
        "iops_max" : 0,
        "iops_mean" : 0.000000,
        "iops_stddev" : 0.000000,
        "iops_samples" : 0
      },
      "write" : {
        "io_bytes" : 4518948372480,
        "io_kbytes" : 4413035520,
        "bw_bytes" : 6276308466,
        "bw" : 6129207,
        "iops" : 5985.554187,
        "runtime" : 720001,
        "total_ios" : 4309605,
        "short_ios" : 0,
        "drop_ios" : 0,
        "slat_ns" : {
          "min" : 7880,
          "max" : 4251578,
          "mean" : 18149.057119,
          "stddev" : 5137.878936,
          "N" : 4309605
        },
        "clat_ns" : {
          "min" : 76311,
          "max" : 4789729,
          "mean" : 649793.963983,
          "stddev" : 188379.373364,
          "N" : 4309605,
          "percentile" : {
            "1.000000" : 292864,
            "5.000000" : 370688,
            "10.000000" : 428032,
            "20.000000" : 505856,
            "30.000000" : 552960,
            "40.000000" : 593920,
            "50.000000" : 634880,
            "60.000000" : 684032,
            "70.000000" : 724992,
            "80.000000" : 782336,
            "90.000000" : 872448,
            "95.000000" : 962560,
            "99.000000" : 1122304,
            "99.500000" : 1253376,
            "99.900000" : 1712128,
            "99.950000" : 2408448,
            "99.990000" : 4112384
          }
        },
        "lat_ns" : {
          "min" : 93971,
          "max" : 4805799,
          "mean" : 667943.021102,
          "stddev" : 188154.453971,
          "N" : 4309605
        },
        "bw_min" : 5851136,
        "bw_max" : 6422528,
        "bw_agg" : 100.000000,
        "bw_mean" : 6132155.498263,
        "bw_dev" : 116241.216598,
        "bw_samples" : 1439,
        "iops_min" : 5714,
        "iops_max" : 6272,
        "iops_mean" : 5988.372481,
        "iops_stddev" : 113.544114,
        "iops_samples" : 1439
      },
      "trim" : {
        "io_bytes" : 0,
        "io_kbytes" : 0,
        "bw_bytes" : 0,
        "bw" : 0,
        "iops" : 0.000000,
        "runtime" : 0,
        "total_ios" : 0,
        "short_ios" : 0,
        "drop_ios" : 0,
        "slat_ns" : {
          "min" : 0,
          "max" : 0,
          "mean" : 0.000000,
          "stddev" : 0.000000,
          "N" : 0
        },
        "clat_ns" : {
          "min" : 0,
          "max" : 0,
          "mean" : 0.000000,
          "stddev" : 0.000000,
          "N" : 0
        },
        "lat_ns" : {
          "min" : 0,
          "max" : 0,
          "mean" : 0.000000,
          "stddev" : 0.000000,
          "N" : 0
        },
        "bw_min" : 0,
        "bw_max" : 0,
        "bw_agg" : 0.000000,
        "bw_mean" : 0.000000,
        "bw_dev" : 0.000000,
        "bw_samples" : 0,
        "iops_min" : 0,
        "iops_max" : 0,
        "iops_mean" : 0.000000,
        "iops_stddev" : 0.000000,
        "iops_samples" : 0
      },
      "sync" : {
        "total_ios" : 0,
        "lat_ns" : {
          "min" : 0,
          "max" : 0,
          "mean" : 0.000000,
          "stddev" : 0.000000,
          "N" : 0
        }
      },
      "job_runtime" : 720000,
      "usr_cpu" : 3.614583,
      "sys_cpu" : 8.172500,
      "ctx" : 4311119,
      "majf" : 0,
      "minf" : 1,
      "iodepth_level" : {
        "1" : 0.100000,
        "2" : 0.100000,
        "4" : 99.999930,
        "8" : 0.000000,
        "16" : 0.000000,
        "32" : 0.000000,
        ">=64" : 0.000000
      },
      "iodepth_submit" : {
        "0" : 0.000000,
        "4" : 100.000000,
        "8" : 0.000000,
        "16" : 0.000000,
        "32" : 0.000000,
        "64" : 0.000000,
        ">=64" : 0.000000
      },
      "iodepth_complete" : {
        "0" : 0.000000,
        "4" : 100.000000,
        "8" : 0.000000,
        "16" : 0.000000,
        "32" : 0.000000,
        "64" : 0.000000,
        ">=64" : 0.000000
      },
      "latency_ns" : {
        "2" : 0.000000,
        "4" : 0.000000,
        "10" : 0.000000,
        "20" : 0.000000,
        "50" : 0.000000,
        "100" : 0.000000,
        "250" : 0.000000,
        "500" : 0.000000,
        "750" : 0.000000,
        "1000" : 0.000000
      },
      "latency_us" : {
        "2" : 0.000000,
        "4" : 0.000000,
        "10" : 0.000000,
        "20" : 0.000000,
        "50" : 0.000000,
        "100" : 0.010000,
        "250" : 0.010000,
        "500" : 19.204011,
        "750" : 55.209561,
        "1000" : 22.222385
      },
      "latency_ms" : {
        "2" : 3.292320,
        "4" : 0.050840,
        "10" : 0.014827,
        "20" : 0.000000,
        "50" : 0.000000,
        "100" : 0.000000,
        "250" : 0.000000,
        "500" : 0.000000,
        "750" : 0.000000,
        "1000" : 0.000000,
        "2000" : 0.000000,
        ">=2000" : 0.000000
      },
      "latency_depth" : 4,
      "latency_target" : 0,
      "latency_percentile" : 100.000000,
      "latency_window" : 0
    }
  ],
  "disk_util" : [
    {
      "name" : "nvme2n1",
      "read_ios" : 0,
      "write_ios" : 34471918,
      "read_merges" : 0,
      "write_merges" : 505,
      "read_ticks" : 0,
      "write_ticks" : 20020491,
      "in_queue" : 20020491,
      "util" : 94.863892
    }
  ]
}
