{
  "fio version" : "fio-3.33",
  "timestamp" : 1754294527,
  "timestamp_ms" : 1754294527086,
  "time" : "Mon Aug  4 08:02:07 2025",
  "global options" : {
    "ioengine" : "libaio",
    "direct" : "1",
    "thread" : "1",
    "group_reporting" : "1",
    "time_based" : "1",
    "runtime" : "720"
  },
  "jobs" : [
    {
      "jobname" : "solana-snapshot-write",
      "groupid" : 0,
      "error" : 0,
      "eta" : 0,
      "elapsed" : 721,
      "job options" : {
        "name" : "solana-snapshot-write",
        "rw" : "write",
        "bs" : "1M",
        "size" : "100G",
        "iodepth" : "4",
        "filename" : "/mnt/xfs/snapshot.dat"
      },
      "read" : {
        "io_bytes" : 0,
        "io_kbytes" : 0,
        "bw_bytes" : 0,
        "bw" : 0,
        "iops" : 0.000000,
        "runtime" : 0,
        "total_ios" : 0,
        "short_ios" : 0,
        "drop_ios" : 0,
        "slat_ns" : {
          "min" : 0,
          "max" : 0,
          "mean" : 0.000000,
          "stddev" : 0.000000,
          "N" : 0
        },
        "clat_ns" : {
          "min" : 0,
          "max" : 0,
          "mean" : 0.000000,
          "stddev" : 0.000000,
          "N" : 0
        },
        "lat_ns" : {
          "min" : 0,
          "max" : 0,
          "mean" : 0.000000,
          "stddev" : 0.000000,
          "N" : 0
        },
        "bw_min" : 0,
        "bw_max" : 0,
        "bw_agg" : 0.000000,
        "bw_mean" : 0.000000,
        "bw_dev" : 0.000000,
        "bw_samples" : 0,
        "iops_min" : 0,
        "iops_max" : 0,
        "iops_mean" : 0.000000,
        "iops_stddev" : 0.000000,
        "iops_samples" : 0
      },
      "write" : {
        "io_bytes" : 4513434959872,
        "io_kbytes" : 4407651328,
        "bw_bytes" : 6268650960,
        "bw" : 6121729,
        "iops" : 5978.251419,
        "runtime" : 720001,
        "total_ios" : 4304347,
        "short_ios" : 0,
        "drop_ios" : 0,
        "slat_ns" : {
          "min" : 8150,
          "max" : 2939111,
          "mean" : 27156.238979,
          "stddev" : 6869.182775,
          "N" : 4304347
        },
        "clat_ns" : {
          "min" : 77680,
          "max" : 5244287,
          "mean" : 641222.297551,
          "stddev" : 189770.676912,
          "N" : 4304347,
          "percentile" : {
            "1.000000" : 301056,
            "5.000000" : 358400,
            "10.000000" : 415744,
            "20.000000" : 493568,
            "30.000000" : 544768,
            "40.000000" : 585728,
            "50.000000" : 626688,
            "60.000000" : 667648,
            "70.000000" : 716800,
            "80.000000" : 774144,
            "90.000000" : 872448,
            "95.000000" : 954368,
            "99.000000" : 1105920,
            "99.500000" : 1253376,
            "99.900000" : 1695744,
            "99.950000" : 2408448,
            "99.990000" : 4112384
          }
        },
        "lat_ns" : {
          "min" : 103271,
          "max" : 5274047,
          "mean" : 668378.536529,
          "stddev" : 189292.792382,
          "N" : 4304347
        },
        "bw_min" : 5820416,
        "bw_max" : 6390252,
        "bw_agg" : 100.000000,
        "bw_mean" : 6124908.774844,
        "bw_dev" : 120246.502731,
        "bw_samples" : 1439,
        "iops_min" : 5684,
        "iops_max" : 6240,
        "iops_mean" : 5981.280056,
        "iops_stddev" : 117.466440,
        "iops_samples" : 1439
      },
      "trim" : {
        "io_bytes" : 0,
        "io_kbytes" : 0,
        "bw_bytes" : 0,
        "bw" : 0,
        "iops" : 0.000000,
        "runtime" : 0,
        "total_ios" : 0,
        "short_ios" : 0,
        "drop_ios" : 0,
        "slat_ns" : {
          "min" : 0,
          "max" : 0,
          "mean" : 0.000000,
          "stddev" : 0.000000,
          "N" : 0
        },
        "clat_ns" : {
          "min" : 0,
          "max" : 0,
          "mean" : 0.000000,
          "stddev" : 0.000000,
          "N" : 0
        },
        "lat_ns" : {
          "min" : 0,
          "max" : 0,
          "mean" : 0.000000,
          "stddev" : 0.000000,
          "N" : 0
        },
        "bw_min" : 0,
        "bw_max" : 0,
        "bw_agg" : 0.000000,
        "bw_mean" : 0.000000,
        "bw_dev" : 0.000000,
        "bw_samples" : 0,
        "iops_min" : 0,
        "iops_max" : 0,
        "iops_mean" : 0.000000,
        "iops_stddev" : 0.000000,
        "iops_samples" : 0
      },
      "sync" : {
        "total_ios" : 0,
        "lat_ns" : {
          "min" : 0,
          "max" : 0,
          "mean" : 0.000000,
          "stddev" : 0.000000,
          "N" : 0
        }
      },
      "job_runtime" : 720000,
      "usr_cpu" : 5.833056,
      "sys_cpu" : 12.209306,
      "ctx" : 4306940,
      "majf" : 0,
      "minf" : 1,
      "iodepth_level" : {
        "1" : 0.100000,
        "2" : 0.100000,
        "4" : 99.999930,
        "8" : 0.000000,
        "16" : 0.000000,
        "32" : 0.000000,
        ">=64" : 0.000000
      },
      "iodepth_submit" : {
        "0" : 0.000000,
        "4" : 100.000000,
        "8" : 0.000000,
        "16" : 0.000000,
        "32" : 0.000000,
        "64" : 0.000000,
        ">=64" : 0.000000
      },
      "iodepth_complete" : {
        "0" : 0.000000,
        "4" : 100.000000,
        "8" : 0.000000,
        "16" : 0.000000,
        "32" : 0.000000,
        "64" : 0.000000,
        ">=64" : 0.000000
      },
      "latency_ns" : {
        "2" : 0.000000,
        "4" : 0.000000,
        "10" : 0.000000,
        "20" : 0.000000,
        "50" : 0.000000,
        "100" : 0.000000,
        "250" : 0.000000,
        "500" : 0.000000,
        "750" : 0.000000,
        "1000" : 0.000000
      },
      "latency_us" : {
        "2" : 0.000000,
        "4" : 0.000000,
        "10" : 0.000000,
        "20" : 0.000000,
        "50" : 0.000000,
        "100" : 0.010000,
        "250" : 0.029621,
        "500" : 20.985413,
        "750" : 54.823763,
        "1000" : 21.349278
      },
      "latency_ms" : {
        "2" : 2.745713,
        "4" : 0.049462,
        "10" : 0.015380,
        "20" : 0.000000,
        "50" : 0.000000,
        "100" : 0.000000,
        "250" : 0.000000,
        "500" : 0.000000,
        "750" : 0.000000,
        "1000" : 0.000000,
        "2000" : 0.000000,
        ">=2000" : 0.000000
      },
      "latency_depth" : 4,
      "latency_target" : 0,
      "latency_percentile" : 100.000000,
      "latency_window" : 0
    }
  ],
  "disk_util" : [
    {
      "name" : "nvme2n1",
      "read_ios" : 0,
      "write_ios" : 34429653,
      "read_merges" : 0,
      "write_merges" : 505,
      "read_ticks" : 0,
      "write_ticks" : 19712503,
      "in_queue" : 19712504,
      "util" : 92.697474
    }
  ]
}
