{
  "fio version" : "fio-3.33",
  "timestamp" : 1754037280,
  "timestamp_ms" : 1754037280825,
  "time" : "Fri Aug  1 08:34:40 2025",
  "global options" : {
    "ioengine" : "libaio",
    "direct" : "1",
    "thread" : "1",
    "time_based" : "1",
    "runtime" : "720",
    "group_reporting" : "1",
    "rw" : "randrw",
    "rwmixread" : "10",
    "bs" : "4k",
    "iodepth" : "1000",
    "numjobs" : "1000",
    "size" : "1M",
    "randrepeat" : "0",
    "norandommap" : "1"
  },
  "jobs" : [
    {
      "jobname" : "job1",
      "groupid" : 0,
      "error" : 0,
      "eta" : 0,
      "elapsed" : 721,
      "job options" : {
        "directory" : "/mnt/xfs"
      },
      "read" : {
        "io_bytes" : 365931335680,
        "io_kbytes" : 357354820,
        "bw_bytes" : 508189970,
        "bw" : 496279,
        "iops" : 124069.817017,
        "runtime" : 720068,
        "total_ios" : 89338705,
        "short_ios" : 0,
        "drop_ios" : 0,
        "slat_ns" : {
          "min" : 1160,
          "max" : 94342426,
          "mean" : 799419.194673,
          "stddev" : 1925344.940394,
          "N" : 89338705
        },
        "clat_ns" : {
          "min" : 49380,
          "max" : 1168840410,
          "mean" : 803545691.407450,
          "stddev" : 69661864.772398,
          "N" : 89338705,
          "percentile" : {
            "1.000000" : 658505728,
            "5.000000" : 700448768,
            "10.000000" : 717225984,
            "20.000000" : 750780416,
            "30.000000" : 767557632,
            "40.000000" : 784334848,
            "50.000000" : 801112064,
            "60.000000" : 817889280,
            "70.000000" : 834666496,
            "80.000000" : 859832320,
            "90.000000" : 893386752,
            "95.000000" : 918552576,
            "99.000000" : 960495616,
            "99.500000" : 985661440,
            "99.900000" : 1019215872,
            "99.950000" : 1035993088,
            "99.990000" : 1069547520
          }
        },
        "lat_ns" : {
          "min" : 52300,
          "max" : 1168843450,
          "mean" : 804345110.602122,
          "stddev" : 69716590.623278,
          "N" : 89338705
        },
        "bw_min" : 228072,
        "bw_max" : 916720,
        "bw_agg" : 99.951385,
        "bw_mean" : 496038.242364,
        "bw_dev" : 81.285683,
        "bw_samples" : 1434624,
        "iops_min" : 56409,
        "iops_max" : 228829,
        "iops_mean" : 123510.789440,
        "iops_stddev" : 20.399685,
        "iops_samples" : 1434624
      },
      "write" : {
        "io_bytes" : 3293216686080,
        "io_kbytes" : 3216031920,
        "bw_bytes" : 4573480124,
        "bw" : 4466289,
        "iops" : 1116572.295950,
        "runtime" : 720068,
        "total_ios" : 804007980,
        "short_ios" : 0,
        "drop_ios" : 0,
        "slat_ns" : {
          "min" : 1220,
          "max" : 107918403,
          "mean" : 804409.394756,
          "stddev" : 1930103.354536,
          "N" : 804007980
        },
        "clat_ns" : {
          "min" : 42630,
          "max" : 1178370633,
          "mean" : 805034448.667903,
          "stddev" : 69689404.264473,
          "N" : 804007980,
          "percentile" : {
            "1.000000" : 658505728,
            "5.000000" : 700448768,
            "10.000000" : 717225984,
            "20.000000" : 750780416,
            "30.000000" : 767557632,
            "40.000000" : 784334848,
            "50.000000" : 801112064,
            "60.000000" : 817889280,
            "70.000000" : 843055104,
            "80.000000" : 859832320,
            "90.000000" : 893386752,
            "95.000000" : 918552576,
            "99.000000" : 968884224,
            "99.500000" : 985661440,
            "99.900000" : 1019215872,
            "99.950000" : 1035993088,
            "99.990000" : 1069547520
          }
        },
        "lat_ns" : {
          "min" : 47380,
          "max" : 1179897132,
          "mean" : 805838858.062659,
          "stddev" : 69734148.160735,
          "N" : 804007980
        },
        "bw_min" : 2330037,
        "bw_max" : 7339562,
        "bw_agg" : 100.000000,
        "bw_mean" : 4467519.270706,
        "bw_dev" : 502.354584,
        "bw_samples" : 1434626,
        "iops_min" : 582179,
        "iops_max" : 1834459,
        "iops_mean" : 1116480.839035,
        "iops_stddev" : 125.584161,
        "iops_samples" : 1434626
      },
      "trim" : {
        "io_bytes" : 0,
        "io_kbytes" : 0,
        "bw_bytes" : 0,
        "bw" : 0,
        "iops" : 0.000000,
        "runtime" : 0,
        "total_ios" : 0,
        "short_ios" : 0,
        "drop_ios" : 0,
        "slat_ns" : {
          "min" : 0,
          "max" : 0,
          "mean" : 0.000000,
          "stddev" : 0.000000,
          "N" : 0
        },
        "clat_ns" : {
          "min" : 0,
          "max" : 0,
          "mean" : 0.000000,
          "stddev" : 0.000000,
          "N" : 0
        },
        "lat_ns" : {
          "min" : 0,
          "max" : 0,
          "mean" : 0.000000,
          "stddev" : 0.000000,
          "N" : 0
        },
        "bw_min" : 0,
        "bw_max" : 0,
        "bw_agg" : 0.000000,
        "bw_mean" : 0.000000,
        "bw_dev" : 0.000000,
        "bw_samples" : 0,
        "iops_min" : 0,
        "iops_max" : 0,
        "iops_mean" : 0.000000,
        "iops_stddev" : 0.000000,
        "iops_samples" : 0
      },
      "sync" : {
        "total_ios" : 0,
        "lat_ns" : {
          "min" : 0,
          "max" : 0,
          "mean" : 0.000000,
          "stddev" : 0.000000,
          "N" : 0
        }
      },
      "job_runtime" : 720055037,
      "usr_cpu" : 0.199302,
      "sys_cpu" : 2.560458,
      "ctx" : 1568814675,
      "majf" : 0,
      "minf" : 3787,
      "iodepth_level" : {
        "1" : 0.100000,
        "2" : 0.100000,
        "4" : 0.100000,
        "8" : 0.100000,
        "16" : 0.100000,
        "32" : 0.100000,
        ">=64" : 99.992948
      },
      "iodepth_submit" : {
        "0" : 0.000000,
        "4" : 100.000000,
        "8" : 0.000000,
        "16" : 0.000000,
        "32" : 0.000000,
        "64" : 0.000000,
        ">=64" : 0.000000
      },
      "iodepth_complete" : {
        "0" : 0.000000,
        "4" : 99.999888,
        "8" : 0.000000,
        "16" : 0.000000,
        "32" : 0.000000,
        "64" : 0.000000,
        ">=64" : 0.100000
      },
      "latency_ns" : {
        "2" : 0.000000,
        "4" : 0.000000,
        "10" : 0.000000,
        "20" : 0.000000,
        "50" : 0.000000,
        "100" : 0.000000,
        "250" : 0.000000,
        "500" : 0.000000,
        "750" : 0.000000,
        "1000" : 0.000000
      },
      "latency_us" : {
        "2" : 0.000000,
        "4" : 0.000000,
        "10" : 0.000000,
        "20" : 0.000000,
        "50" : 0.010000,
        "100" : 0.010000,
        "250" : 0.010000,
        "500" : 0.010000,
        "750" : 0.010000,
        "1000" : 0.010000
      },
      "latency_ms" : {
        "2" : 0.010000,
        "4" : 0.010000,
        "10" : 0.010000,
        "20" : 0.010000,
        "50" : 0.010000,
        "100" : 0.018442,
        "250" : 0.035238,
        "500" : 0.044487,
        "750" : 20.460238,
        "1000" : 79.168130,
        "2000" : 0.255898,
        ">=2000" : 0.000000
      },
      "latency_depth" : 1000,
      "latency_target" : 0,
      "latency_percentile" : 100.000000,
      "latency_window" : 0
    }
  ],
  "disk_util" : [
    {
      "name" : "nvme2n1",
      "read_ios" : 89318308,
      "write_ios" : 803824060,
      "read_merges" : 0,
      "write_merges" : 0,
      "read_ticks" : 397092972,
      "write_ticks" : -531359588,
      "in_queue" : -134266616,
      "util" : 100.000000
    }
  ]
}
