{
  "fio version" : "fio-3.33",
  "timestamp" : 1753960403,
  "timestamp_ms" : 1753960403772,
  "time" : "Thu Jul 31 11:13:23 2025",
  "global options" : {
    "ioengine" : "libaio",
    "direct" : "1",
    "thread" : "1",
    "time_based" : "1",
    "runtime" : "720",
    "group_reporting" : "1",
    "rw" : "randrw",
    "rwmixread" : "10",
    "bs" : "4k",
    "iodepth" : "1000",
    "numjobs" : "1000",
    "size" : "1M",
    "randrepeat" : "0",
    "norandommap" : "1"
  },
  "jobs" : [
    {
      "jobname" : "job1",
      "groupid" : 0,
      "error" : 0,
      "eta" : 0,
      "elapsed" : 721,
      "job options" : {
        "directory" : "/mnt/ext4"
      },
      "read" : {
        "io_bytes" : 367024627712,
        "io_kbytes" : 358422488,
        "bw_bytes" : 509709703,
        "bw" : 497763,
        "iops" : 124440.845700,
        "runtime" : 720066,
        "total_ios" : 89605622,
        "short_ios" : 0,
        "drop_ios" : 0,
        "slat_ns" : {
          "min" : 1150,
          "max" : 100543473,
          "mean" : 789557.199879,
          "stddev" : 1918904.542938,
          "N" : 89605622
        },
        "clat_ns" : {
          "min" : 94860,
          "max" : 1240231668,
          "mean" : 801247023.792575,
          "stddev" : 73313389.024307,
          "N" : 89605622,
          "percentile" : {
            "1.000000" : 641728512,
            "5.000000" : 692060160,
            "10.000000" : 717225984,
            "20.000000" : 742391808,
            "30.000000" : 767557632,
            "40.000000" : 784334848,
            "50.000000" : 801112064,
            "60.000000" : 817889280,
            "70.000000" : 834666496,
            "80.000000" : 859832320,
            "90.000000" : 893386752,
            "95.000000" : 918552576,
            "99.000000" : 968884224,
            "99.500000" : 985661440,
            "99.900000" : 1027604480,
            "99.950000" : 1044381696,
            "99.990000" : 1082130432
          }
        },
        "lat_ns" : {
          "min" : 98360,
          "max" : 1245298631,
          "mean" : 802036580.992454,
          "stddev" : 73368890.022995,
          "N" : 89605622
        },
        "bw_min" : 225111,
        "bw_max" : 981446,
        "bw_agg" : 99.941462,
        "bw_mean" : 497472.390805,
        "bw_dev" : 82.737296,
        "bw_samples" : 1434346,
        "iops_min" : 55681,
        "iops_max" : 244991,
        "iops_mean" : 123831.753602,
        "iops_stddev" : 20.769220,
        "iops_samples" : 1434346
      },
      "write" : {
        "io_bytes" : 3302565457920,
        "io_kbytes" : 3225161580,
        "bw_bytes" : 4586476042,
        "bw" : 4478980,
        "iops" : 1119745.127530,
        "runtime" : 720066,
        "total_ios" : 806290395,
        "short_ios" : 0,
        "drop_ios" : 0,
        "slat_ns" : {
          "min" : 1280,
          "max" : 108248194,
          "mean" : 803094.464239,
          "stddev" : 2006005.413974,
          "N" : 806290395
        },
        "clat_ns" : {
          "min" : 43590,
          "max" : 1245298121,
          "mean" : 802720985.332182,
          "stddev" : 73334919.908813,
          "N" : 806290395,
          "percentile" : {
            "1.000000" : 641728512,
            "5.000000" : 692060160,
            "10.000000" : 717225984,
            "20.000000" : 742391808,
            "30.000000" : 767557632,
            "40.000000" : 784334848,
            "50.000000" : 801112064,
            "60.000000" : 817889280,
            "70.000000" : 834666496,
            "80.000000" : 859832320,
            "90.000000" : 893386752,
            "95.000000" : 918552576,
            "99.000000" : 968884224,
            "99.500000" : 994050048,
            "99.900000" : 1027604480,
            "99.950000" : 1044381696,
            "99.990000" : 1082130432
          }
        },
        "lat_ns" : {
          "min" : 46420,
          "max" : 1245841315,
          "mean" : 803524079.796422,
          "stddev" : 73381714.228269,
          "N" : 806290395
        },
        "bw_min" : 2228914,
        "bw_max" : 8333480,
        "bw_agg" : 100.000000,
        "bw_mean" : 4479947.623242,
        "bw_dev" : 519.712354,
        "bw_samples" : 1434346,
        "iops_min" : 556926,
        "iops_max" : 2082971,
        "iops_mean" : 1119567.518126,
        "iops_stddev" : 129.924095,
        "iops_samples" : 1434346
      },
      "trim" : {
        "io_bytes" : 0,
        "io_kbytes" : 0,
        "bw_bytes" : 0,
        "bw" : 0,
        "iops" : 0.000000,
        "runtime" : 0,
        "total_ios" : 0,
        "short_ios" : 0,
        "drop_ios" : 0,
        "slat_ns" : {
          "min" : 0,
          "max" : 0,
          "mean" : 0.000000,
          "stddev" : 0.000000,
          "N" : 0
        },
        "clat_ns" : {
          "min" : 0,
          "max" : 0,
          "mean" : 0.000000,
          "stddev" : 0.000000,
          "N" : 0
        },
        "lat_ns" : {
          "min" : 0,
          "max" : 0,
          "mean" : 0.000000,
          "stddev" : 0.000000,
          "N" : 0
        },
        "bw_min" : 0,
        "bw_max" : 0,
        "bw_agg" : 0.000000,
        "bw_mean" : 0.000000,
        "bw_dev" : 0.000000,
        "bw_samples" : 0,
        "iops_min" : 0,
        "iops_max" : 0,
        "iops_mean" : 0.000000,
        "iops_stddev" : 0.000000,
        "iops_samples" : 0
      },
      "sync" : {
        "total_ios" : 0,
        "lat_ns" : {
          "min" : 0,
          "max" : 0,
          "mean" : 0.000000,
          "stddev" : 0.000000,
          "N" : 0
        }
      },
      "job_runtime" : 720051343,
      "usr_cpu" : 0.194814,
      "sys_cpu" : 2.406450,
      "ctx" : 1596048075,
      "majf" : 0,
      "minf" : 3703,
      "iodepth_level" : {
        "1" : 0.100000,
        "2" : 0.100000,
        "4" : 0.100000,
        "8" : 0.100000,
        "16" : 0.100000,
        "32" : 0.100000,
        ">=64" : 99.992968
      },
      "iodepth_submit" : {
        "0" : 0.000000,
        "4" : 100.000000,
        "8" : 0.000000,
        "16" : 0.000000,
        "32" : 0.000000,
        "64" : 0.000000,
        ">=64" : 0.000000
      },
      "iodepth_complete" : {
        "0" : 0.000000,
        "4" : 99.999888,
        "8" : 0.000000,
        "16" : 0.000000,
        "32" : 0.000000,
        "64" : 0.000000,
        ">=64" : 0.100000
      },
      "latency_ns" : {
        "2" : 0.000000,
        "4" : 0.000000,
        "10" : 0.000000,
        "20" : 0.000000,
        "50" : 0.000000,
        "100" : 0.000000,
        "250" : 0.000000,
        "500" : 0.000000,
        "750" : 0.000000,
        "1000" : 0.000000
      },
      "latency_us" : {
        "2" : 0.000000,
        "4" : 0.000000,
        "10" : 0.000000,
        "20" : 0.000000,
        "50" : 0.010000,
        "100" : 0.010000,
        "250" : 0.010000,
        "500" : 0.010000,
        "750" : 0.010000,
        "1000" : 0.010000
      },
      "latency_ms" : {
        "2" : 0.010000,
        "4" : 0.010000,
        "10" : 0.010000,
        "20" : 0.010000,
        "50" : 0.010000,
        "100" : 0.020906,
        "250" : 0.040706,
        "500" : 0.086422,
        "750" : 22.160873,
        "1000" : 77.335569,
        "2000" : 0.341146,
        ">=2000" : 0.000000
      },
      "latency_depth" : 1000,
      "latency_target" : 0,
      "latency_percentile" : 100.000000,
      "latency_window" : 0
    }
  ],
  "disk_util" : [
    {
      "name" : "nvme0n1",
      "read_ios" : 89585120,
      "write_ios" : 806208575,
      "read_merges" : 0,
      "write_merges" : 0,
      "read_ticks" : 389832172,
      "write_ticks" : -603043604,
      "in_queue" : -213211432,
      "util" : 100.000000
    }
  ]
}
