{
  "fio version" : "fio-3.33",
  "timestamp" : 1753956164,
  "timestamp_ms" : 1753956164114,
  "time" : "Thu Jul 31 10:02:44 2025",
  "global options" : {
    "ioengine" : "libaio",
    "direct" : "1",
    "thread" : "1",
    "time_based" : "1",
    "runtime" : "720",
    "group_reporting" : "1",
    "rw" : "randrw",
    "rwmixread" : "10",
    "bs" : "4k",
    "iodepth" : "1000",
    "numjobs" : "1000",
    "size" : "1M",
    "randrepeat" : "0",
    "norandommap" : "1"
  },
  "jobs" : [
    {
      "jobname" : "job1",
      "groupid" : 0,
      "error" : 0,
      "eta" : 0,
      "elapsed" : 721,
      "job options" : {
        "directory" : "/mnt/xfs"
      },
      "read" : {
        "io_bytes" : 364644626432,
        "io_kbytes" : 356098268,
        "bw_bytes" : 506404449,
        "bw" : 494535,
        "iops" : 123633.898837,
        "runtime" : 720066,
        "total_ios" : 89024567,
        "short_ios" : 0,
        "drop_ios" : 0,
        "slat_ns" : {
          "min" : 1030,
          "max" : 76527982,
          "mean" : 802267.578371,
          "stddev" : 1941073.100961,
          "N" : 89024567
        },
        "clat_ns" : {
          "min" : 25940,
          "max" : 1858359601,
          "mean" : 806395763.857136,
          "stddev" : 89665851.438851,
          "N" : 89024567,
          "percentile" : {
            "1.000000" : 557842432,
            "5.000000" : 692060160,
            "10.000000" : 717225984,
            "20.000000" : 750780416,
            "30.000000" : 767557632,
            "40.000000" : 784334848,
            "50.000000" : 809500672,
            "60.000000" : 826277888,
            "70.000000" : 843055104,
            "80.000000" : 868220928,
            "90.000000" : 901775360,
            "95.000000" : 935329792,
            "99.000000" : 1035993088,
            "99.500000" : 1115684864,
            "99.900000" : 1300234240,
            "99.950000" : 1350565888,
            "99.990000" : 1468006400
          }
        },
        "lat_ns" : {
          "min" : 28940,
          "max" : 1858363261,
          "mean" : 807198031.435506,
          "stddev" : 89729430.080537,
          "N" : 89024567
        },
        "bw_min" : 171903,
        "bw_max" : 1348511,
        "bw_agg" : 99.961460,
        "bw_mean" : 494345.357835,
        "bw_dev" : 92.141304,
        "bw_samples" : 1434664,
        "iops_min" : 42376,
        "iops_max" : 336909,
        "iops_mean" : 123071.385691,
        "iops_stddev" : 23.113422,
        "iops_samples" : 1434664
      },
      "write" : {
        "io_bytes" : 3281413455872,
        "io_kbytes" : 3204505328,
        "bw_bytes" : 4557100954,
        "bw" : 4450293,
        "iops" : 1112573.475209,
        "runtime" : 720066,
        "total_ios" : 801126332,
        "short_ios" : 0,
        "drop_ios" : 0,
        "slat_ns" : {
          "min" : 1100,
          "max" : 77433716,
          "mean" : 807469.300102,
          "stddev" : 1945883.576604,
          "N" : 801126332
        },
        "clat_ns" : {
          "min" : 26130,
          "max" : 1858360741,
          "mean" : 807859804.627012,
          "stddev" : 89689806.819320,
          "N" : 801126332,
          "percentile" : {
            "1.000000" : 557842432,
            "5.000000" : 692060160,
            "10.000000" : 717225984,
            "20.000000" : 750780416,
            "30.000000" : 767557632,
            "40.000000" : 792723456,
            "50.000000" : 809500672,
            "60.000000" : 826277888,
            "70.000000" : 843055104,
            "80.000000" : 868220928,
            "90.000000" : 901775360,
            "95.000000" : 935329792,
            "99.000000" : 1035993088,
            "99.500000" : 1115684864,
            "99.900000" : 1300234240,
            "99.950000" : 1350565888,
            "99.990000" : 1468006400
          }
        },
        "lat_ns" : {
          "min" : 30130,
          "max" : 1866063367,
          "mean" : 808667273.927112,
          "stddev" : 89746530.179467,
          "N" : 801126332
        },
        "bw_min" : 1690881,
        "bw_max" : 11973947,
        "bw_agg" : 100.000000,
        "bw_mean" : 4451916.014351,
        "bw_dev" : 636.191288,
        "bw_samples" : 1434672,
        "iops_min" : 422343,
        "iops_max" : 2993181,
        "iops_mean" : 1112578.913089,
        "iops_stddev" : 159.039761,
        "iops_samples" : 1434672
      },
      "trim" : {
        "io_bytes" : 0,
        "io_kbytes" : 0,
        "bw_bytes" : 0,
        "bw" : 0,
        "iops" : 0.000000,
        "runtime" : 0,
        "total_ios" : 0,
        "short_ios" : 0,
        "drop_ios" : 0,
        "slat_ns" : {
          "min" : 0,
          "max" : 0,
          "mean" : 0.000000,
          "stddev" : 0.000000,
          "N" : 0
        },
        "clat_ns" : {
          "min" : 0,
          "max" : 0,
          "mean" : 0.000000,
          "stddev" : 0.000000,
          "N" : 0
        },
        "lat_ns" : {
          "min" : 0,
          "max" : 0,
          "mean" : 0.000000,
          "stddev" : 0.000000,
          "N" : 0
        },
        "bw_min" : 0,
        "bw_max" : 0,
        "bw_agg" : 0.000000,
        "bw_mean" : 0.000000,
        "bw_dev" : 0.000000,
        "bw_samples" : 0,
        "iops_min" : 0,
        "iops_max" : 0,
        "iops_mean" : 0.000000,
        "iops_stddev" : 0.000000,
        "iops_samples" : 0
      },
      "sync" : {
        "total_ios" : 0,
        "lat_ns" : {
          "min" : 0,
          "max" : 0,
          "mean" : 0.000000,
          "stddev" : 0.000000,
          "N" : 0
        }
      },
      "job_runtime" : 720052134,
      "usr_cpu" : 0.193719,
      "sys_cpu" : 2.430815,
      "ctx" : 1581220619,
      "majf" : 0,
      "minf" : 3616,
      "iodepth_level" : {
        "1" : 0.100000,
        "2" : 0.100000,
        "4" : 0.100000,
        "8" : 0.100000,
        "16" : 0.100000,
        "32" : 0.100000,
        ">=64" : 99.992923
      },
      "iodepth_submit" : {
        "0" : 0.000000,
        "4" : 100.000000,
        "8" : 0.000000,
        "16" : 0.000000,
        "32" : 0.000000,
        "64" : 0.000000,
        ">=64" : 0.000000
      },
      "iodepth_complete" : {
        "0" : 0.000000,
        "4" : 99.999888,
        "8" : 0.000000,
        "16" : 0.000000,
        "32" : 0.000000,
        "64" : 0.000000,
        ">=64" : 0.100000
      },
      "latency_ns" : {
        "2" : 0.000000,
        "4" : 0.000000,
        "10" : 0.000000,
        "20" : 0.000000,
        "50" : 0.000000,
        "100" : 0.000000,
        "250" : 0.000000,
        "500" : 0.000000,
        "750" : 0.000000,
        "1000" : 0.000000
      },
      "latency_us" : {
        "2" : 0.000000,
        "4" : 0.000000,
        "10" : 0.000000,
        "20" : 0.000000,
        "50" : 0.010000,
        "100" : 0.010000,
        "250" : 0.010000,
        "500" : 0.010000,
        "750" : 0.010000,
        "1000" : 0.010000
      },
      "latency_ms" : {
        "2" : 0.010000,
        "4" : 0.010000,
        "10" : 0.010000,
        "20" : 0.010000,
        "50" : 0.010000,
        "100" : 0.018935,
        "250" : 0.139244,
        "500" : 0.559485,
        "750" : 19.854646,
        "1000" : 77.892667,
        "2000" : 1.526491,
        ">=2000" : 0.000000
      },
      "latency_depth" : 1000,
      "latency_target" : 0,
      "latency_percentile" : 100.000000,
      "latency_window" : 0
    }
  ],
  "disk_util" : [
    {
      "name" : "nvme2n1",
      "read_ios" : 88991361,
      "write_ios" : 800829583,
      "read_merges" : 0,
      "write_merges" : 0,
      "read_ticks" : 396710752,
      "write_ticks" : 3758201812,
      "in_queue" : -140054732,
      "util" : 100.000000
    }
  ]
}
