{
  "fio version" : "fio-3.33",
  "timestamp" : 1753961125,
  "timestamp_ms" : 1753961125402,
  "time" : "Thu Jul 31 11:25:25 2025",
  "global options" : {
    "ioengine" : "libaio",
    "direct" : "1",
    "thread" : "1",
    "time_based" : "1",
    "runtime" : "720",
    "group_reporting" : "1",
    "rw" : "randrw",
    "rwmixread" : "10",
    "bs" : "4k",
    "iodepth" : "1000",
    "numjobs" : "1000",
    "size" : "1M",
    "randrepeat" : "0",
    "norandommap" : "1"
  },
  "jobs" : [
    {
      "jobname" : "job1",
      "groupid" : 0,
      "error" : 0,
      "eta" : 0,
      "elapsed" : 721,
      "job options" : {
        "directory" : "/mnt/xfs"
      },
      "read" : {
        "io_bytes" : 365174833152,
        "io_kbytes" : 356616048,
        "bw_bytes" : 507138667,
        "bw" : 495252,
        "iops" : 123813.151240,
        "runtime" : 720069,
        "total_ios" : 89154012,
        "short_ios" : 0,
        "drop_ios" : 0,
        "slat_ns" : {
          "min" : 1130,
          "max" : 54255022,
          "mean" : 801208.569326,
          "stddev" : 1931777.778560,
          "N" : 89154012
        },
        "clat_ns" : {
          "min" : 14650,
          "max" : 1194922019,
          "mean" : 805173084.070890,
          "stddev" : 69965230.003020,
          "N" : 89154012,
          "percentile" : {
            "1.000000" : 658505728,
            "5.000000" : 700448768,
            "10.000000" : 717225984,
            "20.000000" : 750780416,
            "30.000000" : 767557632,
            "40.000000" : 784334848,
            "50.000000" : 801112064,
            "60.000000" : 817889280,
            "70.000000" : 843055104,
            "80.000000" : 859832320,
            "90.000000" : 893386752,
            "95.000000" : 918552576,
            "99.000000" : 968884224,
            "99.500000" : 985661440,
            "99.900000" : 1019215872,
            "99.950000" : 1035993088,
            "99.990000" : 1069547520
          }
        },
        "lat_ns" : {
          "min" : 16330,
          "max" : 1195180370,
          "mean" : 805974292.640216,
          "stddev" : 70019747.676367,
          "N" : 89154012
        },
        "bw_min" : 196888,
        "bw_max" : 925309,
        "bw_agg" : 99.944149,
        "bw_mean" : 494976.883601,
        "bw_dev" : 81.200209,
        "bw_samples" : 1434219,
        "iops_min" : 48585,
        "iops_max" : 230948,
        "iops_mean" : 123209.406265,
        "iops_stddev" : 20.384184,
        "iops_samples" : 1434219
      },
      "write" : {
        "io_bytes" : 3286535839744,
        "io_kbytes" : 3209507656,
        "bw_bytes" : 4564195708,
        "bw" : 4457222,
        "iops" : 1114305.592936,
        "runtime" : 720069,
        "total_ios" : 802376914,
        "short_ios" : 0,
        "drop_ios" : 0,
        "slat_ns" : {
          "min" : 1229,
          "max" : 106894370,
          "mean" : 806086.786453,
          "stddev" : 1936354.842202,
          "N" : 802376914
        },
        "clat_ns" : {
          "min" : 31220,
          "max" : 1200400385,
          "mean" : 806669010.908818,
          "stddev" : 69990986.786006,
          "N" : 802376914,
          "percentile" : {
            "1.000000" : 658505728,
            "5.000000" : 700448768,
            "10.000000" : 725614592,
            "20.000000" : 750780416,
            "30.000000" : 767557632,
            "40.000000" : 792723456,
            "50.000000" : 809500672,
            "60.000000" : 826277888,
            "70.000000" : 843055104,
            "80.000000" : 859832320,
            "90.000000" : 893386752,
            "95.000000" : 918552576,
            "99.000000" : 968884224,
            "99.500000" : 985661440,
            "99.900000" : 1019215872,
            "99.950000" : 1035993088,
            "99.990000" : 1069547520
          }
        },
        "lat_ns" : {
          "min" : 33730,
          "max" : 1204346821,
          "mean" : 807475097.695270,
          "stddev" : 70035904.042312,
          "N" : 802376914
        },
        "bw_min" : 1898771,
        "bw_max" : 7427916,
        "bw_agg" : 100.000000,
        "bw_mean" : 4458228.996042,
        "bw_dev" : 501.572864,
        "bw_samples" : 1434223,
        "iops_min" : 474381,
        "iops_max" : 1856528,
        "iops_mean" : 1114134.207618,
        "iops_stddev" : 125.383608,
        "iops_samples" : 1434223
      },
      "trim" : {
        "io_bytes" : 0,
        "io_kbytes" : 0,
        "bw_bytes" : 0,
        "bw" : 0,
        "iops" : 0.000000,
        "runtime" : 0,
        "total_ios" : 0,
        "short_ios" : 0,
        "drop_ios" : 0,
        "slat_ns" : {
          "min" : 0,
          "max" : 0,
          "mean" : 0.000000,
          "stddev" : 0.000000,
          "N" : 0
        },
        "clat_ns" : {
          "min" : 0,
          "max" : 0,
          "mean" : 0.000000,
          "stddev" : 0.000000,
          "N" : 0
        },
        "lat_ns" : {
          "min" : 0,
          "max" : 0,
          "mean" : 0.000000,
          "stddev" : 0.000000,
          "N" : 0
        },
        "bw_min" : 0,
        "bw_max" : 0,
        "bw_agg" : 0.000000,
        "bw_mean" : 0.000000,
        "bw_dev" : 0.000000,
        "bw_samples" : 0,
        "iops_min" : 0,
        "iops_max" : 0,
        "iops_mean" : 0.000000,
        "iops_stddev" : 0.000000,
        "iops_samples" : 0
      },
      "sync" : {
        "total_ios" : 0,
        "lat_ns" : {
          "min" : 0,
          "max" : 0,
          "mean" : 0.000000,
          "stddev" : 0.000000,
          "N" : 0
        }
      },
      "job_runtime" : 720053270,
      "usr_cpu" : 0.196001,
      "sys_cpu" : 2.540431,
      "ctx" : 1568215087,
      "majf" : 0,
      "minf" : 3467,
      "iodepth_level" : {
        "1" : 0.100000,
        "2" : 0.100000,
        "4" : 0.100000,
        "8" : 0.100000,
        "16" : 0.100000,
        "32" : 0.100000,
        ">=64" : 99.992934
      },
      "iodepth_submit" : {
        "0" : 0.000000,
        "4" : 100.000000,
        "8" : 0.000000,
        "16" : 0.000000,
        "32" : 0.000000,
        "64" : 0.000000,
        ">=64" : 0.000000
      },
      "iodepth_complete" : {
        "0" : 0.000000,
        "4" : 99.999888,
        "8" : 0.000000,
        "16" : 0.000000,
        "32" : 0.000000,
        "64" : 0.000000,
        ">=64" : 0.100000
      },
      "latency_ns" : {
        "2" : 0.000000,
        "4" : 0.000000,
        "10" : 0.000000,
        "20" : 0.000000,
        "50" : 0.000000,
        "100" : 0.000000,
        "250" : 0.000000,
        "500" : 0.000000,
        "750" : 0.000000,
        "1000" : 0.000000
      },
      "latency_us" : {
        "2" : 0.000000,
        "4" : 0.000000,
        "10" : 0.000000,
        "20" : 0.010000,
        "50" : 0.010000,
        "100" : 0.010000,
        "250" : 0.010000,
        "500" : 0.010000,
        "750" : 0.010000,
        "1000" : 0.010000
      },
      "latency_ms" : {
        "2" : 0.010000,
        "4" : 0.010000,
        "10" : 0.010000,
        "20" : 0.010000,
        "50" : 0.012532,
        "100" : 0.020231,
        "250" : 0.033586,
        "500" : 0.043011,
        "750" : 19.841932,
        "1000" : 79.760823,
        "2000" : 0.282337,
        ">=2000" : 0.000000
      },
      "latency_depth" : 1000,
      "latency_target" : 0,
      "latency_percentile" : 100.000000,
      "latency_window" : 0
    }
  ],
  "disk_util" : [
    {
      "name" : "nvme2n1",
      "read_ios" : 89146959,
      "write_ios" : 802315184,
      "read_merges" : 0,
      "write_merges" : 0,
      "read_ticks" : 397783448,
      "write_ticks" : -523648552,
      "in_queue" : -125865104,
      "util" : 100.000000
    }
  ]
}
