{
  "fio version" : "fio-3.33",
  "timestamp" : 1753965907,
  "timestamp_ms" : 1753965907936,
  "time" : "Thu Jul 31 12:45:07 2025",
  "global options" : {
    "ioengine" : "libaio",
    "direct" : "1",
    "thread" : "1",
    "time_based" : "1",
    "runtime" : "720",
    "group_reporting" : "1",
    "rw" : "randrw",
    "rwmixread" : "10",
    "bs" : "4k",
    "iodepth" : "1000",
    "numjobs" : "1000",
    "size" : "1M",
    "randrepeat" : "0",
    "norandommap" : "1"
  },
  "jobs" : [
    {
      "jobname" : "job1",
      "groupid" : 0,
      "error" : 0,
      "eta" : 0,
      "elapsed" : 721,
      "job options" : {
        "directory" : "/mnt/xfs"
      },
      "read" : {
        "io_bytes" : 364906348544,
        "io_kbytes" : 356353856,
        "bw_bytes" : 506758066,
        "bw" : 494880,
        "iops" : 123720.231085,
        "runtime" : 720080,
        "total_ios" : 89088464,
        "short_ios" : 0,
        "drop_ios" : 0,
        "slat_ns" : {
          "min" : 1000,
          "max" : 49265851,
          "mean" : 801368.502862,
          "stddev" : 1920617.526434,
          "N" : 89088464
        },
        "clat_ns" : {
          "min" : 6710,
          "max" : 1298718496,
          "mean" : 805663623.821434,
          "stddev" : 71300406.949928,
          "N" : 89088464,
          "percentile" : {
            "1.000000" : 650117120,
            "5.000000" : 700448768,
            "10.000000" : 717225984,
            "20.000000" : 750780416,
            "30.000000" : 767557632,
            "40.000000" : 784334848,
            "50.000000" : 801112064,
            "60.000000" : 817889280,
            "70.000000" : 843055104,
            "80.000000" : 859832320,
            "90.000000" : 893386752,
            "95.000000" : 918552576,
            "99.000000" : 968884224,
            "99.500000" : 994050048,
            "99.900000" : 1035993088,
            "99.950000" : 1052770304,
            "99.990000" : 1098907648
          }
        },
        "lat_ns" : {
          "min" : 8230,
          "max" : 1306622157,
          "mean" : 806464992.324297,
          "stddev" : 71354492.622682,
          "N" : 89088464
        },
        "bw_min" : 201975,
        "bw_max" : 874022,
        "bw_agg" : 99.962431,
        "bw_mean" : 494695.255276,
        "bw_dev" : 81.047226,
        "bw_samples" : 1435203,
        "iops_min" : 49939,
        "iops_max" : 218131,
        "iops_mean" : 123229.314630,
        "iops_stddev" : 20.327835,
        "iops_samples" : 1435203
      },
      "write" : {
        "io_bytes" : 3284740919296,
        "io_kbytes" : 3207754804,
        "bw_bytes" : 4561633317,
        "bw" : 4454720,
        "iops" : 1113680.009166,
        "runtime" : 720080,
        "total_ios" : 801938701,
        "short_ios" : 0,
        "drop_ios" : 0,
        "slat_ns" : {
          "min" : 1060,
          "max" : 56405263,
          "mean" : 806658.944209,
          "stddev" : 1925762.661048,
          "N" : 801938701
        },
        "clat_ns" : {
          "min" : 48570,
          "max" : 1297375086,
          "mean" : 807115080.292918,
          "stddev" : 71319497.187403,
          "N" : 801938701,
          "percentile" : {
            "1.000000" : 650117120,
            "5.000000" : 700448768,
            "10.000000" : 725614592,
            "20.000000" : 750780416,
            "30.000000" : 767557632,
            "40.000000" : 792723456,
            "50.000000" : 809500672,
            "60.000000" : 826277888,
            "70.000000" : 843055104,
            "80.000000" : 868220928,
            "90.000000" : 893386752,
            "95.000000" : 918552576,
            "99.000000" : 977272832,
            "99.500000" : 994050048,
            "99.900000" : 1035993088,
            "99.950000" : 1052770304,
            "99.990000" : 1098907648
          }
        },
        "lat_ns" : {
          "min" : 51250,
          "max" : 1300720161,
          "mean" : 807921739.237126,
          "stddev" : 71364341.429769,
          "N" : 801938701
        },
        "bw_min" : 2038935,
        "bw_max" : 7304125,
        "bw_agg" : 100.000000,
        "bw_mean" : 4456200.918910,
        "bw_dev" : 500.221558,
        "bw_samples" : 1435208,
        "iops_min" : 509388,
        "iops_max" : 1825608,
        "iops_mean" : 1113691.659043,
        "iops_stddev" : 125.047439,
        "iops_samples" : 1435208
      },
      "trim" : {
        "io_bytes" : 0,
        "io_kbytes" : 0,
        "bw_bytes" : 0,
        "bw" : 0,
        "iops" : 0.000000,
        "runtime" : 0,
        "total_ios" : 0,
        "short_ios" : 0,
        "drop_ios" : 0,
        "slat_ns" : {
          "min" : 0,
          "max" : 0,
          "mean" : 0.000000,
          "stddev" : 0.000000,
          "N" : 0
        },
        "clat_ns" : {
          "min" : 0,
          "max" : 0,
          "mean" : 0.000000,
          "stddev" : 0.000000,
          "N" : 0
        },
        "lat_ns" : {
          "min" : 0,
          "max" : 0,
          "mean" : 0.000000,
          "stddev" : 0.000000,
          "N" : 0
        },
        "bw_min" : 0,
        "bw_max" : 0,
        "bw_agg" : 0.000000,
        "bw_mean" : 0.000000,
        "bw_dev" : 0.000000,
        "bw_samples" : 0,
        "iops_min" : 0,
        "iops_max" : 0,
        "iops_mean" : 0.000000,
        "iops_stddev" : 0.000000,
        "iops_samples" : 0
      },
      "sync" : {
        "total_ios" : 0,
        "lat_ns" : {
          "min" : 0,
          "max" : 0,
          "mean" : 0.000000,
          "stddev" : 0.000000,
          "N" : 0
        }
      },
      "job_runtime" : 720053111,
      "usr_cpu" : 0.194819,
      "sys_cpu" : 2.465524,
      "ctx" : 1582230456,
      "majf" : 0,
      "minf" : 3559,
      "iodepth_level" : {
        "1" : 0.100000,
        "2" : 0.100000,
        "4" : 0.100000,
        "8" : 0.100000,
        "16" : 0.100000,
        "32" : 0.100000,
        ">=64" : 99.992930
      },
      "iodepth_submit" : {
        "0" : 0.000000,
        "4" : 100.000000,
        "8" : 0.000000,
        "16" : 0.000000,
        "32" : 0.000000,
        "64" : 0.000000,
        ">=64" : 0.000000
      },
      "iodepth_complete" : {
        "0" : 0.000000,
        "4" : 99.999888,
        "8" : 0.000000,
        "16" : 0.000000,
        "32" : 0.000000,
        "64" : 0.000000,
        ">=64" : 0.100000
      },
      "latency_ns" : {
        "2" : 0.000000,
        "4" : 0.000000,
        "10" : 0.000000,
        "20" : 0.000000,
        "50" : 0.000000,
        "100" : 0.000000,
        "250" : 0.000000,
        "500" : 0.000000,
        "750" : 0.000000,
        "1000" : 0.000000
      },
      "latency_us" : {
        "2" : 0.000000,
        "4" : 0.000000,
        "10" : 0.010000,
        "20" : 0.000000,
        "50" : 0.010000,
        "100" : 0.010000,
        "250" : 0.010000,
        "500" : 0.010000,
        "750" : 0.010000,
        "1000" : 0.010000
      },
      "latency_ms" : {
        "2" : 0.010000,
        "4" : 0.010000,
        "10" : 0.010000,
        "20" : 0.010000,
        "50" : 0.010000,
        "100" : 0.016887,
        "250" : 0.030401,
        "500" : 0.068470,
        "750" : 19.908802,
        "1000" : 79.580380,
        "2000" : 0.386215,
        ">=2000" : 0.000000
      },
      "latency_depth" : 1000,
      "latency_target" : 0,
      "latency_percentile" : 100.000000,
      "latency_window" : 0
    }
  ],
  "disk_util" : [
    {
      "name" : "nvme2n1",
      "read_ios" : 89055869,
      "write_ios" : 801646803,
      "read_merges" : 0,
      "write_merges" : 0,
      "read_ticks" : 395462584,
      "write_ticks" : -536635588,
      "in_queue" : -141173004,
      "util" : 100.000000
    }
  ]
}
