{
  "fio version" : "fio-3.33",
  "timestamp" : 1753955442,
  "timestamp_ms" : 1753955442560,
  "time" : "Thu Jul 31 09:50:42 2025",
  "global options" : {
    "ioengine" : "libaio",
    "direct" : "1",
    "thread" : "1",
    "time_based" : "1",
    "runtime" : "720",
    "group_reporting" : "1",
    "rw" : "randrw",
    "rwmixread" : "10",
    "bs" : "4k",
    "iodepth" : "1000",
    "numjobs" : "1000",
    "size" : "1M",
    "randrepeat" : "0",
    "norandommap" : "1"
  },
  "jobs" : [
    {
      "jobname" : "job1",
      "groupid" : 0,
      "error" : 0,
      "eta" : 0,
      "elapsed" : 721,
      "job options" : {
        "directory" : "/mnt/ext4"
      },
      "read" : {
        "io_bytes" : 368900648960,
        "io_kbytes" : 360254540,
        "bw_bytes" : 512286592,
        "bw" : 500279,
        "iops" : 125069.968866,
        "runtime" : 720106,
        "total_ios" : 90063635,
        "short_ios" : 0,
        "drop_ios" : 0,
        "slat_ns" : {
          "min" : 1010,
          "max" : 51219280,
          "mean" : 786143.590627,
          "stddev" : 1898346.341529,
          "N" : 90063635
        },
        "clat_ns" : {
          "min" : 69600,
          "max" : 1226868897,
          "mean" : 797155143.079947,
          "stddev" : 73811996.178308,
          "N" : 90063635,
          "percentile" : {
            "1.000000" : 633339904,
            "5.000000" : 683671552,
            "10.000000" : 708837376,
            "20.000000" : 742391808,
            "30.000000" : 759169024,
            "40.000000" : 775946240,
            "50.000000" : 792723456,
            "60.000000" : 817889280,
            "70.000000" : 834666496,
            "80.000000" : 859832320,
            "90.000000" : 884998144,
            "95.000000" : 918552576,
            "99.000000" : 968884224,
            "99.500000" : 985661440,
            "99.900000" : 1019215872,
            "99.950000" : 1035993088,
            "99.990000" : 1069547520
          }
        },
        "lat_ns" : {
          "min" : 72780,
          "max" : 1227831725,
          "mean" : 797941286.670574,
          "stddev" : 73865827.295940,
          "N" : 90063635
        },
        "bw_min" : 219717,
        "bw_max" : 1031704,
        "bw_agg" : 99.949653,
        "bw_mean" : 500028.866877,
        "bw_dev" : 83.358516,
        "bw_samples" : 1434725,
        "iops_min" : 54322,
        "iops_max" : 257576,
        "iops_mean" : 124479.766418,
        "iops_stddev" : 20.921639,
        "iops_samples" : 1434725
      },
      "write" : {
        "io_bytes" : 3319848218624,
        "io_kbytes" : 3242039276,
        "bw_bytes" : 4610221576,
        "bw" : 4502169,
        "iops" : 1125542.377094,
        "runtime" : 720106,
        "total_ios" : 810509819,
        "short_ios" : 0,
        "drop_ios" : 0,
        "slat_ns" : {
          "min" : 1090,
          "max" : 86119534,
          "mean" : 798905.876440,
          "stddev" : 1974012.636326,
          "N" : 810509819
        },
        "clat_ns" : {
          "min" : 31390,
          "max" : 1229433142,
          "mean" : 798582045.483617,
          "stddev" : 73837340.705256,
          "N" : 810509819,
          "percentile" : {
            "1.000000" : 633339904,
            "5.000000" : 683671552,
            "10.000000" : 708837376,
            "20.000000" : 742391808,
            "30.000000" : 759169024,
            "40.000000" : 784334848,
            "50.000000" : 801112064,
            "60.000000" : 817889280,
            "70.000000" : 834666496,
            "80.000000" : 859832320,
            "90.000000" : 893386752,
            "95.000000" : 918552576,
            "99.000000" : 968884224,
            "99.500000" : 985661440,
            "99.900000" : 1027604480,
            "99.950000" : 1044381696,
            "99.990000" : 1082130432
          }
        },
        "lat_ns" : {
          "min" : 33940,
          "max" : 1230853830,
          "mean" : 799380951.360058,
          "stddev" : 73884377.651601,
          "N" : 810509819
        },
        "bw_min" : 2261777,
        "bw_max" : 9002351,
        "bw_agg" : 100.000000,
        "bw_mean" : 4503462.079261,
        "bw_dev" : 526.599656,
        "bw_samples" : 1434730,
        "iops_min" : 565091,
        "iops_max" : 2250261,
        "iops_mean" : 1125450.755053,
        "iops_stddev" : 131.653817,
        "iops_samples" : 1434730
      },
      "trim" : {
        "io_bytes" : 0,
        "io_kbytes" : 0,
        "bw_bytes" : 0,
        "bw" : 0,
        "iops" : 0.000000,
        "runtime" : 0,
        "total_ios" : 0,
        "short_ios" : 0,
        "drop_ios" : 0,
        "slat_ns" : {
          "min" : 0,
          "max" : 0,
          "mean" : 0.000000,
          "stddev" : 0.000000,
          "N" : 0
        },
        "clat_ns" : {
          "min" : 0,
          "max" : 0,
          "mean" : 0.000000,
          "stddev" : 0.000000,
          "N" : 0
        },
        "lat_ns" : {
          "min" : 0,
          "max" : 0,
          "mean" : 0.000000,
          "stddev" : 0.000000,
          "N" : 0
        },
        "bw_min" : 0,
        "bw_max" : 0,
        "bw_agg" : 0.000000,
        "bw_mean" : 0.000000,
        "bw_dev" : 0.000000,
        "bw_samples" : 0,
        "iops_min" : 0,
        "iops_max" : 0,
        "iops_mean" : 0.000000,
        "iops_stddev" : 0.000000,
        "iops_samples" : 0
      },
      "sync" : {
        "total_ios" : 0,
        "lat_ns" : {
          "min" : 0,
          "max" : 0,
          "mean" : 0.000000,
          "stddev" : 0.000000,
          "N" : 0
        }
      },
      "job_runtime" : 720053208,
      "usr_cpu" : 0.198996,
      "sys_cpu" : 2.327404,
      "ctx" : 1624928873,
      "majf" : 0,
      "minf" : 3589,
      "iodepth_level" : {
        "1" : 0.100000,
        "2" : 0.100000,
        "4" : 0.100000,
        "8" : 0.100000,
        "16" : 0.100000,
        "32" : 0.100000,
        ">=64" : 99.993004
      },
      "iodepth_submit" : {
        "0" : 0.000000,
        "4" : 100.000000,
        "8" : 0.000000,
        "16" : 0.000000,
        "32" : 0.000000,
        "64" : 0.000000,
        ">=64" : 0.000000
      },
      "iodepth_complete" : {
        "0" : 0.000000,
        "4" : 99.999889,
        "8" : 0.000000,
        "16" : 0.000000,
        "32" : 0.000000,
        "64" : 0.000000,
        ">=64" : 0.100000
      },
      "latency_ns" : {
        "2" : 0.000000,
        "4" : 0.000000,
        "10" : 0.000000,
        "20" : 0.000000,
        "50" : 0.000000,
        "100" : 0.000000,
        "250" : 0.000000,
        "500" : 0.000000,
        "750" : 0.000000,
        "1000" : 0.000000
      },
      "latency_us" : {
        "2" : 0.000000,
        "4" : 0.000000,
        "10" : 0.000000,
        "20" : 0.000000,
        "50" : 0.010000,
        "100" : 0.010000,
        "250" : 0.010000,
        "500" : 0.010000,
        "750" : 0.010000,
        "1000" : 0.010000
      },
      "latency_ms" : {
        "2" : 0.010000,
        "4" : 0.010000,
        "10" : 0.010000,
        "20" : 0.010000,
        "50" : 0.010000,
        "100" : 0.021913,
        "250" : 0.043094,
        "500" : 0.134603,
        "750" : 23.784733,
        "1000" : 75.720430,
        "2000" : 0.282765,
        ">=2000" : 0.000000
      },
      "latency_depth" : 1000,
      "latency_target" : 0,
      "latency_percentile" : 100.000000,
      "latency_window" : 0
    }
  ],
  "disk_util" : [
    {
      "name" : "nvme0n1",
      "read_ios" : 90051212,
      "write_ios" : 810397980,
      "read_merges" : 0,
      "write_merges" : 0,
      "read_ticks" : 397797876,
      "write_ticks" : -528675300,
      "in_queue" : -130877424,
      "util" : 100.000000
    }
  ]
}
