{
  "fio version" : "fio-3.33",
  "timestamp" : 1753962613,
  "timestamp_ms" : 1753962613673,
  "time" : "Thu Jul 31 11:50:13 2025",
  "global options" : {
    "ioengine" : "libaio",
    "direct" : "1",
    "time_based" : "1",
    "runtime" : "720",
    "group_reporting" : "1"
  },
  "jobs" : [
    {
      "jobname" : "rocksdb-wal",
      "groupid" : 0,
      "error" : 0,
      "eta" : 0,
      "elapsed" : 721,
      "job options" : {
        "name" : "rocksdb-compaction-write",
        "ioengine" : "libaio",
        "rw" : "write",
        "bs" : "1M",
        "size" : "50G",
        "iodepth" : "8",
        "filename" : "/mnt/xfs/compaction_output.dat"
      },
      "read" : {
        "io_bytes" : 3713677656064,
        "io_kbytes" : 3626638336,
        "bw_bytes" : 5157878469,
        "bw" : 5036990,
        "iops" : 4918.936224,
        "runtime" : 720001,
        "total_ios" : 3541639,
        "short_ios" : 0,
        "drop_ios" : 0,
        "slat_ns" : {
          "min" : 7610,
          "max" : 4468019,
          "mean" : 29640.393936,
          "stddev" : 12008.945153,
          "N" : 3541639
        },
        "clat_ns" : {
          "min" : 200471,
          "max" : 5207784,
          "mean" : 783042.422910,
          "stddev" : 223948.786530,
          "N" : 3541639,
          "percentile" : {
            "1.000000" : 407552,
            "5.000000" : 477184,
            "10.000000" : 528384,
            "20.000000" : 593920,
            "30.000000" : 643072,
            "40.000000" : 700416,
            "50.000000" : 749568,
            "60.000000" : 806912,
            "70.000000" : 872448,
            "80.000000" : 962560,
            "90.000000" : 1073152,
            "95.000000" : 1171456,
            "99.000000" : 1384448,
            "99.500000" : 1499136,
            "99.900000" : 2179072,
            "99.950000" : 2342912,
            "99.990000" : 2572288
          }
        },
        "lat_ns" : {
          "min" : 229911,
          "max" : 5241694,
          "mean" : 812682.816846,
          "stddev" : 222968.887772,
          "N" : 3541639
        },
        "bw_min" : 4327424,
        "bw_max" : 5425152,
        "bw_agg" : 100.000000,
        "bw_mean" : 5039906.690757,
        "bw_dev" : 137405.295262,
        "bw_samples" : 1439,
        "iops_min" : 4226,
        "iops_max" : 5298,
        "iops_mean" : 4921.642113,
        "iops_stddev" : 134.194062,
        "iops_samples" : 1439
      },
      "write" : {
        "io_bytes" : 3499275911168,
        "io_kbytes" : 3417261632,
        "bw_bytes" : 4860091931,
        "bw" : 4746183,
        "iops" : 19229.107697,
        "runtime" : 720002,
        "total_ios" : 13844996,
        "short_ios" : 0,
        "drop_ios" : 0,
        "slat_ns" : {
          "min" : 2530,
          "max" : 4343919,
          "mean" : 9219.719044,
          "stddev" : 9976.167325,
          "N" : 13503852
        },
        "clat_ns" : {
          "min" : 13510,
          "max" : 7582339,
          "mean" : 2122765.145002,
          "stddev" : 326576.786152,
          "N" : 13844996,
          "percentile" : {
            "1.000000" : 1515520,
            "5.000000" : 1712128,
            "10.000000" : 1794048,
            "20.000000" : 1908736,
            "30.000000" : 1990656,
            "40.000000" : 2039808,
            "50.000000" : 2113536,
            "60.000000" : 2146304,
            "70.000000" : 2211840,
            "80.000000" : 2310144,
            "90.000000" : 2441216,
            "95.000000" : 2572288,
            "99.000000" : 2998272,
            "99.500000" : 4046848,
            "99.900000" : 5144576,
            "99.950000" : 5275648,
            "99.990000" : 5603328
          }
        },
        "lat_ns" : {
          "min" : 13620,
          "max" : 7607379,
          "mean" : 2131760.780505,
          "stddev" : 326985.335025,
          "N" : 13844996
        },
        "bw_min" : 4266944,
        "bw_max" : 4967136,
        "bw_agg" : 100.000000,
        "bw_mean" : 4749013.387769,
        "bw_dev" : 42933.587669,
        "bw_samples" : 5756,
        "iops_min" : 17216,
        "iops_max" : 20436,
        "iops_mean" : 19240.166782,
        "iops_stddev" : 137.708673,
        "iops_samples" : 5756
      },
      "trim" : {
        "io_bytes" : 0,
        "io_kbytes" : 0,
        "bw_bytes" : 0,
        "bw" : 0,
        "iops" : 0.000000,
        "runtime" : 0,
        "total_ios" : 0,
        "short_ios" : 0,
        "drop_ios" : 0,
        "slat_ns" : {
          "min" : 0,
          "max" : 0,
          "mean" : 0.000000,
          "stddev" : 0.000000,
          "N" : 0
        },
        "clat_ns" : {
          "min" : 0,
          "max" : 0,
          "mean" : 0.000000,
          "stddev" : 0.000000,
          "N" : 0
        },
        "lat_ns" : {
          "min" : 0,
          "max" : 0,
          "mean" : 0.000000,
          "stddev" : 0.000000,
          "N" : 0
        },
        "bw_min" : 0,
        "bw_max" : 0,
        "bw_agg" : 0.000000,
        "bw_mean" : 0.000000,
        "bw_dev" : 0.000000,
        "bw_samples" : 0,
        "iops_min" : 0,
        "iops_max" : 0,
        "iops_mean" : 0.000000,
        "iops_stddev" : 0.000000,
        "iops_samples" : 0
      },
      "sync" : {
        "total_ios" : 0,
        "lat_ns" : {
          "min" : 0,
          "max" : 0,
          "mean" : 0.000000,
          "stddev" : 0.000000,
          "N" : 0
        }
      },
      "job_runtime" : 3600002,
      "usr_cpu" : 1.156222,
      "sys_cpu" : 6.578080,
      "ctx" : 16743608,
      "majf" : 0,
      "minf" : 571,
      "iodepth_level" : {
        "1" : 1.962128,
        "2" : 0.100000,
        "4" : 20.369945,
        "8" : 15.262953,
        "16" : 62.404928,
        "32" : 0.000000,
        ">=64" : 0.000000
      },
      "iodepth_submit" : {
        "0" : 0.000000,
        "4" : 100.000000,
        "8" : 0.000000,
        "16" : 0.000000,
        "32" : 0.000000,
        "64" : 0.000000,
        ">=64" : 0.000000
      },
      "iodepth_complete" : {
        "0" : 0.000000,
        "4" : 99.999983,
        "8" : 0.100000,
        "16" : 0.100000,
        "32" : 0.000000,
        "64" : 0.000000,
        ">=64" : 0.000000
      },
      "latency_ns" : {
        "2" : 0.000000,
        "4" : 0.000000,
        "10" : 0.000000,
        "20" : 0.000000,
        "50" : 0.000000,
        "100" : 0.000000,
        "250" : 0.000000,
        "500" : 0.000000,
        "750" : 0.000000,
        "1000" : 0.000000
      },
      "latency_us" : {
        "2" : 0.000000,
        "4" : 0.000000,
        "10" : 0.000000,
        "20" : 0.010000,
        "50" : 0.010000,
        "100" : 0.010000,
        "250" : 0.010000,
        "500" : 1.394180,
        "750" : 8.759498,
        "1000" : 6.962814
      },
      "latency_ms" : {
        "2" : 29.183554,
        "4" : 53.292273,
        "10" : 0.405927,
        "20" : 0.000000,
        "50" : 0.000000,
        "100" : 0.000000,
        "250" : 0.000000,
        "500" : 0.000000,
        "750" : 0.000000,
        "1000" : 0.000000,
        "2000" : 0.000000,
        ">=2000" : 0.000000
      },
      "latency_depth" : 8,
      "latency_target" : 0,
      "latency_percentile" : 100.000000,
      "latency_window" : 0
    }
  ],
  "disk_util" : [
    {
      "name" : "nvme2n1",
      "read_ios" : 28326883,
      "write_ios" : 32413912,
      "read_merges" : 0,
      "write_merges" : 0,
      "read_ticks" : 18639696,
      "write_ticks" : 67101312,
      "in_queue" : 85741008,
      "util" : 100.000000
    }
  ]
}
