{
  "fio version" : "fio-3.33",
  "timestamp" : 1754038029,
  "timestamp_ms" : 1754038029533,
  "time" : "Fri Aug  1 08:47:09 2025",
  "global options" : {
    "ioengine" : "libaio",
    "direct" : "1",
    "time_based" : "1",
    "runtime" : "720",
    "group_reporting" : "1"
  },
  "jobs" : [
    {
      "jobname" : "rocksdb-wal",
      "groupid" : 0,
      "error" : 0,
      "eta" : 0,
      "elapsed" : 721,
      "job options" : {
        "name" : "rocksdb-compaction-write",
        "ioengine" : "libaio",
        "rw" : "write",
        "bs" : "1M",
        "size" : "50G",
        "iodepth" : "8",
        "filename" : "/mnt/ext4/compaction_output.dat"
      },
      "read" : {
        "io_bytes" : 4331773362176,
        "io_kbytes" : 4230247424,
        "bw_bytes" : 6016343535,
        "bw" : 5875335,
        "iops" : 5737.632309,
        "runtime" : 720001,
        "total_ios" : 4131101,
        "short_ios" : 0,
        "drop_ios" : 0,
        "slat_ns" : {
          "min" : 7390,
          "max" : 413473,
          "mean" : 30345.191912,
          "stddev" : 12191.310537,
          "N" : 4131101
        },
        "clat_ns" : {
          "min" : 158581,
          "max" : 2981488,
          "mean" : 666302.298291,
          "stddev" : 193908.975317,
          "N" : 4131101,
          "percentile" : {
            "1.000000" : 321536,
            "5.000000" : 399360,
            "10.000000" : 444416,
            "20.000000" : 505856,
            "30.000000" : 561152,
            "40.000000" : 602112,
            "50.000000" : 643072,
            "60.000000" : 692224,
            "70.000000" : 749568,
            "80.000000" : 815104,
            "90.000000" : 905216,
            "95.000000" : 995328,
            "99.000000" : 1204224,
            "99.500000" : 1318912,
            "99.900000" : 1957888,
            "99.950000" : 2113536,
            "99.990000" : 2375680
          }
        },
        "lat_ns" : {
          "min" : 189911,
          "max" : 3015398,
          "mean" : 696647.490204,
          "stddev" : 192430.546990,
          "N" : 4131101
        },
        "bw_min" : 4376576,
        "bw_max" : 6285312,
        "bw_agg" : 100.000000,
        "bw_mean" : 5878625.991661,
        "bw_dev" : 212990.884587,
        "bw_samples" : 1439,
        "iops_min" : 4274,
        "iops_max" : 6138,
        "iops_mean" : 5740.745657,
        "iops_stddev" : 207.978847,
        "iops_samples" : 1439
      },
      "write" : {
        "io_bytes" : 3295630311424,
        "io_kbytes" : 3218388976,
        "bw_bytes" : 4577251606,
        "bw" : 4469972,
        "iops" : 18174.242572,
        "runtime" : 720002,
        "total_ios" : 13085491,
        "short_ios" : 0,
        "drop_ios" : 0,
        "slat_ns" : {
          "min" : 2440,
          "max" : 3181569,
          "mean" : 10008.731702,
          "stddev" : 11855.910924,
          "N" : 12762700
        },
        "clat_ns" : {
          "min" : 12161,
          "max" : 5611133,
          "mean" : 2245746.644501,
          "stddev" : 360267.274826,
          "N" : 13085491,
          "percentile" : {
            "1.000000" : 1499136,
            "5.000000" : 1712128,
            "10.000000" : 1826816,
            "20.000000" : 1957888,
            "30.000000" : 2056192,
            "40.000000" : 2146304,
            "50.000000" : 2211840,
            "60.000000" : 2310144,
            "70.000000" : 2408448,
            "80.000000" : 2539520,
            "90.000000" : 2703360,
            "95.000000" : 2834432,
            "99.000000" : 3162112,
            "99.500000" : 3588096,
            "99.900000" : 4177920,
            "99.950000" : 4292608,
            "99.990000" : 4685824
          }
        },
        "lat_ns" : {
          "min" : 12241,
          "max" : 5611473,
          "mean" : 2255511.942964,
          "stddev" : 360788.573723,
          "N" : 13085491
        },
        "bw_min" : 4202363,
        "bw_max" : 4744772,
        "bw_agg" : 100.000000,
        "bw_mean" : 4472424.426685,
        "bw_dev" : 36324.310205,
        "bw_samples" : 5756,
        "iops_min" : 17046,
        "iops_max" : 19610,
        "iops_mean" : 18183.986796,
        "iops_stddev" : 113.723544,
        "iops_samples" : 5756
      },
      "trim" : {
        "io_bytes" : 0,
        "io_kbytes" : 0,
        "bw_bytes" : 0,
        "bw" : 0,
        "iops" : 0.000000,
        "runtime" : 0,
        "total_ios" : 0,
        "short_ios" : 0,
        "drop_ios" : 0,
        "slat_ns" : {
          "min" : 0,
          "max" : 0,
          "mean" : 0.000000,
          "stddev" : 0.000000,
          "N" : 0
        },
        "clat_ns" : {
          "min" : 0,
          "max" : 0,
          "mean" : 0.000000,
          "stddev" : 0.000000,
          "N" : 0
        },
        "lat_ns" : {
          "min" : 0,
          "max" : 0,
          "mean" : 0.000000,
          "stddev" : 0.000000,
          "N" : 0
        },
        "bw_min" : 0,
        "bw_max" : 0,
        "bw_agg" : 0.000000,
        "bw_mean" : 0.000000,
        "bw_dev" : 0.000000,
        "bw_samples" : 0,
        "iops_min" : 0,
        "iops_max" : 0,
        "iops_mean" : 0.000000,
        "iops_stddev" : 0.000000,
        "iops_samples" : 0
      },
      "sync" : {
        "total_ios" : 0,
        "lat_ns" : {
          "min" : 0,
          "max" : 0,
          "mean" : 0.000000,
          "stddev" : 0.000000,
          "N" : 0
        }
      },
      "job_runtime" : 3600004,
      "usr_cpu" : 1.217388,
      "sys_cpu" : 7.278797,
      "ctx" : 16455151,
      "majf" : 0,
      "minf" : 579,
      "iodepth_level" : {
        "1" : 1.874906,
        "2" : 0.100000,
        "4" : 23.994935,
        "8" : 14.499217,
        "16" : 59.630896,
        "32" : 0.000000,
        ">=64" : 0.000000
      },
      "iodepth_submit" : {
        "0" : 0.000000,
        "4" : 100.000000,
        "8" : 0.000000,
        "16" : 0.000000,
        "32" : 0.000000,
        "64" : 0.000000,
        ">=64" : 0.000000
      },
      "iodepth_complete" : {
        "0" : 0.000000,
        "4" : 99.999983,
        "8" : 0.100000,
        "16" : 0.100000,
        "32" : 0.000000,
        "64" : 0.000000,
        ">=64" : 0.000000
      },
      "latency_ns" : {
        "2" : 0.000000,
        "4" : 0.000000,
        "10" : 0.000000,
        "20" : 0.000000,
        "50" : 0.000000,
        "100" : 0.000000,
        "250" : 0.000000,
        "500" : 0.000000,
        "750" : 0.000000,
        "1000" : 0.000000
      },
      "latency_us" : {
        "2" : 0.000000,
        "4" : 0.000000,
        "10" : 0.000000,
        "20" : 0.010000,
        "50" : 0.010000,
        "100" : 0.010000,
        "250" : 0.042192,
        "500" : 4.449144,
        "750" : 12.449415,
        "1000" : 5.906802
      },
      "latency_ms" : {
        "2" : 19.241561,
        "4" : 57.758161,
        "10" : 0.151970,
        "20" : 0.000000,
        "50" : 0.000000,
        "100" : 0.000000,
        "250" : 0.000000,
        "500" : 0.000000,
        "750" : 0.000000,
        "1000" : 0.000000,
        "2000" : 0.000000,
        ">=2000" : 0.000000
      },
      "latency_depth" : 8,
      "latency_target" : 0,
      "latency_percentile" : 100.000000,
      "latency_window" : 0
    }
  ],
  "disk_util" : [
    {
      "name" : "nvme0n1",
      "read_ios" : 33042982,
      "write_ios" : 30555139,
      "read_merges" : 0,
      "write_merges" : 0,
      "read_ticks" : 18676688,
      "write_ticks" : 67068304,
      "in_queue" : 85744992,
      "util" : 100.000000
    }
  ]
}
