{
  "fio version" : "fio-3.33",
  "timestamp" : 1753957652,
  "timestamp_ms" : 1753957652493,
  "time" : "Thu Jul 31 10:27:32 2025",
  "global options" : {
    "ioengine" : "libaio",
    "direct" : "1",
    "time_based" : "1",
    "runtime" : "720",
    "group_reporting" : "1"
  },
  "jobs" : [
    {
      "jobname" : "rocksdb-wal",
      "groupid" : 0,
      "error" : 0,
      "eta" : 0,
      "elapsed" : 721,
      "job options" : {
        "name" : "rocksdb-compaction-write",
        "ioengine" : "libaio",
        "rw" : "write",
        "bs" : "1M",
        "size" : "50G",
        "iodepth" : "8",
        "filename" : "/mnt/xfs/compaction_output.dat"
      },
      "read" : {
        "io_bytes" : 4299257020416,
        "io_kbytes" : 4198493184,
        "bw_bytes" : 5971182012,
        "bw" : 5831232,
        "iops" : 5694.562924,
        "runtime" : 720001,
        "total_ios" : 4100091,
        "short_ios" : 0,
        "drop_ios" : 0,
        "slat_ns" : {
          "min" : 5800,
          "max" : 371102,
          "mean" : 22060.576392,
          "stddev" : 9294.834872,
          "N" : 4100091
        },
        "clat_ns" : {
          "min" : 142131,
          "max" : 3305950,
          "mean" : 679888.313714,
          "stddev" : 199608.133099,
          "N" : 4100091,
          "percentile" : {
            "1.000000" : 333824,
            "5.000000" : 411648,
            "10.000000" : 452608,
            "20.000000" : 518144,
            "30.000000" : 569344,
            "40.000000" : 610304,
            "50.000000" : 651264,
            "60.000000" : 700416,
            "70.000000" : 757760,
            "80.000000" : 831488,
            "90.000000" : 929792,
            "95.000000" : 1019904,
            "99.000000" : 1236992,
            "99.500000" : 1351680,
            "99.900000" : 2072576,
            "99.950000" : 2244608,
            "99.990000" : 2473984
          }
        },
        "lat_ns" : {
          "min" : 156381,
          "max" : 3316150,
          "mean" : 701948.890106,
          "stddev" : 198742.526626,
          "N" : 4100091
        },
        "bw_min" : 4317184,
        "bw_max" : 6301696,
        "bw_agg" : 100.000000,
        "bw_mean" : 5833836.878388,
        "bw_dev" : 285535.372441,
        "bw_samples" : 1439,
        "iops_min" : 4216,
        "iops_max" : 6154,
        "iops_mean" : 5697.019458,
        "iops_stddev" : 278.832632,
        "iops_samples" : 1439
      },
      "write" : {
        "io_bytes" : 3302450167808,
        "io_kbytes" : 3225048992,
        "bw_bytes" : 4586723603,
        "bw" : 4479222,
        "iops" : 18170.064805,
        "runtime" : 720002,
        "total_ios" : 13082483,
        "short_ios" : 0,
        "drop_ios" : 0,
        "slat_ns" : {
          "min" : 2130,
          "max" : 192381,
          "mean" : 8129.819265,
          "stddev" : 8940.665343,
          "N" : 12760393
        },
        "clat_ns" : {
          "min" : 9711,
          "max" : 7152214,
          "mean" : 2248128.098313,
          "stddev" : 386460.502160,
          "N" : 13082483,
          "percentile" : {
            "1.000000" : 1515520,
            "5.000000" : 1728512,
            "10.000000" : 1843200,
            "20.000000" : 1974272,
            "30.000000" : 2056192,
            "40.000000" : 2113536,
            "50.000000" : 2211840,
            "60.000000" : 2277376,
            "70.000000" : 2375680,
            "80.000000" : 2506752,
            "90.000000" : 2703360,
            "95.000000" : 2834432,
            "99.000000" : 3194880,
            "99.500000" : 4292608,
            "99.900000" : 5275648,
            "99.950000" : 5472256,
            "99.990000" : 5799936
          }
        },
        "lat_ns" : {
          "min" : 9780,
          "max" : 7167673,
          "mean" : 2256061.251790,
          "stddev" : 386825.357534,
          "N" : 13082483
        },
        "bw_min" : 4171038,
        "bw_max" : 4774752,
        "bw_agg" : 100.000000,
        "bw_mean" : 4481246.121612,
        "bw_dev" : 41507.237494,
        "bw_samples" : 5756,
        "iops_min" : 16788,
        "iops_max" : 19770,
        "iops_mean" : 18177.845031,
        "iops_stddev" : 133.979169,
        "iops_samples" : 5756
      },
      "trim" : {
        "io_bytes" : 0,
        "io_kbytes" : 0,
        "bw_bytes" : 0,
        "bw" : 0,
        "iops" : 0.000000,
        "runtime" : 0,
        "total_ios" : 0,
        "short_ios" : 0,
        "drop_ios" : 0,
        "slat_ns" : {
          "min" : 0,
          "max" : 0,
          "mean" : 0.000000,
          "stddev" : 0.000000,
          "N" : 0
        },
        "clat_ns" : {
          "min" : 0,
          "max" : 0,
          "mean" : 0.000000,
          "stddev" : 0.000000,
          "N" : 0
        },
        "lat_ns" : {
          "min" : 0,
          "max" : 0,
          "mean" : 0.000000,
          "stddev" : 0.000000,
          "N" : 0
        },
        "bw_min" : 0,
        "bw_max" : 0,
        "bw_agg" : 0.000000,
        "bw_mean" : 0.000000,
        "bw_dev" : 0.000000,
        "bw_samples" : 0,
        "iops_min" : 0,
        "iops_max" : 0,
        "iops_mean" : 0.000000,
        "iops_stddev" : 0.000000,
        "iops_samples" : 0
      },
      "sync" : {
        "total_ios" : 0,
        "lat_ns" : {
          "min" : 0,
          "max" : 0,
          "mean" : 0.000000,
          "stddev" : 0.000000,
          "N" : 0
        }
      },
      "job_runtime" : 3600003,
      "usr_cpu" : 1.146332,
      "sys_cpu" : 5.570773,
      "ctx" : 16607590,
      "majf" : 0,
      "minf" : 569,
      "iodepth_level" : {
        "1" : 1.874539,
        "2" : 0.100000,
        "4" : 23.861966,
        "8" : 14.569261,
        "16" : 59.694188,
        "32" : 0.000000,
        ">=64" : 0.000000
      },
      "iodepth_submit" : {
        "0" : 0.000000,
        "4" : 100.000000,
        "8" : 0.000000,
        "16" : 0.000000,
        "32" : 0.000000,
        "64" : 0.000000,
        ">=64" : 0.000000
      },
      "iodepth_complete" : {
        "0" : 0.000000,
        "4" : 99.999983,
        "8" : 0.100000,
        "16" : 0.100000,
        "32" : 0.000000,
        "64" : 0.000000,
        ">=64" : 0.000000
      },
      "latency_ns" : {
        "2" : 0.000000,
        "4" : 0.000000,
        "10" : 0.000000,
        "20" : 0.000000,
        "50" : 0.000000,
        "100" : 0.000000,
        "250" : 0.000000,
        "500" : 0.000000,
        "750" : 0.000000,
        "1000" : 0.000000
      },
      "latency_us" : {
        "2" : 0.000000,
        "4" : 0.000000,
        "10" : 0.010000,
        "20" : 0.010000,
        "50" : 0.010000,
        "100" : 0.010000,
        "250" : 0.027476,
        "500" : 4.030950,
        "750" : 12.231322,
        "1000" : 6.195393
      },
      "latency_ms" : {
        "2" : 19.244620,
        "4" : 57.841229,
        "10" : 0.428382,
        "20" : 0.000000,
        "50" : 0.000000,
        "100" : 0.000000,
        "250" : 0.000000,
        "500" : 0.000000,
        "750" : 0.000000,
        "1000" : 0.000000,
        "2000" : 0.000000,
        ">=2000" : 0.000000
      },
      "latency_depth" : 8,
      "latency_target" : 0,
      "latency_percentile" : 100.000000,
      "latency_window" : 0
    }
  ],
  "disk_util" : [
    {
      "name" : "nvme2n1",
      "read_ios" : 32792526,
      "write_ios" : 30598598,
      "read_merges" : 0,
      "write_merges" : 0,
      "read_ticks" : 18886692,
      "write_ticks" : 67174244,
      "in_queue" : 86060936,
      "util" : 100.000000
    }
  ]
}
