{
  "fio version" : "fio-3.33",
  "timestamp" : 1753958372,
  "timestamp_ms" : 1753958372846,
  "time" : "Thu Jul 31 10:39:32 2025",
  "global options" : {
    "ioengine" : "libaio",
    "direct" : "1",
    "thread" : "1",
    "group_reporting" : "1",
    "time_based" : "1",
    "runtime" : "720"
  },
  "jobs" : [
    {
      "jobname" : "solana-snapshot-write",
      "groupid" : 0,
      "error" : 0,
      "eta" : 0,
      "elapsed" : 721,
      "job options" : {
        "name" : "solana-snapshot-write",
        "rw" : "write",
        "bs" : "1M",
        "size" : "100G",
        "iodepth" : "4",
        "filename" : "/mnt/ext4/snapshot.dat"
      },
      "read" : {
        "io_bytes" : 0,
        "io_kbytes" : 0,
        "bw_bytes" : 0,
        "bw" : 0,
        "iops" : 0.000000,
        "runtime" : 0,
        "total_ios" : 0,
        "short_ios" : 0,
        "drop_ios" : 0,
        "slat_ns" : {
          "min" : 0,
          "max" : 0,
          "mean" : 0.000000,
          "stddev" : 0.000000,
          "N" : 0
        },
        "clat_ns" : {
          "min" : 0,
          "max" : 0,
          "mean" : 0.000000,
          "stddev" : 0.000000,
          "N" : 0
        },
        "lat_ns" : {
          "min" : 0,
          "max" : 0,
          "mean" : 0.000000,
          "stddev" : 0.000000,
          "N" : 0
        },
        "bw_min" : 0,
        "bw_max" : 0,
        "bw_agg" : 0.000000,
        "bw_mean" : 0.000000,
        "bw_dev" : 0.000000,
        "bw_samples" : 0,
        "iops_min" : 0,
        "iops_max" : 0,
        "iops_mean" : 0.000000,
        "iops_stddev" : 0.000000,
        "iops_samples" : 0
      },
      "write" : {
        "io_bytes" : 5098237329408,
        "io_kbytes" : 4978747392,
        "bw_bytes" : 7080875345,
        "bw" : 6914917,
        "iops" : 6752.848954,
        "runtime" : 720001,
        "total_ios" : 4862058,
        "short_ios" : 0,
        "drop_ios" : 0,
        "slat_ns" : {
          "min" : 8690,
          "max" : 640134,
          "mean" : 19384.272911,
          "stddev" : 6360.340425,
          "N" : 4862058
        },
        "clat_ns" : {
          "min" : 75640,
          "max" : 13694209,
          "mean" : 572589.542508,
          "stddev" : 81600.195068,
          "N" : 4862058,
          "percentile" : {
            "1.000000" : 536576,
            "5.000000" : 544768,
            "10.000000" : 552960,
            "20.000000" : 552960,
            "30.000000" : 552960,
            "40.000000" : 561152,
            "50.000000" : 561152,
            "60.000000" : 561152,
            "70.000000" : 561152,
            "80.000000" : 569344,
            "90.000000" : 577536,
            "95.000000" : 626688,
            "99.000000" : 856064,
            "99.500000" : 1056768,
            "99.900000" : 1613824,
            "99.950000" : 1810432,
            "99.990000" : 2670592
          }
        },
        "lat_ns" : {
          "min" : 106340,
          "max" : 13712489,
          "mean" : 591973.815419,
          "stddev" : 81316.313382,
          "N" : 4862058
        },
        "bw_min" : 5509120,
        "bw_max" : 7059456,
        "bw_agg" : 100.000000,
        "bw_mean" : 6919835.731758,
        "bw_dev" : 199496.909451,
        "bw_samples" : 1439,
        "iops_min" : 5380,
        "iops_max" : 6894,
        "iops_mean" : 6757.499653,
        "iops_stddev" : 194.810242,
        "iops_samples" : 1439
      },
      "trim" : {
        "io_bytes" : 0,
        "io_kbytes" : 0,
        "bw_bytes" : 0,
        "bw" : 0,
        "iops" : 0.000000,
        "runtime" : 0,
        "total_ios" : 0,
        "short_ios" : 0,
        "drop_ios" : 0,
        "slat_ns" : {
          "min" : 0,
          "max" : 0,
          "mean" : 0.000000,
          "stddev" : 0.000000,
          "N" : 0
        },
        "clat_ns" : {
          "min" : 0,
          "max" : 0,
          "mean" : 0.000000,
          "stddev" : 0.000000,
          "N" : 0
        },
        "lat_ns" : {
          "min" : 0,
          "max" : 0,
          "mean" : 0.000000,
          "stddev" : 0.000000,
          "N" : 0
        },
        "bw_min" : 0,
        "bw_max" : 0,
        "bw_agg" : 0.000000,
        "bw_mean" : 0.000000,
        "bw_dev" : 0.000000,
        "bw_samples" : 0,
        "iops_min" : 0,
        "iops_max" : 0,
        "iops_mean" : 0.000000,
        "iops_stddev" : 0.000000,
        "iops_samples" : 0
      },
      "sync" : {
        "total_ios" : 0,
        "lat_ns" : {
          "min" : 0,
          "max" : 0,
          "mean" : 0.000000,
          "stddev" : 0.000000,
          "N" : 0
        }
      },
      "job_runtime" : 720000,
      "usr_cpu" : 3.856250,
      "sys_cpu" : 10.389444,
      "ctx" : 4863954,
      "majf" : 0,
      "minf" : 1,
      "iodepth_level" : {
        "1" : 0.100000,
        "2" : 0.100000,
        "4" : 99.999938,
        "8" : 0.000000,
        "16" : 0.000000,
        "32" : 0.000000,
        ">=64" : 0.000000
      },
      "iodepth_submit" : {
        "0" : 0.000000,
        "4" : 100.000000,
        "8" : 0.000000,
        "16" : 0.000000,
        "32" : 0.000000,
        "64" : 0.000000,
        ">=64" : 0.000000
      },
      "iodepth_complete" : {
        "0" : 0.000000,
        "4" : 100.000000,
        "8" : 0.000000,
        "16" : 0.000000,
        "32" : 0.000000,
        "64" : 0.000000,
        ">=64" : 0.000000
      },
      "latency_ns" : {
        "2" : 0.000000,
        "4" : 0.000000,
        "10" : 0.000000,
        "20" : 0.000000,
        "50" : 0.000000,
        "100" : 0.000000,
        "250" : 0.000000,
        "500" : 0.000000,
        "750" : 0.000000,
        "1000" : 0.000000
      },
      "latency_us" : {
        "2" : 0.000000,
        "4" : 0.000000,
        "10" : 0.000000,
        "20" : 0.000000,
        "50" : 0.000000,
        "100" : 0.010000,
        "250" : 0.010000,
        "500" : 0.012155,
        "750" : 97.633656,
        "1000" : 1.794508
      },
      "latency_ms" : {
        "2" : 0.520417,
        "4" : 0.034492,
        "10" : 0.010000,
        "20" : 0.010000,
        "50" : 0.000000,
        "100" : 0.000000,
        "250" : 0.000000,
        "500" : 0.000000,
        "750" : 0.000000,
        "1000" : 0.000000,
        "2000" : 0.000000,
        ">=2000" : 0.000000
      },
      "latency_depth" : 4,
      "latency_target" : 0,
      "latency_percentile" : 100.000000,
      "latency_window" : 0
    }
  ],
  "disk_util" : [
    {
      "name" : "nvme0n1",
      "read_ios" : 0,
      "write_ios" : 38891091,
      "read_merges" : 0,
      "write_merges" : 0,
      "read_ticks" : 0,
      "write_ticks" : 19712888,
      "in_queue" : 19712888,
      "util" : 100.000000
    }
  ]
}
