{
  "fio version" : "fio-3.33",
  "timestamp" : 1754461540,
  "timestamp_ms" : 1754461540272,
  "time" : "Wed Aug  6 06:25:40 2025",
  "global options" : {
    "ioengine" : "libaio",
    "direct" : "1",
    "thread" : "1",
    "time_based" : "1",
    "runtime" : "720",
    "group_reporting" : "1",
    "rw" : "randrw",
    "rwmixread" : "10",
    "bs" : "4k",
    "iodepth" : "1000",
    "numjobs" : "1000",
    "size" : "1M",
    "randrepeat" : "0",
    "norandommap" : "1"
  },
  "jobs" : [
    {
      "jobname" : "job1",
      "groupid" : 0,
      "error" : 0,
      "eta" : 0,
      "elapsed" : 721,
      "job options" : {
        "directory" : "/mnt/xfs"
      },
      "read" : {
        "io_bytes" : 389245067264,
        "io_kbytes" : 380122136,
        "bw_bytes" : 540544574,
        "bw" : 527875,
        "iops" : 131968.890345,
        "runtime" : 720098,
        "total_ios" : 95030534,
        "short_ios" : 0,
        "drop_ios" : 0,
        "slat_ns" : {
          "min" : 1000,
          "max" : 144160020,
          "mean" : 756075.997883,
          "stddev" : 1732402.555917,
          "N" : 95030534
        },
        "clat_ns" : {
          "min" : 44490,
          "max" : 4589168775,
          "mean" : 755808401.205350,
          "stddev" : 401618327.954726,
          "N" : 95030534,
          "percentile" : {
            "1.000000" : 57409536,
            "5.000000" : 137363456,
            "10.000000" : 291504128,
            "20.000000" : 471859200,
            "30.000000" : 583008256,
            "40.000000" : 666894336,
            "50.000000" : 734003200,
            "60.000000" : 809500672,
            "70.000000" : 884998144,
            "80.000000" : 977272832,
            "90.000000" : 1132462080,
            "95.000000" : 1317011456,
            "99.000000" : 2399141888,
            "99.500000" : 2667577344,
            "99.900000" : 3170893824,
            "99.950000" : 3305111552,
            "99.990000" : 3607101440
          }
        },
        "lat_ns" : {
          "min" : 45760,
          "max" : 4601859805,
          "mean" : 756564477.203233,
          "stddev" : 401935290.688803,
          "N" : 95030534
        },
        "bw_min" : 37351,
        "bw_max" : 6346028,
        "bw_agg" : 99.976782,
        "bw_mean" : 527753.619755,
        "bw_dev" : 408.711531,
        "bw_samples" : 1431922,
        "iops_min" : 8671,
        "iops_max" : 1586189,
        "iops_mean" : 131504.947906,
        "iops_stddev" : 102.243181,
        "iops_samples" : 1431922
      },
      "write" : {
        "io_bytes" : 3503708221440,
        "io_kbytes" : 3421590060,
        "bw_bytes" : 4865599156,
        "bw" : 4751561,
        "iops" : 1187890.419082,
        "runtime" : 720098,
        "total_ios" : 855397515,
        "short_ios" : 0,
        "drop_ios" : 0,
        "slat_ns" : {
          "min" : 1070,
          "max" : 192024863,
          "mean" : 755327.387149,
          "stddev" : 1731754.560950,
          "N" : 855397515
        },
        "clat_ns" : {
          "min" : 10850,
          "max" : 4603364842,
          "mean" : 756542786.901069,
          "stddev" : 401766778.409188,
          "N" : 855397515,
          "percentile" : {
            "1.000000" : 57409536,
            "5.000000" : 139460608,
            "10.000000" : 295698432,
            "20.000000" : 476053504,
            "30.000000" : 583008256,
            "40.000000" : 666894336,
            "50.000000" : 734003200,
            "60.000000" : 809500672,
            "70.000000" : 884998144,
            "80.000000" : 977272832,
            "90.000000" : 1132462080,
            "95.000000" : 1317011456,
            "99.000000" : 2399141888,
            "99.500000" : 2701131776,
            "99.900000" : 3170893824,
            "99.950000" : 3305111552,
            "99.990000" : 3607101440
          }
        },
        "lat_ns" : {
          "min" : 15690,
          "max" : 4625334883,
          "mean" : 757298114.288220,
          "stddev" : 402083871.834229,
          "N" : 855397515
        },
        "bw_min" : 500083,
        "bw_max" : 57029184,
        "bw_agg" : 100.000000,
        "bw_mean" : 4754159.763609,
        "bw_dev" : 3635.116019,
        "bw_samples" : 1431945,
        "iops_min" : 124556,
        "iops_max" : 14256971,
        "iops_mean" : 1188198.837578,
        "iops_stddev" : 908.773145,
        "iops_samples" : 1431945
      },
      "trim" : {
        "io_bytes" : 0,
        "io_kbytes" : 0,
        "bw_bytes" : 0,
        "bw" : 0,
        "iops" : 0.000000,
        "runtime" : 0,
        "total_ios" : 0,
        "short_ios" : 0,
        "drop_ios" : 0,
        "slat_ns" : {
          "min" : 0,
          "max" : 0,
          "mean" : 0.000000,
          "stddev" : 0.000000,
          "N" : 0
        },
        "clat_ns" : {
          "min" : 0,
          "max" : 0,
          "mean" : 0.000000,
          "stddev" : 0.000000,
          "N" : 0
        },
        "lat_ns" : {
          "min" : 0,
          "max" : 0,
          "mean" : 0.000000,
          "stddev" : 0.000000,
          "N" : 0
        },
        "bw_min" : 0,
        "bw_max" : 0,
        "bw_agg" : 0.000000,
        "bw_mean" : 0.000000,
        "bw_dev" : 0.000000,
        "bw_samples" : 0,
        "iops_min" : 0,
        "iops_max" : 0,
        "iops_mean" : 0.000000,
        "iops_stddev" : 0.000000,
        "iops_samples" : 0
      },
      "sync" : {
        "total_ios" : 0,
        "lat_ns" : {
          "min" : 0,
          "max" : 0,
          "mean" : 0.000000,
          "stddev" : 0.000000,
          "N" : 0
        }
      },
      "job_runtime" : 720055525,
      "usr_cpu" : 0.178573,
      "sys_cpu" : 4.269012,
      "ctx" : 1455633365,
      "majf" : 0,
      "minf" : 3675,
      "iodepth_level" : {
        "1" : 0.100000,
        "2" : 0.100000,
        "4" : 0.100000,
        "8" : 0.100000,
        "16" : 0.100000,
        "32" : 0.100000,
        ">=64" : 99.993371
      },
      "iodepth_submit" : {
        "0" : 0.000000,
        "4" : 100.000000,
        "8" : 0.000000,
        "16" : 0.000000,
        "32" : 0.000000,
        "64" : 0.000000,
        ">=64" : 0.000000
      },
      "iodepth_complete" : {
        "0" : 0.000000,
        "4" : 99.999895,
        "8" : 0.000000,
        "16" : 0.000000,
        "32" : 0.000000,
        "64" : 0.000000,
        ">=64" : 0.100000
      },
      "latency_ns" : {
        "2" : 0.000000,
        "4" : 0.000000,
        "10" : 0.000000,
        "20" : 0.000000,
        "50" : 0.000000,
        "100" : 0.000000,
        "250" : 0.000000,
        "500" : 0.000000,
        "750" : 0.000000,
        "1000" : 0.000000
      },
      "latency_us" : {
        "2" : 0.000000,
        "4" : 0.000000,
        "10" : 0.000000,
        "20" : 0.010000,
        "50" : 0.010000,
        "100" : 0.010000,
        "250" : 0.010000,
        "500" : 0.010000,
        "750" : 0.010000,
        "1000" : 0.010000
      },
      "latency_ms" : {
        "2" : 0.010000,
        "4" : 0.010000,
        "10" : 0.010000,
        "20" : 0.010000,
        "50" : 0.515925,
        "100" : 3.265594,
        "250" : 4.168942,
        "500" : 14.042688,
        "750" : 29.927947,
        "1000" : 29.876340,
        "2000" : 16.273935,
        ">=2000" : 1.907979
      },
      "latency_depth" : 1000,
      "latency_target" : 0,
      "latency_percentile" : 100.000000,
      "latency_window" : 0
    }
  ],
  "disk_util" : [
    {
      "name" : "nvme2n1",
      "read_ios" : 95014473,
      "write_ios" : 855254413,
      "read_merges" : 0,
      "write_merges" : 0,
      "read_ticks" : 371965264,
      "write_ticks" : 3781692108,
      "in_queue" : 4153657372,
      "util" : 100.000000
    }
  ]
}
