{
  "fio version" : "fio-3.33",
  "timestamp" : 1754473932,
  "timestamp_ms" : 1754473932296,
  "time" : "Wed Aug  6 09:52:12 2025",
  "global options" : {
    "ioengine" : "libaio",
    "direct" : "1",
    "thread" : "1",
    "time_based" : "1",
    "runtime" : "720",
    "group_reporting" : "1",
    "rw" : "randrw",
    "rwmixread" : "10",
    "bs" : "4k",
    "iodepth" : "1000",
    "numjobs" : "1000",
    "size" : "1M",
    "randrepeat" : "0",
    "norandommap" : "1"
  },
  "jobs" : [
    {
      "jobname" : "job1",
      "groupid" : 0,
      "error" : 0,
      "eta" : 0,
      "elapsed" : 721,
      "job options" : {
        "directory" : "/mnt/ext4"
      },
      "read" : {
        "io_bytes" : 384472055808,
        "io_kbytes" : 375460992,
        "bw_bytes" : 533945954,
        "bw" : 521431,
        "iops" : 130357.898947,
        "runtime" : 720058,
        "total_ios" : 93865248,
        "short_ios" : 0,
        "drop_ios" : 0,
        "slat_ns" : {
          "min" : 1040,
          "max" : 76719359,
          "mean" : 761468.748921,
          "stddev" : 1468731.514471,
          "N" : 93865248
        },
        "clat_ns" : {
          "min" : 43511,
          "max" : 3077782687,
          "mean" : 765470821.292142,
          "stddev" : 263667386.384008,
          "N" : 93865248,
          "percentile" : {
            "1.000000" : 242221056,
            "5.000000" : 341835776,
            "10.000000" : 429916160,
            "20.000000" : 541065216,
            "30.000000" : 624951296,
            "40.000000" : 692060160,
            "50.000000" : 759169024,
            "60.000000" : 817889280,
            "70.000000" : 884998144,
            "80.000000" : 968884224,
            "90.000000" : 1082130432,
            "95.000000" : 1199570944,
            "99.000000" : 1484783616,
            "99.500000" : 1635778560,
            "99.900000" : 2038431744,
            "99.950000" : 2197815296,
            "99.990000" : 2499805184
          }
        },
        "lat_ns" : {
          "min" : 46131,
          "max" : 3078703403,
          "mean" : 766232290.041062,
          "stddev" : 263841171.185290,
          "N" : 93865248
        },
        "bw_min" : 77154,
        "bw_max" : 1840956,
        "bw_agg" : 99.958653,
        "bw_mean" : 521216.669144,
        "bw_dev" : 225.061828,
        "bw_samples" : 1432045,
        "iops_min" : 18608,
        "iops_max" : 460071,
        "iops_mean" : 129884.099374,
        "iops_stddev" : 56.342530,
        "iops_samples" : 1432045
      },
      "write" : {
        "io_bytes" : 3459960872960,
        "io_kbytes" : 3378868040,
        "bw_bytes" : 4805114133,
        "bw" : 4692494,
        "iops" : 1173123.567824,
        "runtime" : 720058,
        "total_ios" : 844717010,
        "short_ios" : 0,
        "drop_ios" : 0,
        "slat_ns" : {
          "min" : 1110,
          "max" : 108015189,
          "mean" : 765418.035676,
          "stddev" : 1553584.073119,
          "N" : 844717010
        },
        "clat_ns" : {
          "min" : 12411,
          "max" : 3102036416,
          "mean" : 766098373.932383,
          "stddev" : 263658109.656166,
          "N" : 844717010,
          "percentile" : {
            "1.000000" : 242221056,
            "5.000000" : 341835776,
            "10.000000" : 429916160,
            "20.000000" : 549453824,
            "30.000000" : 624951296,
            "40.000000" : 692060160,
            "50.000000" : 759169024,
            "60.000000" : 817889280,
            "70.000000" : 893386752,
            "80.000000" : 968884224,
            "90.000000" : 1082130432,
            "95.000000" : 1199570944,
            "99.000000" : 1484783616,
            "99.500000" : 1635778560,
            "99.900000" : 2038431744,
            "99.950000" : 2197815296,
            "99.990000" : 2499805184
          }
        },
        "lat_ns" : {
          "min" : 14100,
          "max" : 3104537522,
          "mean" : 766863791.968057,
          "stddev" : 263831387.585215,
          "N" : 844717010
        },
        "bw_min" : 899539,
        "bw_max" : 16216253,
        "bw_agg" : 100.000000,
        "bw_mean" : 4694218.238465,
        "bw_dev" : 1950.609790,
        "bw_samples" : 1432063,
        "iops_min" : 224520,
        "iops_max" : 4053709,
        "iops_mean" : 1173202.859034,
        "iops_stddev" : 487.650475,
        "iops_samples" : 1432063
      },
      "trim" : {
        "io_bytes" : 0,
        "io_kbytes" : 0,
        "bw_bytes" : 0,
        "bw" : 0,
        "iops" : 0.000000,
        "runtime" : 0,
        "total_ios" : 0,
        "short_ios" : 0,
        "drop_ios" : 0,
        "slat_ns" : {
          "min" : 0,
          "max" : 0,
          "mean" : 0.000000,
          "stddev" : 0.000000,
          "N" : 0
        },
        "clat_ns" : {
          "min" : 0,
          "max" : 0,
          "mean" : 0.000000,
          "stddev" : 0.000000,
          "N" : 0
        },
        "lat_ns" : {
          "min" : 0,
          "max" : 0,
          "mean" : 0.000000,
          "stddev" : 0.000000,
          "N" : 0
        },
        "bw_min" : 0,
        "bw_max" : 0,
        "bw_agg" : 0.000000,
        "bw_mean" : 0.000000,
        "bw_dev" : 0.000000,
        "bw_samples" : 0,
        "iops_min" : 0,
        "iops_max" : 0,
        "iops_mean" : 0.000000,
        "iops_stddev" : 0.000000,
        "iops_samples" : 0
      },
      "sync" : {
        "total_ios" : 0,
        "lat_ns" : {
          "min" : 0,
          "max" : 0,
          "mean" : 0.000000,
          "stddev" : 0.000000,
          "N" : 0
        }
      },
      "job_runtime" : 720049937,
      "usr_cpu" : 0.178060,
      "sys_cpu" : 4.541192,
      "ctx" : 1494714429,
      "majf" : 0,
      "minf" : 3753,
      "iodepth_level" : {
        "1" : 0.100000,
        "2" : 0.100000,
        "4" : 0.100000,
        "8" : 0.100000,
        "16" : 0.100000,
        "32" : 0.100000,
        ">=64" : 99.993288
      },
      "iodepth_submit" : {
        "0" : 0.000000,
        "4" : 100.000000,
        "8" : 0.000000,
        "16" : 0.000000,
        "32" : 0.000000,
        "64" : 0.000000,
        ">=64" : 0.000000
      },
      "iodepth_complete" : {
        "0" : 0.000000,
        "4" : 99.999893,
        "8" : 0.000000,
        "16" : 0.000000,
        "32" : 0.000000,
        "64" : 0.000000,
        ">=64" : 0.100000
      },
      "latency_ns" : {
        "2" : 0.000000,
        "4" : 0.000000,
        "10" : 0.000000,
        "20" : 0.000000,
        "50" : 0.000000,
        "100" : 0.000000,
        "250" : 0.000000,
        "500" : 0.000000,
        "750" : 0.000000,
        "1000" : 0.000000
      },
      "latency_us" : {
        "2" : 0.000000,
        "4" : 0.000000,
        "10" : 0.000000,
        "20" : 0.010000,
        "50" : 0.010000,
        "100" : 0.010000,
        "250" : 0.010000,
        "500" : 0.010000,
        "750" : 0.010000,
        "1000" : 0.010000
      },
      "latency_ms" : {
        "2" : 0.010000,
        "4" : 0.010000,
        "10" : 0.010000,
        "20" : 0.010000,
        "50" : 0.010000,
        "100" : 0.019650,
        "250" : 1.233585,
        "500" : 14.210277,
        "750" : 33.078112,
        "1000" : 34.519679,
        "2000" : 16.816962,
        ">=2000" : 0.114049
      },
      "latency_depth" : 1000,
      "latency_target" : 0,
      "latency_percentile" : 100.000000,
      "latency_window" : 0
    }
  ],
  "disk_util" : [
    {
      "name" : "nvme0n1",
      "read_ios" : 93834877,
      "write_ios" : 844623252,
      "read_merges" : 0,
      "write_merges" : 0,
      "read_ticks" : 362145932,
      "write_ticks" : -594306884,
      "in_queue" : 4062806344,
      "util" : 100.000000
    }
  ]
}
