{
  "fio version" : "fio-3.33",
  "timestamp" : 1754484597,
  "timestamp_ms" : 1754484597324,
  "time" : "Wed Aug  6 12:49:57 2025",
  "global options" : {
    "ioengine" : "libaio",
    "direct" : "1",
    "thread" : "1",
    "time_based" : "1",
    "runtime" : "720",
    "group_reporting" : "1",
    "rw" : "randrw",
    "rwmixread" : "10",
    "bs" : "4k",
    "iodepth" : "1000",
    "numjobs" : "1000",
    "size" : "1M",
    "randrepeat" : "0",
    "norandommap" : "1"
  },
  "jobs" : [
    {
      "jobname" : "job1",
      "groupid" : 0,
      "error" : 0,
      "eta" : 0,
      "elapsed" : 721,
      "job options" : {
        "directory" : "/mnt/ext4"
      },
      "read" : {
        "io_bytes" : 386571284480,
        "io_kbytes" : 377511020,
        "bw_bytes" : 536850131,
        "bw" : 524267,
        "iops" : 131066.926548,
        "runtime" : 720073,
        "total_ios" : 94377755,
        "short_ios" : 0,
        "drop_ios" : 0,
        "slat_ns" : {
          "min" : 1180,
          "max" : 55882547,
          "mean" : 757009.235884,
          "stddev" : 1430270.986990,
          "N" : 94377755
        },
        "clat_ns" : {
          "min" : 58251,
          "max" : 2276424960,
          "mean" : 761139976.896903,
          "stddev" : 271900933.602746,
          "N" : 94377755,
          "percentile" : {
            "1.000000" : 212860928,
            "5.000000" : 304087040,
            "10.000000" : 387973120,
            "20.000000" : 513802240,
            "30.000000" : 608174080,
            "40.000000" : 692060160,
            "50.000000" : 767557632,
            "60.000000" : 843055104,
            "70.000000" : 918552576,
            "80.000000" : 1002438656,
            "90.000000" : 1115684864,
            "95.000000" : 1199570944,
            "99.000000" : 1367343104,
            "99.500000" : 1434451968,
            "99.900000" : 1585446912,
            "99.950000" : 1652555776,
            "99.990000" : 1803550720
          }
        },
        "lat_ns" : {
          "min" : 61071,
          "max" : 2276431030,
          "mean" : 761896986.132788,
          "stddev" : 272076317.687076,
          "N" : 94377755
        },
        "bw_min" : 116363,
        "bw_max" : 2018848,
        "bw_agg" : 99.953706,
        "bw_mean" : 524025.035023,
        "bw_dev" : 243.369572,
        "bw_samples" : 1430488,
        "iops_min" : 28428,
        "iops_max" : 504399,
        "iops_mean" : 130579.690220,
        "iops_stddev" : 60.900162,
        "iops_samples" : 1430488
      },
      "write" : {
        "io_bytes" : 3479083421696,
        "io_kbytes" : 3397542404,
        "bw_bytes" : 4831570440,
        "bw" : 4718330,
        "iops" : 1179582.627039,
        "runtime" : 720073,
        "total_ios" : 849385601,
        "short_ios" : 0,
        "drop_ios" : 0,
        "slat_ns" : {
          "min" : 1250,
          "max" : 119496357,
          "mean" : 761067.488840,
          "stddev" : 1511481.928197,
          "N" : 849385601
        },
        "clat_ns" : {
          "min" : 40540,
          "max" : 2280941407,
          "mean" : 761929459.405292,
          "stddev" : 271880286.350178,
          "N" : 849385601,
          "percentile" : {
            "1.000000" : 214958080,
            "5.000000" : 304087040,
            "10.000000" : 387973120,
            "20.000000" : 513802240,
            "30.000000" : 608174080,
            "40.000000" : 692060160,
            "50.000000" : 767557632,
            "60.000000" : 843055104,
            "70.000000" : 918552576,
            "80.000000" : 1002438656,
            "90.000000" : 1115684864,
            "95.000000" : 1199570944,
            "99.000000" : 1367343104,
            "99.500000" : 1434451968,
            "99.900000" : 1585446912,
            "99.950000" : 1652555776,
            "99.990000" : 1803550720
          }
        },
        "lat_ns" : {
          "min" : 43870,
          "max" : 2283401441,
          "mean" : 762690526.894132,
          "stddev" : 272055164.345227,
          "N" : 849385601
        },
        "bw_min" : 1270199,
        "bw_max" : 17849807,
        "bw_agg" : 100.000000,
        "bw_mean" : 4719922.025295,
        "bw_dev" : 2119.008938,
        "bw_samples" : 1430493,
        "iops_min" : 317219,
        "iops_max" : 4462091,
        "iops_mean" : 1179617.415028,
        "iops_stddev" : 529.754113,
        "iops_samples" : 1430493
      },
      "trim" : {
        "io_bytes" : 0,
        "io_kbytes" : 0,
        "bw_bytes" : 0,
        "bw" : 0,
        "iops" : 0.000000,
        "runtime" : 0,
        "total_ios" : 0,
        "short_ios" : 0,
        "drop_ios" : 0,
        "slat_ns" : {
          "min" : 0,
          "max" : 0,
          "mean" : 0.000000,
          "stddev" : 0.000000,
          "N" : 0
        },
        "clat_ns" : {
          "min" : 0,
          "max" : 0,
          "mean" : 0.000000,
          "stddev" : 0.000000,
          "N" : 0
        },
        "lat_ns" : {
          "min" : 0,
          "max" : 0,
          "mean" : 0.000000,
          "stddev" : 0.000000,
          "N" : 0
        },
        "bw_min" : 0,
        "bw_max" : 0,
        "bw_agg" : 0.000000,
        "bw_mean" : 0.000000,
        "bw_dev" : 0.000000,
        "bw_samples" : 0,
        "iops_min" : 0,
        "iops_max" : 0,
        "iops_mean" : 0.000000,
        "iops_stddev" : 0.000000,
        "iops_samples" : 0
      },
      "sync" : {
        "total_ios" : 0,
        "lat_ns" : {
          "min" : 0,
          "max" : 0,
          "mean" : 0.000000,
          "stddev" : 0.000000,
          "N" : 0
        }
      },
      "job_runtime" : 720058410,
      "usr_cpu" : 0.171451,
      "sys_cpu" : 4.745652,
      "ctx" : 1399748478,
      "majf" : 0,
      "minf" : 3535,
      "iodepth_level" : {
        "1" : 0.100000,
        "2" : 0.100000,
        "4" : 0.100000,
        "8" : 0.100000,
        "16" : 0.100000,
        "32" : 0.100000,
        ">=64" : 99.993325
      },
      "iodepth_submit" : {
        "0" : 0.000000,
        "4" : 100.000000,
        "8" : 0.000000,
        "16" : 0.000000,
        "32" : 0.000000,
        "64" : 0.000000,
        ">=64" : 0.000000
      },
      "iodepth_complete" : {
        "0" : 0.000000,
        "4" : 99.999894,
        "8" : 0.000000,
        "16" : 0.000000,
        "32" : 0.000000,
        "64" : 0.000000,
        ">=64" : 0.100000
      },
      "latency_ns" : {
        "2" : 0.000000,
        "4" : 0.000000,
        "10" : 0.000000,
        "20" : 0.000000,
        "50" : 0.000000,
        "100" : 0.000000,
        "250" : 0.000000,
        "500" : 0.000000,
        "750" : 0.000000,
        "1000" : 0.000000
      },
      "latency_us" : {
        "2" : 0.000000,
        "4" : 0.000000,
        "10" : 0.000000,
        "20" : 0.000000,
        "50" : 0.010000,
        "100" : 0.010000,
        "250" : 0.010000,
        "500" : 0.010000,
        "750" : 0.010000,
        "1000" : 0.010000
      },
      "latency_ms" : {
        "2" : 0.010000,
        "4" : 0.010000,
        "10" : 0.010000,
        "20" : 0.010000,
        "50" : 0.010000,
        "100" : 0.023672,
        "250" : 2.449411,
        "500" : 16.136519,
        "750" : 29.149394,
        "1000" : 32.106208,
        "2000" : 20.119641,
        ">=2000" : 0.010000
      },
      "latency_depth" : 1000,
      "latency_target" : 0,
      "latency_percentile" : 100.000000,
      "latency_window" : 0
    }
  ],
  "disk_util" : [
    {
      "name" : "nvme0n1",
      "read_ios" : 94352504,
      "write_ios" : 849347611,
      "read_merges" : 0,
      "write_merges" : 0,
      "read_ticks" : 364140876,
      "write_ticks" : -574601352,
      "in_queue" : -210460476,
      "util" : 100.000000
    }
  ]
}
