{
  "fio version" : "fio-3.33",
  "timestamp" : 1754485319,
  "timestamp_ms" : 1754485319049,
  "time" : "Wed Aug  6 13:01:59 2025",
  "global options" : {
    "ioengine" : "libaio",
    "direct" : "1",
    "thread" : "1",
    "time_based" : "1",
    "runtime" : "720",
    "group_reporting" : "1",
    "rw" : "randrw",
    "rwmixread" : "10",
    "bs" : "4k",
    "iodepth" : "1000",
    "numjobs" : "1000",
    "size" : "1M",
    "randrepeat" : "0",
    "norandommap" : "1"
  },
  "jobs" : [
    {
      "jobname" : "job1",
      "groupid" : 0,
      "error" : 0,
      "eta" : 0,
      "elapsed" : 721,
      "job options" : {
        "directory" : "/mnt/xfs"
      },
      "read" : {
        "io_bytes" : 387542646784,
        "io_kbytes" : 378459616,
        "bw_bytes" : 538178181,
        "bw" : 525564,
        "iops" : 131391.157629,
        "runtime" : 720101,
        "total_ios" : 94614904,
        "short_ios" : 0,
        "drop_ios" : 0,
        "slat_ns" : {
          "min" : 1120,
          "max" : 124027348,
          "mean" : 759708.659371,
          "stddev" : 1492499.529467,
          "N" : 94614904
        },
        "clat_ns" : {
          "min" : 49151,
          "max" : 2761994275,
          "mean" : 759368307.125875,
          "stddev" : 313308710.703414,
          "N" : 94614904,
          "percentile" : {
            "1.000000" : 191889408,
            "5.000000" : 240123904,
            "10.000000" : 316669952,
            "20.000000" : 471859200,
            "30.000000" : 583008256,
            "40.000000" : 683671552,
            "50.000000" : 767557632,
            "60.000000" : 843055104,
            "70.000000" : 926941184,
            "80.000000" : 1019215872,
            "90.000000" : 1149239296,
            "95.000000" : 1266679808,
            "99.000000" : 1535115264,
            "99.500000" : 1652555776,
            "99.900000" : 1920991232,
            "99.950000" : 2038431744,
            "99.990000" : 2264924160
          }
        },
        "lat_ns" : {
          "min" : 51881,
          "max" : 2763152202,
          "mean" : 760128015.785247,
          "stddev" : 313527954.207380,
          "N" : 94614904
        },
        "bw_min" : 84346,
        "bw_max" : 2419675,
        "bw_agg" : 99.965441,
        "bw_mean" : 525383.136795,
        "bw_dev" : 284.789391,
        "bw_samples" : 1430843,
        "iops_min" : 20387,
        "iops_max" : 604409,
        "iops_mean" : 130904.569213,
        "iops_stddev" : 71.265312,
        "iops_samples" : 1430843
      },
      "write" : {
        "io_bytes" : 3487261990912,
        "io_kbytes" : 3405529288,
        "bw_bytes" : 4842740103,
        "bw" : 4729238,
        "iops" : 1182309.595460,
        "runtime" : 720101,
        "total_ios" : 851382322,
        "short_ios" : 0,
        "drop_ios" : 0,
        "slat_ns" : {
          "min" : 1200,
          "max" : 135486175,
          "mean" : 758706.625986,
          "stddev" : 1491108.143934,
          "N" : 851382322
        },
        "clat_ns" : {
          "min" : 318722,
          "max" : 2765771628,
          "mean" : 760093941.941149,
          "stddev" : 313290977.560228,
          "N" : 851382322,
          "percentile" : {
            "1.000000" : 191889408,
            "5.000000" : 240123904,
            "10.000000" : 316669952,
            "20.000000" : 471859200,
            "30.000000" : 583008256,
            "40.000000" : 683671552,
            "50.000000" : 767557632,
            "60.000000" : 843055104,
            "70.000000" : 926941184,
            "80.000000" : 1027604480,
            "90.000000" : 1149239296,
            "95.000000" : 1266679808,
            "99.000000" : 1535115264,
            "99.500000" : 1652555776,
            "99.900000" : 1920991232,
            "99.950000" : 2038431744,
            "99.990000" : 2264924160
          }
        },
        "lat_ns" : {
          "min" : 322082,
          "max" : 2767777400,
          "mean" : 760852648.567137,
          "stddev" : 313509054.167341,
          "N" : 851382322
        },
        "bw_min" : 924921,
        "bw_max" : 21431388,
        "bw_agg" : 100.000000,
        "bw_mean" : 4731388.044880,
        "bw_dev" : 2501.598569,
        "bw_samples" : 1430852,
        "iops_min" : 230836,
        "iops_max" : 5357484,
        "iops_mean" : 1182480.161303,
        "iops_stddev" : 625.401163,
        "iops_samples" : 1430852
      },
      "trim" : {
        "io_bytes" : 0,
        "io_kbytes" : 0,
        "bw_bytes" : 0,
        "bw" : 0,
        "iops" : 0.000000,
        "runtime" : 0,
        "total_ios" : 0,
        "short_ios" : 0,
        "drop_ios" : 0,
        "slat_ns" : {
          "min" : 0,
          "max" : 0,
          "mean" : 0.000000,
          "stddev" : 0.000000,
          "N" : 0
        },
        "clat_ns" : {
          "min" : 0,
          "max" : 0,
          "mean" : 0.000000,
          "stddev" : 0.000000,
          "N" : 0
        },
        "lat_ns" : {
          "min" : 0,
          "max" : 0,
          "mean" : 0.000000,
          "stddev" : 0.000000,
          "N" : 0
        },
        "bw_min" : 0,
        "bw_max" : 0,
        "bw_agg" : 0.000000,
        "bw_mean" : 0.000000,
        "bw_dev" : 0.000000,
        "bw_samples" : 0,
        "iops_min" : 0,
        "iops_max" : 0,
        "iops_mean" : 0.000000,
        "iops_stddev" : 0.000000,
        "iops_samples" : 0
      },
      "sync" : {
        "total_ios" : 0,
        "lat_ns" : {
          "min" : 0,
          "max" : 0,
          "mean" : 0.000000,
          "stddev" : 0.000000,
          "N" : 0
        }
      },
      "job_runtime" : 720049776,
      "usr_cpu" : 0.177512,
      "sys_cpu" : 4.664912,
      "ctx" : 1411144391,
      "majf" : 0,
      "minf" : 3650,
      "iodepth_level" : {
        "1" : 0.100000,
        "2" : 0.100000,
        "4" : 0.100000,
        "8" : 0.100000,
        "16" : 0.100000,
        "32" : 0.100000,
        ">=64" : 99.993340
      },
      "iodepth_submit" : {
        "0" : 0.000000,
        "4" : 100.000000,
        "8" : 0.000000,
        "16" : 0.000000,
        "32" : 0.000000,
        "64" : 0.000000,
        ">=64" : 0.000000
      },
      "iodepth_complete" : {
        "0" : 0.000000,
        "4" : 99.999894,
        "8" : 0.000000,
        "16" : 0.000000,
        "32" : 0.000000,
        "64" : 0.000000,
        ">=64" : 0.100000
      },
      "latency_ns" : {
        "2" : 0.000000,
        "4" : 0.000000,
        "10" : 0.000000,
        "20" : 0.000000,
        "50" : 0.000000,
        "100" : 0.000000,
        "250" : 0.000000,
        "500" : 0.000000,
        "750" : 0.000000,
        "1000" : 0.000000
      },
      "latency_us" : {
        "2" : 0.000000,
        "4" : 0.000000,
        "10" : 0.000000,
        "20" : 0.000000,
        "50" : 0.010000,
        "100" : 0.010000,
        "250" : 0.010000,
        "500" : 0.010000,
        "750" : 0.010000,
        "1000" : 0.010000
      },
      "latency_ms" : {
        "2" : 0.010000,
        "4" : 0.010000,
        "10" : 0.010000,
        "20" : 0.010000,
        "50" : 0.019417,
        "100" : 0.033742,
        "250" : 5.696713,
        "500" : 16.368975,
        "750" : 26.031888,
        "1000" : 29.521727,
        "2000" : 22.257250,
        ">=2000" : 0.061164
      },
      "latency_depth" : 1000,
      "latency_target" : 0,
      "latency_percentile" : 100.000000,
      "latency_window" : 0
    }
  ],
  "disk_util" : [
    {
      "name" : "nvme2n1",
      "read_ios" : 94582316,
      "write_ios" : 851088748,
      "read_merges" : 0,
      "write_merges" : 0,
      "read_ticks" : 375691108,
      "write_ticks" : -490077256,
      "in_queue" : -114386148,
      "util" : 100.000000
    }
  ]
}
