{
  "fio version" : "fio-3.33",
  "timestamp" : 1754460818,
  "timestamp_ms" : 1754460818734,
  "time" : "Wed Aug  6 06:13:38 2025",
  "global options" : {
    "ioengine" : "libaio",
    "direct" : "1",
    "thread" : "1",
    "time_based" : "1",
    "runtime" : "720",
    "group_reporting" : "1",
    "rw" : "randrw",
    "rwmixread" : "10",
    "bs" : "4k",
    "iodepth" : "1000",
    "numjobs" : "1000",
    "size" : "1M",
    "randrepeat" : "0",
    "norandommap" : "1"
  },
  "jobs" : [
    {
      "jobname" : "job1",
      "groupid" : 0,
      "error" : 0,
      "eta" : 0,
      "elapsed" : 721,
      "job options" : {
        "directory" : "/mnt/ext4"
      },
      "read" : {
        "io_bytes" : 384592592896,
        "io_kbytes" : 375578704,
        "bw_bytes" : 534111127,
        "bw" : 521592,
        "iops" : 130398.224595,
        "runtime" : 720061,
        "total_ios" : 93894676,
        "short_ios" : 0,
        "drop_ios" : 0,
        "slat_ns" : {
          "min" : 1010,
          "max" : 59220015,
          "mean" : 761715.069045,
          "stddev" : 1440438.248367,
          "N" : 93894676
        },
        "clat_ns" : {
          "min" : 30640,
          "max" : 2548370033,
          "mean" : 765201643.173485,
          "stddev" : 276777272.193157,
          "N" : 93894676,
          "percentile" : {
            "1.000000" : 229638144,
            "5.000000" : 308281344,
            "10.000000" : 400556032,
            "20.000000" : 526385152,
            "30.000000" : 616562688,
            "40.000000" : 692060160,
            "50.000000" : 759169024,
            "60.000000" : 826277888,
            "70.000000" : 901775360,
            "80.000000" : 994050048,
            "90.000000" : 1115684864,
            "95.000000" : 1233125376,
            "99.000000" : 1468006400,
            "99.500000" : 1568669696,
            "99.900000" : 1769996288,
            "99.950000" : 1853882368,
            "99.990000" : 2071986176
          }
        },
        "lat_ns" : {
          "min" : 34451,
          "max" : 2548373083,
          "mean" : 765963358.242533,
          "stddev" : 276974057.243248,
          "N" : 93894676
        },
        "bw_min" : 95087,
        "bw_max" : 1958031,
        "bw_agg" : 99.967619,
        "bw_mean" : 521424.444267,
        "bw_dev" : 239.907204,
        "bw_samples" : 1431164,
        "iops_min" : 23066,
        "iops_max" : 489266,
        "iops_mean" : 129936.617041,
        "iops_stddev" : 60.046494,
        "iops_samples" : 1431164
      },
      "write" : {
        "io_bytes" : 3460970278912,
        "io_kbytes" : 3379853788,
        "bw_bytes" : 4806495948,
        "bw" : 4693843,
        "iops" : 1173460.924838,
        "runtime" : 720061,
        "total_ios" : 844963447,
        "short_ios" : 0,
        "drop_ios" : 0,
        "slat_ns" : {
          "min" : 1070,
          "max" : 113775888,
          "mean" : 765199.902909,
          "stddev" : 1510673.936304,
          "N" : 844963447
        },
        "clat_ns" : {
          "min" : 9370,
          "max" : 2560051605,
          "mean" : 765843722.692338,
          "stddev" : 276809259.151592,
          "N" : 844963447,
          "percentile" : {
            "1.000000" : 229638144,
            "5.000000" : 308281344,
            "10.000000" : 400556032,
            "20.000000" : 526385152,
            "30.000000" : 616562688,
            "40.000000" : 692060160,
            "50.000000" : 759169024,
            "60.000000" : 826277888,
            "70.000000" : 901775360,
            "80.000000" : 994050048,
            "90.000000" : 1115684864,
            "95.000000" : 1233125376,
            "99.000000" : 1468006400,
            "99.500000" : 1568669696,
            "99.900000" : 1769996288,
            "99.950000" : 1853882368,
            "99.990000" : 2071986176
          }
        },
        "lat_ns" : {
          "min" : 11180,
          "max" : 2560264286,
          "mean" : 766608922.595247,
          "stddev" : 277006218.515746,
          "N" : 844963447
        },
        "bw_min" : 1018237,
        "bw_max" : 17155430,
        "bw_agg" : 100.000000,
        "bw_mean" : 4696081.371026,
        "bw_dev" : 2089.116272,
        "bw_samples" : 1431181,
        "iops_min" : 254142,
        "iops_max" : 4288501,
        "iops_mean" : 1173661.092362,
        "iops_stddev" : 522.280928,
        "iops_samples" : 1431181
      },
      "trim" : {
        "io_bytes" : 0,
        "io_kbytes" : 0,
        "bw_bytes" : 0,
        "bw" : 0,
        "iops" : 0.000000,
        "runtime" : 0,
        "total_ios" : 0,
        "short_ios" : 0,
        "drop_ios" : 0,
        "slat_ns" : {
          "min" : 0,
          "max" : 0,
          "mean" : 0.000000,
          "stddev" : 0.000000,
          "N" : 0
        },
        "clat_ns" : {
          "min" : 0,
          "max" : 0,
          "mean" : 0.000000,
          "stddev" : 0.000000,
          "N" : 0
        },
        "lat_ns" : {
          "min" : 0,
          "max" : 0,
          "mean" : 0.000000,
          "stddev" : 0.000000,
          "N" : 0
        },
        "bw_min" : 0,
        "bw_max" : 0,
        "bw_agg" : 0.000000,
        "bw_mean" : 0.000000,
        "bw_dev" : 0.000000,
        "bw_samples" : 0,
        "iops_min" : 0,
        "iops_max" : 0,
        "iops_mean" : 0.000000,
        "iops_stddev" : 0.000000,
        "iops_samples" : 0
      },
      "sync" : {
        "total_ios" : 0,
        "lat_ns" : {
          "min" : 0,
          "max" : 0,
          "mean" : 0.000000,
          "stddev" : 0.000000,
          "N" : 0
        }
      },
      "job_runtime" : 720049918,
      "usr_cpu" : 0.175535,
      "sys_cpu" : 4.536820,
      "ctx" : 1490466568,
      "majf" : 0,
      "minf" : 3657,
      "iodepth_level" : {
        "1" : 0.100000,
        "2" : 0.100000,
        "4" : 0.100000,
        "8" : 0.100000,
        "16" : 0.100000,
        "32" : 0.100000,
        ">=64" : 99.993290
      },
      "iodepth_submit" : {
        "0" : 0.000000,
        "4" : 100.000000,
        "8" : 0.000000,
        "16" : 0.000000,
        "32" : 0.000000,
        "64" : 0.000000,
        ">=64" : 0.000000
      },
      "iodepth_complete" : {
        "0" : 0.000000,
        "4" : 99.999893,
        "8" : 0.000000,
        "16" : 0.000000,
        "32" : 0.000000,
        "64" : 0.000000,
        ">=64" : 0.100000
      },
      "latency_ns" : {
        "2" : 0.000000,
        "4" : 0.000000,
        "10" : 0.000000,
        "20" : 0.000000,
        "50" : 0.000000,
        "100" : 0.000000,
        "250" : 0.000000,
        "500" : 0.000000,
        "750" : 0.000000,
        "1000" : 0.000000
      },
      "latency_us" : {
        "2" : 0.000000,
        "4" : 0.000000,
        "10" : 0.010000,
        "20" : 0.010000,
        "50" : 0.010000,
        "100" : 0.010000,
        "250" : 0.010000,
        "500" : 0.010000,
        "750" : 0.010000,
        "1000" : 0.010000
      },
      "latency_ms" : {
        "2" : 0.010000,
        "4" : 0.010000,
        "10" : 0.010000,
        "20" : 0.010000,
        "50" : 0.010000,
        "100" : 0.019046,
        "250" : 1.919660,
        "500" : 15.705188,
        "750" : 30.890097,
        "1000" : 32.142021,
        "2000" : 19.292672,
        ">=2000" : 0.018410
      },
      "latency_depth" : 1000,
      "latency_target" : 0,
      "latency_percentile" : 100.000000,
      "latency_window" : 0
    }
  ],
  "disk_util" : [
    {
      "name" : "nvme0n1",
      "read_ios" : 93879943,
      "write_ios" : 845003950,
      "read_merges" : 0,
      "write_merges" : 0,
      "read_ticks" : 365612512,
      "write_ticks" : 3732050112,
      "in_queue" : 4097662624,
      "util" : 100.000000
    }
  ]
}
