{
  "fio version" : "fio-3.33",
  "timestamp" : 1754493414,
  "timestamp_ms" : 1754493414748,
  "time" : "Wed Aug  6 15:16:54 2025",
  "global options" : {
    "ioengine" : "libaio",
    "direct" : "1",
    "thread" : "1",
    "time_based" : "1",
    "runtime" : "720",
    "group_reporting" : "1",
    "rw" : "randrw",
    "rwmixread" : "10",
    "bs" : "4k",
    "iodepth" : "1000",
    "numjobs" : "1000",
    "size" : "1M",
    "randrepeat" : "0",
    "norandommap" : "1"
  },
  "jobs" : [
    {
      "jobname" : "job1",
      "groupid" : 0,
      "error" : 0,
      "eta" : 0,
      "elapsed" : 721,
      "job options" : {
        "directory" : "/mnt/xfs"
      },
      "read" : {
        "io_bytes" : 387370487808,
        "io_kbytes" : 378291492,
        "bw_bytes" : 537960023,
        "bw" : 525351,
        "iops" : 131337.896297,
        "runtime" : 720073,
        "total_ios" : 94572873,
        "short_ios" : 0,
        "drop_ios" : 0,
        "slat_ns" : {
          "min" : 1160,
          "max" : 57538886,
          "mean" : 759899.446370,
          "stddev" : 1427674.909264,
          "N" : 94572873
        },
        "clat_ns" : {
          "min" : 180551,
          "max" : 2061989567,
          "mean" : 759631854.705728,
          "stddev" : 269225734.490843,
          "N" : 94572873,
          "percentile" : {
            "1.000000" : 214958080,
            "5.000000" : 299892736,
            "10.000000" : 387973120,
            "20.000000" : 513802240,
            "30.000000" : 608174080,
            "40.000000" : 692060160,
            "50.000000" : 767557632,
            "60.000000" : 843055104,
            "70.000000" : 918552576,
            "80.000000" : 1002438656,
            "90.000000" : 1098907648,
            "95.000000" : 1182793728,
            "99.000000" : 1350565888,
            "99.500000" : 1400897536,
            "99.900000" : 1535115264,
            "99.950000" : 1585446912,
            "99.990000" : 1702887424
          }
        },
        "lat_ns" : {
          "min" : 183391,
          "max" : 2064974564,
          "mean" : 760391754.152100,
          "stddev" : 269399214.709350,
          "N" : 94572873
        },
        "bw_min" : 121069,
        "bw_max" : 1876732,
        "bw_agg" : 99.934218,
        "bw_mean" : 525006.331797,
        "bw_dev" : 241.701002,
        "bw_samples" : 1430207,
        "iops_min" : 29642,
        "iops_max" : 468947,
        "iops_mean" : 130842.584316,
        "iops_stddev" : 60.474176,
        "iops_samples" : 1430207
      },
      "write" : {
        "io_bytes" : 3486381625344,
        "io_kbytes" : 3404669556,
        "bw_bytes" : 4841705806,
        "bw" : 4728228,
        "iops" : 1182057.081713,
        "runtime" : 720073,
        "total_ios" : 851167389,
        "short_ios" : 0,
        "drop_ios" : 0,
        "slat_ns" : {
          "min" : 1200,
          "max" : 109152896,
          "mean" : 758908.985134,
          "stddev" : 1426214.479693,
          "N" : 851167389
        },
        "clat_ns" : {
          "min" : 47500,
          "max" : 2063948238,
          "mean" : 760357339.393387,
          "stddev" : 269215605.577308,
          "N" : 851167389,
          "percentile" : {
            "1.000000" : 214958080,
            "5.000000" : 299892736,
            "10.000000" : 387973120,
            "20.000000" : 513802240,
            "30.000000" : 608174080,
            "40.000000" : 692060160,
            "50.000000" : 767557632,
            "60.000000" : 843055104,
            "70.000000" : 918552576,
            "80.000000" : 1002438656,
            "90.000000" : 1098907648,
            "95.000000" : 1182793728,
            "99.000000" : 1350565888,
            "99.500000" : 1400897536,
            "99.900000" : 1535115264,
            "99.950000" : 1585446912,
            "99.990000" : 1702887424
          }
        },
        "lat_ns" : {
          "min" : 50850,
          "max" : 2064927544,
          "mean" : 761116248.378518,
          "stddev" : 269387982.571505,
          "N" : 851167389
        },
        "bw_min" : 1309845,
        "bw_max" : 16463586,
        "bw_agg" : 100.000000,
        "bw_mean" : 4728827.773474,
        "bw_dev" : 2104.061366,
        "bw_samples" : 1430218,
        "iops_min" : 327164,
        "iops_max" : 4115546,
        "iops_mean" : 1181850.207695,
        "iops_stddev" : 526.016668,
        "iops_samples" : 1430218
      },
      "trim" : {
        "io_bytes" : 0,
        "io_kbytes" : 0,
        "bw_bytes" : 0,
        "bw" : 0,
        "iops" : 0.000000,
        "runtime" : 0,
        "total_ios" : 0,
        "short_ios" : 0,
        "drop_ios" : 0,
        "slat_ns" : {
          "min" : 0,
          "max" : 0,
          "mean" : 0.000000,
          "stddev" : 0.000000,
          "N" : 0
        },
        "clat_ns" : {
          "min" : 0,
          "max" : 0,
          "mean" : 0.000000,
          "stddev" : 0.000000,
          "N" : 0
        },
        "lat_ns" : {
          "min" : 0,
          "max" : 0,
          "mean" : 0.000000,
          "stddev" : 0.000000,
          "N" : 0
        },
        "bw_min" : 0,
        "bw_max" : 0,
        "bw_agg" : 0.000000,
        "bw_mean" : 0.000000,
        "bw_dev" : 0.000000,
        "bw_samples" : 0,
        "iops_min" : 0,
        "iops_max" : 0,
        "iops_mean" : 0.000000,
        "iops_stddev" : 0.000000,
        "iops_samples" : 0
      },
      "sync" : {
        "total_ios" : 0,
        "lat_ns" : {
          "min" : 0,
          "max" : 0,
          "mean" : 0.000000,
          "stddev" : 0.000000,
          "N" : 0
        }
      },
      "job_runtime" : 720050099,
      "usr_cpu" : 0.176752,
      "sys_cpu" : 4.738821,
      "ctx" : 1413368977,
      "majf" : 0,
      "minf" : 3622,
      "iodepth_level" : {
        "1" : 0.100000,
        "2" : 0.100000,
        "4" : 0.100000,
        "8" : 0.100000,
        "16" : 0.100000,
        "32" : 0.100000,
        ">=64" : 99.993339
      },
      "iodepth_submit" : {
        "0" : 0.000000,
        "4" : 100.000000,
        "8" : 0.000000,
        "16" : 0.000000,
        "32" : 0.000000,
        "64" : 0.000000,
        ">=64" : 0.000000
      },
      "iodepth_complete" : {
        "0" : 0.000000,
        "4" : 99.999894,
        "8" : 0.000000,
        "16" : 0.000000,
        "32" : 0.000000,
        "64" : 0.000000,
        ">=64" : 0.100000
      },
      "latency_ns" : {
        "2" : 0.000000,
        "4" : 0.000000,
        "10" : 0.000000,
        "20" : 0.000000,
        "50" : 0.000000,
        "100" : 0.000000,
        "250" : 0.000000,
        "500" : 0.000000,
        "750" : 0.000000,
        "1000" : 0.000000
      },
      "latency_us" : {
        "2" : 0.000000,
        "4" : 0.000000,
        "10" : 0.000000,
        "20" : 0.000000,
        "50" : 0.010000,
        "100" : 0.010000,
        "250" : 0.010000,
        "500" : 0.010000,
        "750" : 0.010000,
        "1000" : 0.010000
      },
      "latency_ms" : {
        "2" : 0.010000,
        "4" : 0.010000,
        "10" : 0.010000,
        "20" : 0.010000,
        "50" : 0.010000,
        "100" : 0.029443,
        "250" : 2.511350,
        "500" : 16.062018,
        "750" : 28.978164,
        "1000" : 32.522229,
        "2000" : 19.882496,
        ">=2000" : 0.010000
      },
      "latency_depth" : 1000,
      "latency_target" : 0,
      "latency_percentile" : 100.000000,
      "latency_window" : 0
    }
  ],
  "disk_util" : [
    {
      "name" : "nvme2n1",
      "read_ios" : 94553827,
      "write_ios" : 850995741,
      "read_merges" : 0,
      "write_merges" : 0,
      "read_ticks" : 375218544,
      "write_ticks" : -483593212,
      "in_queue" : 4186592628,
      "util" : 100.000000
    }
  ]
}
