{
  "fio version" : "fio-3.33",
  "timestamp" : 1754466620,
  "timestamp_ms" : 1754466620338,
  "time" : "Wed Aug  6 07:50:20 2025",
  "global options" : {
    "ioengine" : "libaio",
    "direct" : "1",
    "thread" : "1",
    "time_based" : "1",
    "runtime" : "720",
    "group_reporting" : "1",
    "rw" : "randrw",
    "rwmixread" : "10",
    "bs" : "4k",
    "iodepth" : "1000",
    "numjobs" : "1000",
    "size" : "1M",
    "randrepeat" : "0",
    "norandommap" : "1"
  },
  "jobs" : [
    {
      "jobname" : "job1",
      "groupid" : 0,
      "error" : 0,
      "eta" : 0,
      "elapsed" : 721,
      "job options" : {
        "directory" : "/mnt/xfs"
      },
      "read" : {
        "io_bytes" : 386612572160,
        "io_kbytes" : 377551340,
        "bw_bytes" : 536902249,
        "bw" : 524318,
        "iops" : 131079.650872,
        "runtime" : 720080,
        "total_ios" : 94387835,
        "short_ios" : 0,
        "drop_ios" : 0,
        "slat_ns" : {
          "min" : 1180,
          "max" : 96147569,
          "mean" : 761328.509937,
          "stddev" : 1460518.221290,
          "N" : 94387835
        },
        "clat_ns" : {
          "min" : 41590,
          "max" : 3052531150,
          "mean" : 761020177.831905,
          "stddev" : 292173564.110635,
          "N" : 94387835,
          "percentile" : {
            "1.000000" : 202375168,
            "5.000000" : 265289728,
            "10.000000" : 354418688,
            "20.000000" : 497025024,
            "30.000000" : 599785472,
            "40.000000" : 683671552,
            "50.000000" : 767557632,
            "60.000000" : 843055104,
            "70.000000" : 918552576,
            "80.000000" : 1010827264,
            "90.000000" : 1132462080,
            "95.000000" : 1233125376,
            "99.000000" : 1451229184,
            "99.500000" : 1568669696,
            "99.900000" : 1837105152,
            "99.950000" : 1954545664,
            "99.990000" : 2231369728
          }
        },
        "lat_ns" : {
          "min" : 46830,
          "max" : 3068156080,
          "mean" : 761781506.341843,
          "stddev" : 292373528.902037,
          "N" : 94387835
        },
        "bw_min" : 99397,
        "bw_max" : 2121953,
        "bw_agg" : 99.972802,
        "bw_mean" : 524176.911281,
        "bw_dev" : 261.324679,
        "bw_samples" : 1430843,
        "iops_min" : 24189,
        "iops_max" : 530043,
        "iops_mean" : 130621.588626,
        "iops_stddev" : 65.396420,
        "iops_samples" : 1430843
      },
      "write" : {
        "io_bytes" : 3479550525440,
        "io_kbytes" : 3397998560,
        "bw_bytes" : 4832172155,
        "bw" : 4718918,
        "iops" : 1179729.530052,
        "runtime" : 720080,
        "total_ios" : 849499640,
        "short_ios" : 0,
        "drop_ios" : 0,
        "slat_ns" : {
          "min" : 1210,
          "max" : 110947045,
          "mean" : 760452.963427,
          "stddev" : 1459025.542939,
          "N" : 849499640
        },
        "clat_ns" : {
          "min" : 14780,
          "max" : 3068206790,
          "mean" : 761760083.571368,
          "stddev" : 292207863.462329,
          "N" : 849499640,
          "percentile" : {
            "1.000000" : 202375168,
            "5.000000" : 265289728,
            "10.000000" : 358612992,
            "20.000000" : 501219328,
            "30.000000" : 599785472,
            "40.000000" : 692060160,
            "50.000000" : 767557632,
            "60.000000" : 843055104,
            "70.000000" : 918552576,
            "80.000000" : 1010827264,
            "90.000000" : 1132462080,
            "95.000000" : 1233125376,
            "99.000000" : 1451229184,
            "99.500000" : 1568669696,
            "99.900000" : 1837105152,
            "99.950000" : 1954545664,
            "99.990000" : 2231369728
          }
        },
        "lat_ns" : {
          "min" : 17550,
          "max" : 3068210450,
          "mean" : 762520536.534795,
          "stddev" : 292406566.070918,
          "N" : 849499640
        },
        "bw_min" : 1039205,
        "bw_max" : 18657624,
        "bw_agg" : 100.000000,
        "bw_mean" : 4721262.066940,
        "bw_dev" : 2285.544084,
        "bw_samples" : 1430862,
        "iops_min" : 259456,
        "iops_max" : 4664058,
        "iops_mean" : 1179962.118006,
        "iops_stddev" : 571.389320,
        "iops_samples" : 1430862
      },
      "trim" : {
        "io_bytes" : 0,
        "io_kbytes" : 0,
        "bw_bytes" : 0,
        "bw" : 0,
        "iops" : 0.000000,
        "runtime" : 0,
        "total_ios" : 0,
        "short_ios" : 0,
        "drop_ios" : 0,
        "slat_ns" : {
          "min" : 0,
          "max" : 0,
          "mean" : 0.000000,
          "stddev" : 0.000000,
          "N" : 0
        },
        "clat_ns" : {
          "min" : 0,
          "max" : 0,
          "mean" : 0.000000,
          "stddev" : 0.000000,
          "N" : 0
        },
        "lat_ns" : {
          "min" : 0,
          "max" : 0,
          "mean" : 0.000000,
          "stddev" : 0.000000,
          "N" : 0
        },
        "bw_min" : 0,
        "bw_max" : 0,
        "bw_agg" : 0.000000,
        "bw_mean" : 0.000000,
        "bw_dev" : 0.000000,
        "bw_samples" : 0,
        "iops_min" : 0,
        "iops_max" : 0,
        "iops_mean" : 0.000000,
        "iops_stddev" : 0.000000,
        "iops_samples" : 0
      },
      "sync" : {
        "total_ios" : 0,
        "lat_ns" : {
          "min" : 0,
          "max" : 0,
          "mean" : 0.000000,
          "stddev" : 0.000000,
          "N" : 0
        }
      },
      "job_runtime" : 720055931,
      "usr_cpu" : 0.176004,
      "sys_cpu" : 4.704447,
      "ctx" : 1403064230,
      "majf" : 0,
      "minf" : 3613,
      "iodepth_level" : {
        "1" : 0.100000,
        "2" : 0.100000,
        "4" : 0.100000,
        "8" : 0.100000,
        "16" : 0.100000,
        "32" : 0.100000,
        ">=64" : 99.993325
      },
      "iodepth_submit" : {
        "0" : 0.000000,
        "4" : 100.000000,
        "8" : 0.000000,
        "16" : 0.000000,
        "32" : 0.000000,
        "64" : 0.000000,
        ">=64" : 0.000000
      },
      "iodepth_complete" : {
        "0" : 0.000000,
        "4" : 99.999894,
        "8" : 0.000000,
        "16" : 0.000000,
        "32" : 0.000000,
        "64" : 0.000000,
        ">=64" : 0.100000
      },
      "latency_ns" : {
        "2" : 0.000000,
        "4" : 0.000000,
        "10" : 0.000000,
        "20" : 0.000000,
        "50" : 0.000000,
        "100" : 0.000000,
        "250" : 0.000000,
        "500" : 0.000000,
        "750" : 0.000000,
        "1000" : 0.000000
      },
      "latency_us" : {
        "2" : 0.000000,
        "4" : 0.000000,
        "10" : 0.000000,
        "20" : 0.010000,
        "50" : 0.010000,
        "100" : 0.010000,
        "250" : 0.010000,
        "500" : 0.010000,
        "750" : 0.010000,
        "1000" : 0.010000
      },
      "latency_ms" : {
        "2" : 0.010000,
        "4" : 0.010000,
        "10" : 0.010000,
        "20" : 0.010000,
        "50" : 0.010000,
        "100" : 0.022745,
        "250" : 4.001194,
        "500" : 16.032125,
        "750" : 27.796385,
        "1000" : 31.106363,
        "2000" : 20.997239,
        ">=2000" : 0.038396
      },
      "latency_depth" : 1000,
      "latency_target" : 0,
      "latency_percentile" : 100.000000,
      "latency_window" : 0
    }
  ],
  "disk_util" : [
    {
      "name" : "nvme2n1",
      "read_ios" : 94375483,
      "write_ios" : 849387241,
      "read_merges" : 0,
      "write_merges" : 0,
      "read_ticks" : 375062308,
      "write_ticks" : -481988680,
      "in_queue" : -106926372,
      "util" : 100.000000
    }
  ]
}
