{
  "fio version" : "fio-3.33",
  "timestamp" : 1754492693,
  "timestamp_ms" : 1754492693069,
  "time" : "Wed Aug  6 15:04:53 2025",
  "global options" : {
    "ioengine" : "libaio",
    "direct" : "1",
    "thread" : "1",
    "time_based" : "1",
    "runtime" : "720",
    "group_reporting" : "1",
    "rw" : "randrw",
    "rwmixread" : "10",
    "bs" : "4k",
    "iodepth" : "1000",
    "numjobs" : "1000",
    "size" : "1M",
    "randrepeat" : "0",
    "norandommap" : "1"
  },
  "jobs" : [
    {
      "jobname" : "job1",
      "groupid" : 0,
      "error" : 0,
      "eta" : 0,
      "elapsed" : 721,
      "job options" : {
        "directory" : "/mnt/ext4"
      },
      "read" : {
        "io_bytes" : 385748037632,
        "io_kbytes" : 376707068,
        "bw_bytes" : 535699409,
        "bw" : 523143,
        "iops" : 130785.988560,
        "runtime" : 720083,
        "total_ios" : 94176767,
        "short_ios" : 0,
        "drop_ios" : 0,
        "slat_ns" : {
          "min" : 1110,
          "max" : 123275365,
          "mean" : 759027.948331,
          "stddev" : 1462030.600453,
          "N" : 94176767
        },
        "clat_ns" : {
          "min" : 60980,
          "max" : 3498260362,
          "mean" : 762854262.167469,
          "stddev" : 302859696.777104,
          "N" : 94176767,
          "percentile" : {
            "1.000000" : 198180864,
            "5.000000" : 263192576,
            "10.000000" : 358612992,
            "20.000000" : 497025024,
            "30.000000" : 599785472,
            "40.000000" : 683671552,
            "50.000000" : 767557632,
            "60.000000" : 843055104,
            "70.000000" : 918552576,
            "80.000000" : 1002438656,
            "90.000000" : 1132462080,
            "95.000000" : 1233125376,
            "99.000000" : 1551892480,
            "99.500000" : 1769996288,
            "99.900000" : 2298478592,
            "99.950000" : 2533359616,
            "99.990000" : 2936012800
          }
        },
        "lat_ns" : {
          "min" : 63681,
          "max" : 3498263732,
          "mean" : 763613290.115801,
          "stddev" : 303070731.344159,
          "N" : 94176767
        },
        "bw_min" : 73875,
        "bw_max" : 2211609,
        "bw_agg" : 99.964837,
        "bw_mean" : 522960.341756,
        "bw_dev" : 265.138764,
        "bw_samples" : 1430063,
        "iops_min" : 17789,
        "iops_max" : 552411,
        "iops_mean" : 130306.312075,
        "iops_stddev" : 66.350307,
        "iops_samples" : 1430063
      },
      "write" : {
        "io_bytes" : 3471308103680,
        "io_kbytes" : 3389949320,
        "bw_bytes" : 4820705534,
        "bw" : 4707720,
        "iops" : 1176930.062229,
        "runtime" : 720083,
        "total_ios" : 847487330,
        "short_ios" : 0,
        "drop_ios" : 0,
        "slat_ns" : {
          "min" : 1270,
          "max" : 101137617,
          "mean" : 762712.628627,
          "stddev" : 1539583.258692,
          "N" : 847487330
        },
        "clat_ns" : {
          "min" : 52671,
          "max" : 3502843281,
          "mean" : 763546297.230142,
          "stddev" : 302855388.233635,
          "N" : 847487330,
          "percentile" : {
            "1.000000" : 198180864,
            "5.000000" : 265289728,
            "10.000000" : 358612992,
            "20.000000" : 501219328,
            "30.000000" : 599785472,
            "40.000000" : 692060160,
            "50.000000" : 767557632,
            "60.000000" : 843055104,
            "70.000000" : 918552576,
            "80.000000" : 1002438656,
            "90.000000" : 1132462080,
            "95.000000" : 1233125376,
            "99.000000" : 1551892480,
            "99.500000" : 1769996288,
            "99.900000" : 2298478592,
            "99.950000" : 2533359616,
            "99.990000" : 2936012800
          }
        },
        "lat_ns" : {
          "min" : 56171,
          "max" : 3515213625,
          "mean" : 764309009.858770,
          "stddev" : 303065692.405313,
          "N" : 847487330
        },
        "bw_min" : 830003,
        "bw_max" : 19488671,
        "bw_agg" : 100.000000,
        "bw_mean" : 4709850.769225,
        "bw_dev" : 2322.049711,
        "bw_samples" : 1430082,
        "iops_min" : 207098,
        "iops_max" : 4871814,
        "iops_mean" : 1177098.500924,
        "iops_stddev" : 580.511006,
        "iops_samples" : 1430082
      },
      "trim" : {
        "io_bytes" : 0,
        "io_kbytes" : 0,
        "bw_bytes" : 0,
        "bw" : 0,
        "iops" : 0.000000,
        "runtime" : 0,
        "total_ios" : 0,
        "short_ios" : 0,
        "drop_ios" : 0,
        "slat_ns" : {
          "min" : 0,
          "max" : 0,
          "mean" : 0.000000,
          "stddev" : 0.000000,
          "N" : 0
        },
        "clat_ns" : {
          "min" : 0,
          "max" : 0,
          "mean" : 0.000000,
          "stddev" : 0.000000,
          "N" : 0
        },
        "lat_ns" : {
          "min" : 0,
          "max" : 0,
          "mean" : 0.000000,
          "stddev" : 0.000000,
          "N" : 0
        },
        "bw_min" : 0,
        "bw_max" : 0,
        "bw_agg" : 0.000000,
        "bw_mean" : 0.000000,
        "bw_dev" : 0.000000,
        "bw_samples" : 0,
        "iops_min" : 0,
        "iops_max" : 0,
        "iops_mean" : 0.000000,
        "iops_stddev" : 0.000000,
        "iops_samples" : 0
      },
      "sync" : {
        "total_ios" : 0,
        "lat_ns" : {
          "min" : 0,
          "max" : 0,
          "mean" : 0.000000,
          "stddev" : 0.000000,
          "N" : 0
        }
      },
      "job_runtime" : 720051023,
      "usr_cpu" : 0.172922,
      "sys_cpu" : 4.753281,
      "ctx" : 1402962653,
      "majf" : 0,
      "minf" : 3524,
      "iodepth_level" : {
        "1" : 0.100000,
        "2" : 0.100000,
        "4" : 0.100000,
        "8" : 0.100000,
        "16" : 0.100000,
        "32" : 0.100000,
        ">=64" : 99.993310
      },
      "iodepth_submit" : {
        "0" : 0.000000,
        "4" : 100.000000,
        "8" : 0.000000,
        "16" : 0.000000,
        "32" : 0.000000,
        "64" : 0.000000,
        ">=64" : 0.000000
      },
      "iodepth_complete" : {
        "0" : 0.000000,
        "4" : 99.999894,
        "8" : 0.000000,
        "16" : 0.000000,
        "32" : 0.000000,
        "64" : 0.000000,
        ">=64" : 0.100000
      },
      "latency_ns" : {
        "2" : 0.000000,
        "4" : 0.000000,
        "10" : 0.000000,
        "20" : 0.000000,
        "50" : 0.000000,
        "100" : 0.000000,
        "250" : 0.000000,
        "500" : 0.000000,
        "750" : 0.000000,
        "1000" : 0.000000
      },
      "latency_us" : {
        "2" : 0.000000,
        "4" : 0.000000,
        "10" : 0.000000,
        "20" : 0.000000,
        "50" : 0.000000,
        "100" : 0.010000,
        "250" : 0.010000,
        "500" : 0.010000,
        "750" : 0.010000,
        "1000" : 0.010000
      },
      "latency_ms" : {
        "2" : 0.010000,
        "4" : 0.010000,
        "10" : 0.010000,
        "20" : 0.010000,
        "50" : 0.010376,
        "100" : 0.028863,
        "250" : 4.155116,
        "500" : 15.844369,
        "750" : 28.011216,
        "1000" : 31.389192,
        "2000" : 20.295488,
        ">=2000" : 0.260270
      },
      "latency_depth" : 1000,
      "latency_target" : 0,
      "latency_percentile" : 100.000000,
      "latency_window" : 0
    }
  ],
  "disk_util" : [
    {
      "name" : "nvme0n1",
      "read_ios" : 94174160,
      "write_ios" : 847648392,
      "read_merges" : 0,
      "write_merges" : 0,
      "read_ticks" : 365939268,
      "write_ticks" : -562749336,
      "in_queue" : -196810068,
      "util" : 100.000000
    }
  ]
}
