{
  "fio version" : "fio-3.33",
  "timestamp" : 1754467369,
  "timestamp_ms" : 1754467369695,
  "time" : "Wed Aug  6 08:02:49 2025",
  "global options" : {
    "ioengine" : "libaio",
    "direct" : "1",
    "time_based" : "1",
    "runtime" : "720",
    "group_reporting" : "1"
  },
  "jobs" : [
    {
      "jobname" : "rocksdb-wal",
      "groupid" : 0,
      "error" : 0,
      "eta" : 0,
      "elapsed" : 721,
      "job options" : {
        "name" : "rocksdb-compaction-write",
        "ioengine" : "libaio",
        "rw" : "write",
        "bs" : "1M",
        "size" : "50G",
        "iodepth" : "8",
        "filename" : "/mnt/ext4/compaction_output.dat"
      },
      "read" : {
        "io_bytes" : 4646796001280,
        "io_kbytes" : 4537886720,
        "bw_bytes" : 6453874371,
        "bw" : 6302611,
        "iops" : 6154.894229,
        "runtime" : 720001,
        "total_ios" : 4431530,
        "short_ios" : 0,
        "drop_ios" : 0,
        "slat_ns" : {
          "min" : 7360,
          "max" : 3837264,
          "mean" : 16507.180678,
          "stddev" : 6936.308358,
          "N" : 4431530
        },
        "clat_ns" : {
          "min" : 146071,
          "max" : 7046410,
          "mean" : 633086.923098,
          "stddev" : 156379.000368,
          "N" : 4431530,
          "percentile" : {
            "1.000000" : 362496,
            "5.000000" : 423936,
            "10.000000" : 452608,
            "20.000000" : 497664,
            "30.000000" : 528384,
            "40.000000" : 569344,
            "50.000000" : 602112,
            "60.000000" : 651264,
            "70.000000" : 708608,
            "80.000000" : 782336,
            "90.000000" : 864256,
            "95.000000" : 921600,
            "99.000000" : 1011712,
            "99.500000" : 1044480,
            "99.900000" : 1122304,
            "99.950000" : 1171456,
            "99.990000" : 1400832
          }
        },
        "lat_ns" : {
          "min" : 158691,
          "max" : 7056210,
          "mean" : 649594.103777,
          "stddev" : 156113.329229,
          "N" : 4431530
        },
        "bw_min" : 5941248,
        "bw_max" : 7020544,
        "bw_agg" : 100.000000,
        "bw_mean" : 6305526.361362,
        "bw_dev" : 289753.257805,
        "bw_samples" : 1439,
        "iops_min" : 5802,
        "iops_max" : 6856,
        "iops_mean" : 6157.701876,
        "iops_stddev" : 282.971921,
        "iops_samples" : 1439
      },
      "write" : {
        "io_bytes" : 1352610742272,
        "io_kbytes" : 1320908928,
        "bw_bytes" : 1878618203,
        "bw" : 1834588,
        "iops" : 7528.118633,
        "runtime" : 720003,
        "total_ios" : 5420268,
        "short_ios" : 0,
        "drop_ios" : 0,
        "slat_ns" : {
          "min" : 2260,
          "max" : 9377835,
          "mean" : 7483.873464,
          "stddev" : 16296.680894,
          "N" : 5171480
        },
        "clat_ns" : {
          "min" : 13190,
          "max" : 53323045,
          "mean" : 5438779.762130,
          "stddev" : 1185926.848995,
          "N" : 5420268,
          "percentile" : {
            "1.000000" : 19840,
            "5.000000" : 4014080,
            "10.000000" : 4489216,
            "20.000000" : 4882432,
            "30.000000" : 5144576,
            "40.000000" : 5341184,
            "50.000000" : 5537792,
            "60.000000" : 5734400,
            "70.000000" : 5931008,
            "80.000000" : 6193152,
            "90.000000" : 6455296,
            "95.000000" : 6651904,
            "99.000000" : 7372800,
            "99.500000" : 8093696,
            "99.900000" : 12910592,
            "99.950000" : 15007744,
            "99.990000" : 20316160
          }
        },
        "lat_ns" : {
          "min" : 13310,
          "max" : 53339505,
          "mean" : 5445927.144569,
          "stddev" : 1186729.000004,
          "N" : 5420268
        },
        "bw_min" : 1540704,
        "bw_max" : 2261596,
        "bw_agg" : 100.000000,
        "bw_mean" : 1835450.950660,
        "bw_dev" : 59285.459280,
        "bw_samples" : 5756,
        "iops_min" : 6234,
        "iops_max" : 9552,
        "iops_mean" : 7531.623350,
        "iops_stddev" : 180.156226,
        "iops_samples" : 5756
      },
      "trim" : {
        "io_bytes" : 0,
        "io_kbytes" : 0,
        "bw_bytes" : 0,
        "bw" : 0,
        "iops" : 0.000000,
        "runtime" : 0,
        "total_ios" : 0,
        "short_ios" : 0,
        "drop_ios" : 0,
        "slat_ns" : {
          "min" : 0,
          "max" : 0,
          "mean" : 0.000000,
          "stddev" : 0.000000,
          "N" : 0
        },
        "clat_ns" : {
          "min" : 0,
          "max" : 0,
          "mean" : 0.000000,
          "stddev" : 0.000000,
          "N" : 0
        },
        "lat_ns" : {
          "min" : 0,
          "max" : 0,
          "mean" : 0.000000,
          "stddev" : 0.000000,
          "N" : 0
        },
        "bw_min" : 0,
        "bw_max" : 0,
        "bw_agg" : 0.000000,
        "bw_mean" : 0.000000,
        "bw_dev" : 0.000000,
        "bw_samples" : 0,
        "iops_min" : 0,
        "iops_max" : 0,
        "iops_mean" : 0.000000,
        "iops_stddev" : 0.000000,
        "iops_samples" : 0
      },
      "sync" : {
        "total_ios" : 0,
        "lat_ns" : {
          "min" : 0,
          "max" : 0,
          "mean" : 0.000000,
          "stddev" : 0.000000,
          "N" : 0
        }
      },
      "job_runtime" : 3600005,
      "usr_cpu" : 0.539194,
      "sys_cpu" : 3.331245,
      "ctx" : 9212652,
      "majf" : 0,
      "minf" : 574,
      "iodepth_level" : {
        "1" : 2.525346,
        "2" : 0.100000,
        "4" : 44.982033,
        "8" : 10.424940,
        "16" : 42.067600,
        "32" : 0.000000,
        ">=64" : 0.000000
      },
      "iodepth_submit" : {
        "0" : 0.000000,
        "4" : 100.000000,
        "8" : 0.000000,
        "16" : 0.000000,
        "32" : 0.000000,
        "64" : 0.000000,
        ">=64" : 0.000000
      },
      "iodepth_complete" : {
        "0" : 0.000000,
        "4" : 99.999970,
        "8" : 0.100000,
        "16" : 0.100000,
        "32" : 0.000000,
        "64" : 0.000000,
        ">=64" : 0.000000
      },
      "latency_ns" : {
        "2" : 0.000000,
        "4" : 0.000000,
        "10" : 0.000000,
        "20" : 0.000000,
        "50" : 0.000000,
        "100" : 0.000000,
        "250" : 0.000000,
        "500" : 0.000000,
        "750" : 0.000000,
        "1000" : 0.000000
      },
      "latency_us" : {
        "2" : 0.000000,
        "4" : 0.000000,
        "10" : 0.000000,
        "20" : 0.556508,
        "50" : 0.251457,
        "100" : 0.315658,
        "250" : 0.048915,
        "500" : 9.398213,
        "750" : 24.850936,
        "1000" : 10.166327
      },
      "latency_ms" : {
        "2" : 0.616862,
        "4" : 1.459368,
        "10" : 52.200512,
        "20" : 0.129570,
        "50" : 0.010000,
        "100" : 0.010000,
        "250" : 0.000000,
        "500" : 0.000000,
        "750" : 0.000000,
        "1000" : 0.000000,
        "2000" : 0.000000,
        ">=2000" : 0.000000
      },
      "latency_depth" : 8,
      "latency_target" : 0,
      "latency_percentile" : 100.000000,
      "latency_window" : 0
    }
  ],
  "disk_util" : [
    {
      "name" : "nvme0n1",
      "read_ios" : 35450839,
      "write_ios" : 12610508,
      "read_merges" : 0,
      "write_merges" : 0,
      "read_ticks" : 16664168,
      "write_ticks" : 67591244,
      "in_queue" : 84255412,
      "util" : 100.000000
    }
  ]
}
