{
  "fio version" : "fio-3.33",
  "timestamp" : 1754508005,
  "timestamp_ms" : 1754508005470,
  "time" : "Wed Aug  6 19:20:05 2025",
  "global options" : {
    "ioengine" : "libaio",
    "direct" : "1",
    "time_based" : "1",
    "runtime" : "720",
    "group_reporting" : "1"
  },
  "jobs" : [
    {
      "jobname" : "rocksdb-wal",
      "groupid" : 0,
      "error" : 0,
      "eta" : 0,
      "elapsed" : 721,
      "job options" : {
        "name" : "rocksdb-compaction-write",
        "ioengine" : "libaio",
        "rw" : "write",
        "bs" : "1M",
        "size" : "50G",
        "iodepth" : "8",
        "filename" : "/mnt/ext4/compaction_output.dat"
      },
      "read" : {
        "io_bytes" : 4883776274432,
        "io_kbytes" : 4769312768,
        "bw_bytes" : 6783013182,
        "bw" : 6624036,
        "iops" : 6468.785460,
        "runtime" : 720001,
        "total_ios" : 4657532,
        "short_ios" : 0,
        "drop_ios" : 0,
        "slat_ns" : {
          "min" : 7200,
          "max" : 597373,
          "mean" : 16224.880539,
          "stddev" : 4959.629217,
          "N" : 4657532
        },
        "clat_ns" : {
          "min" : 131140,
          "max" : 6495327,
          "mean" : 601836.085976,
          "stddev" : 169092.990015,
          "N" : 4657532,
          "percentile" : {
            "1.000000" : 325632,
            "5.000000" : 382976,
            "10.000000" : 411648,
            "20.000000" : 452608,
            "30.000000" : 489472,
            "40.000000" : 528384,
            "50.000000" : 569344,
            "60.000000" : 618496,
            "70.000000" : 684032,
            "80.000000" : 757760,
            "90.000000" : 847872,
            "95.000000" : 913408,
            "99.000000" : 1028096,
            "99.500000" : 1073152,
            "99.900000" : 1204224,
            "99.950000" : 1302528,
            "99.990000" : 1597440
          }
        },
        "lat_ns" : {
          "min" : 142960,
          "max" : 6514678,
          "mean" : 618060.966515,
          "stddev" : 168802.935755,
          "N" : 4657532
        },
        "bw_min" : 6131712,
        "bw_max" : 7436825,
        "bw_agg" : 100.000000,
        "bw_mean" : 6627601.232106,
        "bw_dev" : 110746.962469,
        "bw_samples" : 1439,
        "iops_min" : 5988,
        "iops_max" : 7262,
        "iops_mean" : 6472.161918,
        "iops_stddev" : 108.168754,
        "iops_samples" : 1439
      },
      "write" : {
        "io_bytes" : 1080288804864,
        "io_kbytes" : 1054969536,
        "bw_bytes" : 1500394866,
        "bw" : 1465229,
        "iops" : 6012.183283,
        "runtime" : 720003,
        "total_ios" : 4328790,
        "short_ios" : 0,
        "drop_ios" : 0,
        "slat_ns" : {
          "min" : 2050,
          "max" : 10872020,
          "mean" : 7845.801371,
          "stddev" : 14142.230353,
          "N" : 4124342
        },
        "clat_ns" : {
          "min" : 12710,
          "max" : 83382712,
          "mean" : 6811678.258590,
          "stddev" : 1692849.908193,
          "N" : 4328790,
          "percentile" : {
            "1.000000" : 16064,
            "5.000000" : 4816896,
            "10.000000" : 5931008,
            "20.000000" : 6389760,
            "30.000000" : 6586368,
            "40.000000" : 6782976,
            "50.000000" : 6914048,
            "60.000000" : 7110656,
            "70.000000" : 7307264,
            "80.000000" : 7503872,
            "90.000000" : 7897088,
            "95.000000" : 8355840,
            "99.000000" : 10813440,
            "99.500000" : 11993088,
            "99.900000" : 21364736,
            "99.950000" : 23461888,
            "99.990000" : 27656192
          }
        },
        "lat_ns" : {
          "min" : 12780,
          "max" : 83420632,
          "mean" : 6819161.160832,
          "stddev" : 1693619.518728,
          "N" : 4328790
        },
        "bw_min" : 1105408,
        "bw_max" : 1798288,
        "bw_agg" : 100.000000,
        "bw_mean" : 1466006.784573,
        "bw_dev" : 29875.908374,
        "bw_samples" : 5756,
        "iops_min" : 4588,
        "iops_max" : 7825,
        "iops_mean" : 6015.028492,
        "iops_stddev" : 85.909995,
        "iops_samples" : 5756
      },
      "trim" : {
        "io_bytes" : 0,
        "io_kbytes" : 0,
        "bw_bytes" : 0,
        "bw" : 0,
        "iops" : 0.000000,
        "runtime" : 0,
        "total_ios" : 0,
        "short_ios" : 0,
        "drop_ios" : 0,
        "slat_ns" : {
          "min" : 0,
          "max" : 0,
          "mean" : 0.000000,
          "stddev" : 0.000000,
          "N" : 0
        },
        "clat_ns" : {
          "min" : 0,
          "max" : 0,
          "mean" : 0.000000,
          "stddev" : 0.000000,
          "N" : 0
        },
        "lat_ns" : {
          "min" : 0,
          "max" : 0,
          "mean" : 0.000000,
          "stddev" : 0.000000,
          "N" : 0
        },
        "bw_min" : 0,
        "bw_max" : 0,
        "bw_agg" : 0.000000,
        "bw_mean" : 0.000000,
        "bw_dev" : 0.000000,
        "bw_samples" : 0,
        "iops_min" : 0,
        "iops_max" : 0,
        "iops_mean" : 0.000000,
        "iops_stddev" : 0.000000,
        "iops_samples" : 0
      },
      "sync" : {
        "total_ios" : 0,
        "lat_ns" : {
          "min" : 0,
          "max" : 0,
          "mean" : 0.000000,
          "stddev" : 0.000000,
          "N" : 0
        }
      },
      "job_runtime" : 3600006,
      "usr_cpu" : 0.487610,
      "sys_cpu" : 3.221411,
      "ctx" : 8449298,
      "majf" : 0,
      "minf" : 581,
      "iodepth_level" : {
        "1" : 2.275147,
        "2" : 0.100000,
        "4" : 51.829224,
        "8" : 9.131344,
        "16" : 36.764196,
        "32" : 0.000000,
        ">=64" : 0.000000
      },
      "iodepth_submit" : {
        "0" : 0.000000,
        "4" : 100.000000,
        "8" : 0.000000,
        "16" : 0.000000,
        "32" : 0.000000,
        "64" : 0.000000,
        ">=64" : 0.000000
      },
      "iodepth_complete" : {
        "0" : 0.000000,
        "4" : 99.999967,
        "8" : 0.100000,
        "16" : 0.100000,
        "32" : 0.000000,
        "64" : 0.000000,
        ">=64" : 0.000000
      },
      "latency_ns" : {
        "2" : 0.000000,
        "4" : 0.000000,
        "10" : 0.000000,
        "20" : 0.000000,
        "50" : 0.000000,
        "100" : 0.000000,
        "250" : 0.000000,
        "500" : 0.000000,
        "750" : 0.000000,
        "1000" : 0.000000
      },
      "latency_us" : {
        "2" : 0.000000,
        "4" : 0.000000,
        "10" : 0.000000,
        "20" : 0.746880,
        "50" : 0.153188,
        "100" : 0.204344,
        "250" : 0.118814,
        "500" : 17.065536,
        "750" : 23.907312,
        "1000" : 10.079541
      },
      "latency_ms" : {
        "2" : 1.050485,
        "4" : 0.557814,
        "10" : 45.429565,
        "20" : 0.620421,
        "50" : 0.065132,
        "100" : 0.010000,
        "250" : 0.000000,
        "500" : 0.000000,
        "750" : 0.000000,
        "1000" : 0.000000,
        "2000" : 0.000000,
        ">=2000" : 0.000000
      },
      "latency_depth" : 8,
      "latency_target" : 0,
      "latency_percentile" : 100.000000,
      "latency_window" : 0
    }
  ],
  "disk_util" : [
    {
      "name" : "nvme0n1",
      "read_ios" : 37252272,
      "write_ios" : 10072073,
      "read_merges" : 0,
      "write_merges" : 0,
      "read_ticks" : 17283800,
      "write_ticks" : 67616408,
      "in_queue" : 84900208,
      "util" : 100.000000
    }
  ]
}
