{
  "fio version" : "fio-3.33",
  "timestamp" : 1754508746,
  "timestamp_ms" : 1754508746081,
  "time" : "Wed Aug  6 19:32:26 2025",
  "global options" : {
    "ioengine" : "libaio",
    "direct" : "1",
    "time_based" : "1",
    "runtime" : "720",
    "group_reporting" : "1"
  },
  "jobs" : [
    {
      "jobname" : "rocksdb-wal",
      "groupid" : 0,
      "error" : 0,
      "eta" : 0,
      "elapsed" : 721,
      "job options" : {
        "name" : "rocksdb-compaction-write",
        "ioengine" : "libaio",
        "rw" : "write",
        "bs" : "1M",
        "size" : "50G",
        "iodepth" : "8",
        "filename" : "/mnt/xfs/compaction_output.dat"
      },
      "read" : {
        "io_bytes" : 5041744248832,
        "io_kbytes" : 4923578368,
        "bw_bytes" : 7002412842,
        "bw" : 6838293,
        "iops" : 6678.021281,
        "runtime" : 720001,
        "total_ios" : 4808182,
        "short_ios" : 0,
        "drop_ios" : 0,
        "slat_ns" : {
          "min" : 7070,
          "max" : 560454,
          "mean" : 9181.323667,
          "stddev" : 1200.340376,
          "N" : 4808182
        },
        "clat_ns" : {
          "min" : 129610,
          "max" : 7883805,
          "mean" : 589511.964768,
          "stddev" : 175069.006055,
          "N" : 4808182,
          "percentile" : {
            "1.000000" : 259072,
            "5.000000" : 346112,
            "10.000000" : 387072,
            "20.000000" : 436224,
            "30.000000" : 477184,
            "40.000000" : 522240,
            "50.000000" : 569344,
            "60.000000" : 618496,
            "70.000000" : 675840,
            "80.000000" : 741376,
            "90.000000" : 823296,
            "95.000000" : 888832,
            "99.000000" : 1019904,
            "99.500000" : 1089536,
            "99.900000" : 1400832,
            "99.950000" : 1548288,
            "99.990000" : 2088960
          }
        },
        "lat_ns" : {
          "min" : 142961,
          "max" : 7892175,
          "mean" : 598693.288435,
          "stddev" : 174969.494632,
          "N" : 4808182
        },
        "bw_min" : 6318080,
        "bw_max" : 7698432,
        "bw_agg" : 100.000000,
        "bw_mean" : 6842196.724809,
        "bw_dev" : 215396.680647,
        "bw_samples" : 1439,
        "iops_min" : 6170,
        "iops_max" : 7518,
        "iops_mean" : 6681.763030,
        "iops_stddev" : 210.350231,
        "iops_samples" : 1439
      },
      "write" : {
        "io_bytes" : 995414638592,
        "io_kbytes" : 972084608,
        "bw_bytes" : 1382514570,
        "bw" : 1350111,
        "iops" : 5590.875316,
        "runtime" : 720003,
        "total_ios" : 4025447,
        "short_ios" : 0,
        "drop_ios" : 0,
        "slat_ns" : {
          "min" : 2250,
          "max" : 214891,
          "mean" : 7072.025384,
          "stddev" : 7055.765331,
          "N" : 3837667
        },
        "clat_ns" : {
          "min" : 11070,
          "max" : 142095781,
          "mean" : 7326294.700029,
          "stddev" : 3068356.503243,
          "N" : 4025447,
          "percentile" : {
            "1.000000" : 14272,
            "5.000000" : 1171456,
            "10.000000" : 4554752,
            "20.000000" : 6520832,
            "30.000000" : 6848512,
            "40.000000" : 7110656,
            "50.000000" : 7307264,
            "60.000000" : 7569408,
            "70.000000" : 7831552,
            "80.000000" : 8454144,
            "90.000000" : 10551296,
            "95.000000" : 11862016,
            "99.000000" : 13172736,
            "99.500000" : 13828096,
            "99.900000" : 25034752,
            "99.950000" : 26607616,
            "99.990000" : 101187584
          }
        },
        "lat_ns" : {
          "min" : 11230,
          "max" : 142109621,
          "mean" : 7333044.676930,
          "stddev" : 3068780.466015,
          "N" : 4025447
        },
        "bw_min" : 990208,
        "bw_max" : 1644192,
        "bw_agg" : 100.000000,
        "bw_mean" : 1350846.871439,
        "bw_dev" : 41541.387027,
        "bw_samples" : 5756,
        "iops_min" : 4210,
        "iops_max" : 7056,
        "iops_mean" : 5593.662265,
        "iops_stddev" : 102.616461,
        "iops_samples" : 5756
      },
      "trim" : {
        "io_bytes" : 0,
        "io_kbytes" : 0,
        "bw_bytes" : 0,
        "bw" : 0,
        "iops" : 0.000000,
        "runtime" : 0,
        "total_ios" : 0,
        "short_ios" : 0,
        "drop_ios" : 0,
        "slat_ns" : {
          "min" : 0,
          "max" : 0,
          "mean" : 0.000000,
          "stddev" : 0.000000,
          "N" : 0
        },
        "clat_ns" : {
          "min" : 0,
          "max" : 0,
          "mean" : 0.000000,
          "stddev" : 0.000000,
          "N" : 0
        },
        "lat_ns" : {
          "min" : 0,
          "max" : 0,
          "mean" : 0.000000,
          "stddev" : 0.000000,
          "N" : 0
        },
        "bw_min" : 0,
        "bw_max" : 0,
        "bw_agg" : 0.000000,
        "bw_mean" : 0.000000,
        "bw_dev" : 0.000000,
        "bw_samples" : 0,
        "iops_min" : 0,
        "iops_max" : 0,
        "iops_mean" : 0.000000,
        "iops_stddev" : 0.000000,
        "iops_samples" : 0
      },
      "sync" : {
        "total_ios" : 0,
        "lat_ns" : {
          "min" : 0,
          "max" : 0,
          "mean" : 0.000000,
          "stddev" : 0.000000,
          "N" : 0
        }
      },
      "job_runtime" : 3600008,
      "usr_cpu" : 0.448721,
      "sys_cpu" : 2.053023,
      "ctx" : 8000442,
      "majf" : 0,
      "minf" : 67,
      "iodepth_level" : {
        "1" : 2.125785,
        "2" : 0.100000,
        "4" : 54.430529,
        "8" : 8.531296,
        "16" : 34.912299,
        "32" : 0.000000,
        ">=64" : 0.000000
      },
      "iodepth_submit" : {
        "0" : 0.000000,
        "4" : 100.000000,
        "8" : 0.000000,
        "16" : 0.000000,
        "32" : 0.000000,
        "64" : 0.000000,
        ">=64" : 0.000000
      },
      "iodepth_complete" : {
        "0" : 0.000000,
        "4" : 99.999966,
        "8" : 0.100000,
        "16" : 0.100000,
        "32" : 0.000000,
        "64" : 0.000000,
        ">=64" : 0.000000
      },
      "latency_ns" : {
        "2" : 0.000000,
        "4" : 0.000000,
        "10" : 0.000000,
        "20" : 0.000000,
        "50" : 0.000000,
        "100" : 0.000000,
        "250" : 0.000000,
        "500" : 0.000000,
        "750" : 0.000000,
        "1000" : 0.000000
      },
      "latency_us" : {
        "2" : 0.000000,
        "4" : 0.000000,
        "10" : 0.000000,
        "20" : 0.611017,
        "50" : 0.145671,
        "100" : 0.190194,
        "250" : 0.537005,
        "500" : 18.738075,
        "750" : 25.478419,
        "1000" : 9.944531
      },
      "latency_ms" : {
        "2" : 2.014348,
        "4" : 1.129094,
        "10" : 35.917130,
        "20" : 5.177657,
        "50" : 0.105517,
        "100" : 0.010000,
        "250" : 0.010000,
        "500" : 0.000000,
        "750" : 0.000000,
        "1000" : 0.000000,
        "2000" : 0.000000,
        ">=2000" : 0.000000
      },
      "latency_depth" : 8,
      "latency_target" : 0,
      "latency_percentile" : 100.000000,
      "latency_window" : 0
    }
  ],
  "disk_util" : [
    {
      "name" : "nvme2n1",
      "read_ios" : 38460355,
      "write_ios" : 9299349,
      "read_merges" : 0,
      "write_merges" : 0,
      "read_ticks" : 16786804,
      "write_ticks" : 67710024,
      "in_queue" : 84496828,
      "util" : 100.000000
    }
  ]
}
