{
  "fio version" : "fio-3.33",
  "timestamp" : 1754462289,
  "timestamp_ms" : 1754462289513,
  "time" : "Wed Aug  6 06:38:09 2025",
  "global options" : {
    "ioengine" : "libaio",
    "direct" : "1",
    "time_based" : "1",
    "runtime" : "720",
    "group_reporting" : "1"
  },
  "jobs" : [
    {
      "jobname" : "rocksdb-wal",
      "groupid" : 0,
      "error" : 0,
      "eta" : 0,
      "elapsed" : 721,
      "job options" : {
        "name" : "rocksdb-compaction-write",
        "ioengine" : "libaio",
        "rw" : "write",
        "bs" : "1M",
        "size" : "50G",
        "iodepth" : "8",
        "filename" : "/mnt/ext4/compaction_output.dat"
      },
      "read" : {
        "io_bytes" : 4873748742144,
        "io_kbytes" : 4759520256,
        "bw_bytes" : 6769086073,
        "bw" : 6610435,
        "iops" : 6455.503534,
        "runtime" : 720001,
        "total_ios" : 4647969,
        "short_ios" : 0,
        "drop_ios" : 0,
        "slat_ns" : {
          "min" : 5770,
          "max" : 3630463,
          "mean" : 13616.457116,
          "stddev" : 5353.708927,
          "N" : 4647969
        },
        "clat_ns" : {
          "min" : 129561,
          "max" : 6552861,
          "mean" : 605713.988379,
          "stddev" : 182711.587760,
          "N" : 4647969,
          "percentile" : {
            "1.000000" : 309248,
            "5.000000" : 374784,
            "10.000000" : 403456,
            "20.000000" : 444416,
            "30.000000" : 481280,
            "40.000000" : 518144,
            "50.000000" : 561152,
            "60.000000" : 618496,
            "70.000000" : 700416,
            "80.000000" : 774144,
            "90.000000" : 872448,
            "95.000000" : 937984,
            "99.000000" : 1056768,
            "99.500000" : 1105920,
            "99.900000" : 1302528,
            "99.950000" : 1417216,
            "99.990000" : 1875968
          }
        },
        "lat_ns" : {
          "min" : 142701,
          "max" : 6559551,
          "mean" : 619330.445494,
          "stddev" : 182432.787461,
          "N" : 4647969
        },
        "bw_min" : 6062080,
        "bw_max" : 7368704,
        "bw_agg" : 100.000000,
        "bw_mean" : 6613697.606671,
        "bw_dev" : 173368.598280,
        "bw_samples" : 1439,
        "iops_min" : 5920,
        "iops_max" : 7196,
        "iops_mean" : 6458.605281,
        "iops_stddev" : 169.315849,
        "iops_samples" : 1439
      },
      "write" : {
        "io_bytes" : 1074781978624,
        "io_kbytes" : 1049591776,
        "bw_bytes" : 1492746528,
        "bw" : 1457760,
        "iops" : 6006.855527,
        "runtime" : 720003,
        "total_ios" : 4324954,
        "short_ios" : 0,
        "drop_ios" : 0,
        "slat_ns" : {
          "min" : 2090,
          "max" : 25946623,
          "mean" : 7445.633145,
          "stddev" : 28967.746258,
          "N" : 4122244
        },
        "clat_ns" : {
          "min" : 11990,
          "max" : 100049808,
          "mean" : 6818101.931957,
          "stddev" : 2289092.542158,
          "N" : 4324954,
          "percentile" : {
            "1.000000" : 16768,
            "5.000000" : 2072576,
            "10.000000" : 5079040,
            "20.000000" : 5996544,
            "30.000000" : 6455296,
            "40.000000" : 6717440,
            "50.000000" : 7045120,
            "60.000000" : 7307264,
            "70.000000" : 7569408,
            "80.000000" : 7962624,
            "90.000000" : 8585216,
            "95.000000" : 9109504,
            "99.000000" : 11337728,
            "99.500000" : 12124160,
            "99.900000" : 22151168,
            "99.950000" : 24772608,
            "99.990000" : 82313216
          }
        },
        "lat_ns" : {
          "min" : 12070,
          "max" : 100049878,
          "mean" : 6825206.049028,
          "stddev" : 2289567.672091,
          "N" : 4324954
        },
        "bw_min" : 1198336,
        "bw_max" : 1876045,
        "bw_agg" : 100.000000,
        "bw_mean" : 1458474.517721,
        "bw_dev" : 46218.753252,
        "bw_samples" : 5756,
        "iops_min" : 4966,
        "iops_max" : 7806,
        "iops_mean" : 6009.560806,
        "iops_stddev" : 133.124986,
        "iops_samples" : 5756
      },
      "trim" : {
        "io_bytes" : 0,
        "io_kbytes" : 0,
        "bw_bytes" : 0,
        "bw" : 0,
        "iops" : 0.000000,
        "runtime" : 0,
        "total_ios" : 0,
        "short_ios" : 0,
        "drop_ios" : 0,
        "slat_ns" : {
          "min" : 0,
          "max" : 0,
          "mean" : 0.000000,
          "stddev" : 0.000000,
          "N" : 0
        },
        "clat_ns" : {
          "min" : 0,
          "max" : 0,
          "mean" : 0.000000,
          "stddev" : 0.000000,
          "N" : 0
        },
        "lat_ns" : {
          "min" : 0,
          "max" : 0,
          "mean" : 0.000000,
          "stddev" : 0.000000,
          "N" : 0
        },
        "bw_min" : 0,
        "bw_max" : 0,
        "bw_agg" : 0.000000,
        "bw_mean" : 0.000000,
        "bw_dev" : 0.000000,
        "bw_samples" : 0,
        "iops_min" : 0,
        "iops_max" : 0,
        "iops_mean" : 0.000000,
        "iops_stddev" : 0.000000,
        "iops_samples" : 0
      },
      "sync" : {
        "total_ios" : 0,
        "lat_ns" : {
          "min" : 0,
          "max" : 0,
          "mean" : 0.000000,
          "stddev" : 0.000000,
          "N" : 0
        }
      },
      "job_runtime" : 3600006,
      "usr_cpu" : 0.475110,
      "sys_cpu" : 2.826245,
      "ctx" : 8101422,
      "majf" : 0,
      "minf" : 571,
      "iodepth_level" : {
        "1" : 2.259175,
        "2" : 0.100000,
        "4" : 51.800043,
        "8" : 9.084431,
        "16" : 36.856262,
        "32" : 0.000000,
        ">=64" : 0.000000
      },
      "iodepth_submit" : {
        "0" : 0.000000,
        "4" : 100.000000,
        "8" : 0.000000,
        "16" : 0.000000,
        "32" : 0.000000,
        "64" : 0.000000,
        ">=64" : 0.000000
      },
      "iodepth_complete" : {
        "0" : 0.000000,
        "4" : 99.999967,
        "8" : 0.100000,
        "16" : 0.100000,
        "32" : 0.000000,
        "64" : 0.000000,
        ">=64" : 0.000000
      },
      "latency_ns" : {
        "2" : 0.000000,
        "4" : 0.000000,
        "10" : 0.000000,
        "20" : 0.000000,
        "50" : 0.000000,
        "100" : 0.000000,
        "250" : 0.000000,
        "500" : 0.000000,
        "750" : 0.000000,
        "1000" : 0.000000
      },
      "latency_us" : {
        "2" : 0.000000,
        "4" : 0.000000,
        "10" : 0.000000,
        "20" : 0.604753,
        "50" : 0.174024,
        "100" : 0.255223,
        "250" : 0.216897,
        "500" : 17.988687,
        "750" : 21.704287,
        "1000" : 11.155919
      },
      "latency_ms" : {
        "2" : 2.053333,
        "4" : 1.312103,
        "10" : 43.235131,
        "20" : 1.221898,
        "50" : 0.070133,
        "100" : 0.010000,
        "250" : 0.010000,
        "500" : 0.000000,
        "750" : 0.000000,
        "1000" : 0.000000,
        "2000" : 0.000000,
        ">=2000" : 0.000000
      },
      "latency_depth" : 8,
      "latency_target" : 0,
      "latency_percentile" : 100.000000,
      "latency_window" : 0
    }
  ],
  "disk_util" : [
    {
      "name" : "nvme0n1",
      "read_ios" : 37173972,
      "write_ios" : 10028828,
      "read_merges" : 0,
      "write_merges" : 0,
      "read_ticks" : 17573592,
      "write_ticks" : 67579840,
      "in_queue" : -4209813864,
      "util" : 100.000000
    }
  ]
}
