{
  "fio version" : "fio-3.33",
  "timestamp" : 1754464470,
  "timestamp_ms" : 1754464470868,
  "time" : "Wed Aug  6 07:14:30 2025",
  "global options" : {
    "ioengine" : "libaio",
    "direct" : "1",
    "thread" : "1",
    "group_reporting" : "1",
    "time_based" : "1",
    "runtime" : "720"
  },
  "jobs" : [
    {
      "jobname" : "solana-snapshot-write",
      "groupid" : 0,
      "error" : 0,
      "eta" : 0,
      "elapsed" : 721,
      "job options" : {
        "name" : "solana-snapshot-write",
        "rw" : "write",
        "bs" : "1M",
        "size" : "100G",
        "iodepth" : "4",
        "filename" : "/mnt/xfs/snapshot.dat"
      },
      "read" : {
        "io_bytes" : 0,
        "io_kbytes" : 0,
        "bw_bytes" : 0,
        "bw" : 0,
        "iops" : 0.000000,
        "runtime" : 0,
        "total_ios" : 0,
        "short_ios" : 0,
        "drop_ios" : 0,
        "slat_ns" : {
          "min" : 0,
          "max" : 0,
          "mean" : 0.000000,
          "stddev" : 0.000000,
          "N" : 0
        },
        "clat_ns" : {
          "min" : 0,
          "max" : 0,
          "mean" : 0.000000,
          "stddev" : 0.000000,
          "N" : 0
        },
        "lat_ns" : {
          "min" : 0,
          "max" : 0,
          "mean" : 0.000000,
          "stddev" : 0.000000,
          "N" : 0
        },
        "bw_min" : 0,
        "bw_max" : 0,
        "bw_agg" : 0.000000,
        "bw_mean" : 0.000000,
        "bw_dev" : 0.000000,
        "bw_samples" : 0,
        "iops_min" : 0,
        "iops_max" : 0,
        "iops_mean" : 0.000000,
        "iops_stddev" : 0.000000,
        "iops_samples" : 0
      },
      "write" : {
        "io_bytes" : 4295077396480,
        "io_kbytes" : 4194411520,
        "bw_bytes" : 5965376987,
        "bw" : 5825563,
        "iops" : 5689.026821,
        "runtime" : 720001,
        "total_ios" : 4096105,
        "short_ios" : 0,
        "drop_ios" : 0,
        "slat_ns" : {
          "min" : 8060,
          "max" : 183301,
          "mean" : 16652.996455,
          "stddev" : 3854.353613,
          "N" : 4096105
        },
        "clat_ns" : {
          "min" : 77910,
          "max" : 18852849,
          "mean" : 686130.098671,
          "stddev" : 322807.248036,
          "N" : 4096105,
          "percentile" : {
            "1.000000" : 95744,
            "5.000000" : 99840,
            "10.000000" : 156672,
            "20.000000" : 501760,
            "30.000000" : 585728,
            "40.000000" : 659456,
            "50.000000" : 733184,
            "60.000000" : 815104,
            "70.000000" : 872448,
            "80.000000" : 929792,
            "90.000000" : 962560,
            "95.000000" : 978944,
            "99.000000" : 1122304,
            "99.500000" : 1679360,
            "99.900000" : 4046848,
            "99.950000" : 4423680,
            "99.990000" : 4882432
          }
        },
        "lat_ns" : {
          "min" : 88891,
          "max" : 18865318,
          "mean" : 702783.095126,
          "stddev" : 322974.022250,
          "N" : 4096105
        },
        "bw_min" : 5261312,
        "bw_max" : 6068224,
        "bw_agg" : 100.000000,
        "bw_mean" : 5828638.165393,
        "bw_dev" : 228616.367656,
        "bw_samples" : 1439,
        "iops_min" : 5138,
        "iops_max" : 5926,
        "iops_mean" : 5691.949965,
        "iops_stddev" : 223.255927,
        "iops_samples" : 1439
      },
      "trim" : {
        "io_bytes" : 0,
        "io_kbytes" : 0,
        "bw_bytes" : 0,
        "bw" : 0,
        "iops" : 0.000000,
        "runtime" : 0,
        "total_ios" : 0,
        "short_ios" : 0,
        "drop_ios" : 0,
        "slat_ns" : {
          "min" : 0,
          "max" : 0,
          "mean" : 0.000000,
          "stddev" : 0.000000,
          "N" : 0
        },
        "clat_ns" : {
          "min" : 0,
          "max" : 0,
          "mean" : 0.000000,
          "stddev" : 0.000000,
          "N" : 0
        },
        "lat_ns" : {
          "min" : 0,
          "max" : 0,
          "mean" : 0.000000,
          "stddev" : 0.000000,
          "N" : 0
        },
        "bw_min" : 0,
        "bw_max" : 0,
        "bw_agg" : 0.000000,
        "bw_mean" : 0.000000,
        "bw_dev" : 0.000000,
        "bw_samples" : 0,
        "iops_min" : 0,
        "iops_max" : 0,
        "iops_mean" : 0.000000,
        "iops_stddev" : 0.000000,
        "iops_samples" : 0
      },
      "sync" : {
        "total_ios" : 0,
        "lat_ns" : {
          "min" : 0,
          "max" : 0,
          "mean" : 0.000000,
          "stddev" : 0.000000,
          "N" : 0
        }
      },
      "job_runtime" : 720000,
      "usr_cpu" : 2.864028,
      "sys_cpu" : 7.391250,
      "ctx" : 3119003,
      "majf" : 0,
      "minf" : 1,
      "iodepth_level" : {
        "1" : 0.100000,
        "2" : 0.100000,
        "4" : 99.999927,
        "8" : 0.000000,
        "16" : 0.000000,
        "32" : 0.000000,
        ">=64" : 0.000000
      },
      "iodepth_submit" : {
        "0" : 0.000000,
        "4" : 100.000000,
        "8" : 0.000000,
        "16" : 0.000000,
        "32" : 0.000000,
        "64" : 0.000000,
        ">=64" : 0.000000
      },
      "iodepth_complete" : {
        "0" : 0.000000,
        "4" : 100.000000,
        "8" : 0.000000,
        "16" : 0.000000,
        "32" : 0.000000,
        "64" : 0.000000,
        ">=64" : 0.000000
      },
      "latency_ns" : {
        "2" : 0.000000,
        "4" : 0.000000,
        "10" : 0.000000,
        "20" : 0.000000,
        "50" : 0.000000,
        "100" : 0.000000,
        "250" : 0.000000,
        "500" : 0.000000,
        "750" : 0.000000,
        "1000" : 0.000000
      },
      "latency_us" : {
        "2" : 0.000000,
        "4" : 0.000000,
        "10" : 0.000000,
        "20" : 0.000000,
        "50" : 0.000000,
        "100" : 4.704884,
        "250" : 9.638303,
        "500" : 5.462091,
        "750" : 32.248929,
        "1000" : 45.473346
      },
      "latency_ms" : {
        "2" : 2.164276,
        "4" : 0.204633,
        "10" : 0.102756,
        "20" : 0.010000,
        "50" : 0.000000,
        "100" : 0.000000,
        "250" : 0.000000,
        "500" : 0.000000,
        "750" : 0.000000,
        "1000" : 0.000000,
        "2000" : 0.000000,
        ">=2000" : 0.000000
      },
      "latency_depth" : 4,
      "latency_target" : 0,
      "latency_percentile" : 100.000000,
      "latency_window" : 0
    }
  ],
  "disk_util" : [
    {
      "name" : "nvme2n1",
      "read_ios" : 0,
      "write_ios" : 32764784,
      "read_merges" : 0,
      "write_merges" : 0,
      "read_ticks" : 0,
      "write_ticks" : 19978844,
      "in_queue" : 19978844,
      "util" : 99.885083
    }
  ]
}
