{
  "fio version" : "fio-3.33",
  "timestamp" : 1754476864,
  "timestamp_ms" : 1754476864277,
  "time" : "Wed Aug  6 10:41:04 2025",
  "global options" : {
    "ioengine" : "libaio",
    "direct" : "1",
    "thread" : "1",
    "group_reporting" : "1",
    "time_based" : "1",
    "runtime" : "720"
  },
  "jobs" : [
    {
      "jobname" : "solana-snapshot-write",
      "groupid" : 0,
      "error" : 0,
      "eta" : 0,
      "elapsed" : 721,
      "job options" : {
        "name" : "solana-snapshot-write",
        "rw" : "write",
        "bs" : "1M",
        "size" : "100G",
        "iodepth" : "4",
        "filename" : "/mnt/ext4/snapshot.dat"
      },
      "read" : {
        "io_bytes" : 0,
        "io_kbytes" : 0,
        "bw_bytes" : 0,
        "bw" : 0,
        "iops" : 0.000000,
        "runtime" : 0,
        "total_ios" : 0,
        "short_ios" : 0,
        "drop_ios" : 0,
        "slat_ns" : {
          "min" : 0,
          "max" : 0,
          "mean" : 0.000000,
          "stddev" : 0.000000,
          "N" : 0
        },
        "clat_ns" : {
          "min" : 0,
          "max" : 0,
          "mean" : 0.000000,
          "stddev" : 0.000000,
          "N" : 0
        },
        "lat_ns" : {
          "min" : 0,
          "max" : 0,
          "mean" : 0.000000,
          "stddev" : 0.000000,
          "N" : 0
        },
        "bw_min" : 0,
        "bw_max" : 0,
        "bw_agg" : 0.000000,
        "bw_mean" : 0.000000,
        "bw_dev" : 0.000000,
        "bw_samples" : 0,
        "iops_min" : 0,
        "iops_max" : 0,
        "iops_mean" : 0.000000,
        "iops_stddev" : 0.000000,
        "iops_samples" : 0
      },
      "write" : {
        "io_bytes" : 4275121946624,
        "io_kbytes" : 4174923776,
        "bw_bytes" : 5937661123,
        "bw" : 5798497,
        "iops" : 5662.594913,
        "runtime" : 720001,
        "total_ios" : 4077074,
        "short_ios" : 0,
        "drop_ios" : 0,
        "slat_ns" : {
          "min" : 8470,
          "max" : 692944,
          "mean" : 17264.619870,
          "stddev" : 4145.537560,
          "N" : 4077074
        },
        "clat_ns" : {
          "min" : 75220,
          "max" : 19480240,
          "mean" : 688788.436615,
          "stddev" : 323253.708794,
          "N" : 4077074,
          "percentile" : {
            "1.000000" : 100864,
            "5.000000" : 107008,
            "10.000000" : 168960,
            "20.000000" : 509952,
            "30.000000" : 585728,
            "40.000000" : 651264,
            "50.000000" : 716800,
            "60.000000" : 798720,
            "70.000000" : 856064,
            "80.000000" : 921600,
            "90.000000" : 962560,
            "95.000000" : 987136,
            "99.000000" : 1155072,
            "99.500000" : 1794048,
            "99.900000" : 4227072,
            "99.950000" : 4554752,
            "99.990000" : 4947968
          }
        },
        "lat_ns" : {
          "min" : 90651,
          "max" : 19500151,
          "mean" : 706053.056485,
          "stddev" : 323410.679945,
          "N" : 4077074
        },
        "bw_min" : 5216256,
        "bw_max" : 6068224,
        "bw_agg" : 100.000000,
        "bw_mean" : 5800919.232106,
        "bw_dev" : 259129.414143,
        "bw_samples" : 1439,
        "iops_min" : 5094,
        "iops_max" : 5926,
        "iops_mean" : 5664.890896,
        "iops_stddev" : 253.035504,
        "iops_samples" : 1439
      },
      "trim" : {
        "io_bytes" : 0,
        "io_kbytes" : 0,
        "bw_bytes" : 0,
        "bw" : 0,
        "iops" : 0.000000,
        "runtime" : 0,
        "total_ios" : 0,
        "short_ios" : 0,
        "drop_ios" : 0,
        "slat_ns" : {
          "min" : 0,
          "max" : 0,
          "mean" : 0.000000,
          "stddev" : 0.000000,
          "N" : 0
        },
        "clat_ns" : {
          "min" : 0,
          "max" : 0,
          "mean" : 0.000000,
          "stddev" : 0.000000,
          "N" : 0
        },
        "lat_ns" : {
          "min" : 0,
          "max" : 0,
          "mean" : 0.000000,
          "stddev" : 0.000000,
          "N" : 0
        },
        "bw_min" : 0,
        "bw_max" : 0,
        "bw_agg" : 0.000000,
        "bw_mean" : 0.000000,
        "bw_dev" : 0.000000,
        "bw_samples" : 0,
        "iops_min" : 0,
        "iops_max" : 0,
        "iops_mean" : 0.000000,
        "iops_stddev" : 0.000000,
        "iops_samples" : 0
      },
      "sync" : {
        "total_ios" : 0,
        "lat_ns" : {
          "min" : 0,
          "max" : 0,
          "mean" : 0.000000,
          "stddev" : 0.000000,
          "N" : 0
        }
      },
      "job_runtime" : 720000,
      "usr_cpu" : 2.867500,
      "sys_cpu" : 7.707917,
      "ctx" : 3200672,
      "majf" : 0,
      "minf" : 1,
      "iodepth_level" : {
        "1" : 0.100000,
        "2" : 0.100000,
        "4" : 99.999926,
        "8" : 0.000000,
        "16" : 0.000000,
        "32" : 0.000000,
        ">=64" : 0.000000
      },
      "iodepth_submit" : {
        "0" : 0.000000,
        "4" : 100.000000,
        "8" : 0.000000,
        "16" : 0.000000,
        "32" : 0.000000,
        "64" : 0.000000,
        ">=64" : 0.000000
      },
      "iodepth_complete" : {
        "0" : 0.000000,
        "4" : 100.000000,
        "8" : 0.000000,
        "16" : 0.000000,
        "32" : 0.000000,
        "64" : 0.000000,
        ">=64" : 0.000000
      },
      "latency_ns" : {
        "2" : 0.000000,
        "4" : 0.000000,
        "10" : 0.000000,
        "20" : 0.000000,
        "50" : 0.000000,
        "100" : 0.000000,
        "250" : 0.000000,
        "500" : 0.000000,
        "750" : 0.000000,
        "1000" : 0.000000
      },
      "latency_us" : {
        "2" : 0.000000,
        "4" : 0.000000,
        "10" : 0.000000,
        "20" : 0.000000,
        "50" : 0.000000,
        "100" : 0.870355,
        "250" : 11.975328,
        "500" : 6.191646,
        "750" : 34.761915,
        "1000" : 43.294309
      },
      "latency_ms" : {
        "2" : 2.545674,
        "4" : 0.230165,
        "10" : 0.129823,
        "20" : 0.010000,
        "50" : 0.000000,
        "100" : 0.000000,
        "250" : 0.000000,
        "500" : 0.000000,
        "750" : 0.000000,
        "1000" : 0.000000,
        "2000" : 0.000000,
        ">=2000" : 0.000000
      },
      "latency_depth" : 4,
      "latency_target" : 0,
      "latency_percentile" : 100.000000,
      "latency_window" : 0
    }
  ],
  "disk_util" : [
    {
      "name" : "nvme0n1",
      "read_ios" : 0,
      "write_ios" : 32611583,
      "read_merges" : 0,
      "write_merges" : 0,
      "read_ticks" : 0,
      "write_ticks" : 19956292,
      "in_queue" : 19956292,
      "util" : 99.928301
    }
  ]
}
