{
  "fio version" : "fio-3.33",
  "timestamp" : 1754463750,
  "timestamp_ms" : 1754463750536,
  "time" : "Wed Aug  6 07:02:30 2025",
  "global options" : {
    "ioengine" : "libaio",
    "direct" : "1",
    "thread" : "1",
    "group_reporting" : "1",
    "time_based" : "1",
    "runtime" : "720"
  },
  "jobs" : [
    {
      "jobname" : "solana-snapshot-write",
      "groupid" : 0,
      "error" : 0,
      "eta" : 0,
      "elapsed" : 721,
      "job options" : {
        "name" : "solana-snapshot-write",
        "rw" : "write",
        "bs" : "1M",
        "size" : "100G",
        "iodepth" : "4",
        "filename" : "/mnt/ext4/snapshot.dat"
      },
      "read" : {
        "io_bytes" : 0,
        "io_kbytes" : 0,
        "bw_bytes" : 0,
        "bw" : 0,
        "iops" : 0.000000,
        "runtime" : 0,
        "total_ios" : 0,
        "short_ios" : 0,
        "drop_ios" : 0,
        "slat_ns" : {
          "min" : 0,
          "max" : 0,
          "mean" : 0.000000,
          "stddev" : 0.000000,
          "N" : 0
        },
        "clat_ns" : {
          "min" : 0,
          "max" : 0,
          "mean" : 0.000000,
          "stddev" : 0.000000,
          "N" : 0
        },
        "lat_ns" : {
          "min" : 0,
          "max" : 0,
          "mean" : 0.000000,
          "stddev" : 0.000000,
          "N" : 0
        },
        "bw_min" : 0,
        "bw_max" : 0,
        "bw_agg" : 0.000000,
        "bw_mean" : 0.000000,
        "bw_dev" : 0.000000,
        "bw_samples" : 0,
        "iops_min" : 0,
        "iops_max" : 0,
        "iops_mean" : 0.000000,
        "iops_stddev" : 0.000000,
        "iops_samples" : 0
      },
      "write" : {
        "io_bytes" : 4249595412480,
        "io_kbytes" : 4149995520,
        "bw_bytes" : 5902207653,
        "bw" : 5763874,
        "iops" : 5628.783849,
        "runtime" : 720001,
        "total_ios" : 4052730,
        "short_ios" : 0,
        "drop_ios" : 0,
        "slat_ns" : {
          "min" : 8220,
          "max" : 2256284,
          "mean" : 17749.352887,
          "stddev" : 4839.899342,
          "N" : 4052730
        },
        "clat_ns" : {
          "min" : 76670,
          "max" : 17996422,
          "mean" : 692562.083858,
          "stddev" : 343867.853365,
          "N" : 4052730,
          "percentile" : {
            "1.000000" : 94720,
            "5.000000" : 99840,
            "10.000000" : 154624,
            "20.000000" : 509952,
            "30.000000" : 585728,
            "40.000000" : 651264,
            "50.000000" : 724992,
            "60.000000" : 806912,
            "70.000000" : 864256,
            "80.000000" : 929792,
            "90.000000" : 962560,
            "95.000000" : 978944,
            "99.000000" : 1384448,
            "99.500000" : 1974272,
            "99.900000" : 4423680,
            "99.950000" : 4620288,
            "99.990000" : 5013504
          }
        },
        "lat_ns" : {
          "min" : 90090,
          "max" : 18007002,
          "mean" : 710311.436746,
          "stddev" : 344018.476958,
          "N" : 4052730
        },
        "bw_min" : 5005312,
        "bw_max" : 6066176,
        "bw_agg" : 100.000000,
        "bw_mean" : 5766130.300903,
        "bw_dev" : 320907.880522,
        "bw_samples" : 1439,
        "iops_min" : 4888,
        "iops_max" : 5924,
        "iops_mean" : 5630.911049,
        "iops_stddev" : 313.395220,
        "iops_samples" : 1439
      },
      "trim" : {
        "io_bytes" : 0,
        "io_kbytes" : 0,
        "bw_bytes" : 0,
        "bw" : 0,
        "iops" : 0.000000,
        "runtime" : 0,
        "total_ios" : 0,
        "short_ios" : 0,
        "drop_ios" : 0,
        "slat_ns" : {
          "min" : 0,
          "max" : 0,
          "mean" : 0.000000,
          "stddev" : 0.000000,
          "N" : 0
        },
        "clat_ns" : {
          "min" : 0,
          "max" : 0,
          "mean" : 0.000000,
          "stddev" : 0.000000,
          "N" : 0
        },
        "lat_ns" : {
          "min" : 0,
          "max" : 0,
          "mean" : 0.000000,
          "stddev" : 0.000000,
          "N" : 0
        },
        "bw_min" : 0,
        "bw_max" : 0,
        "bw_agg" : 0.000000,
        "bw_mean" : 0.000000,
        "bw_dev" : 0.000000,
        "bw_samples" : 0,
        "iops_min" : 0,
        "iops_max" : 0,
        "iops_mean" : 0.000000,
        "iops_stddev" : 0.000000,
        "iops_samples" : 0
      },
      "sync" : {
        "total_ios" : 0,
        "lat_ns" : {
          "min" : 0,
          "max" : 0,
          "mean" : 0.000000,
          "stddev" : 0.000000,
          "N" : 0
        }
      },
      "job_runtime" : 720000,
      "usr_cpu" : 2.847917,
      "sys_cpu" : 7.925556,
      "ctx" : 3152072,
      "majf" : 0,
      "minf" : 1,
      "iodepth_level" : {
        "1" : 0.100000,
        "2" : 0.100000,
        "4" : 99.999926,
        "8" : 0.000000,
        "16" : 0.000000,
        "32" : 0.000000,
        ">=64" : 0.000000
      },
      "iodepth_submit" : {
        "0" : 0.000000,
        "4" : 100.000000,
        "8" : 0.000000,
        "16" : 0.000000,
        "32" : 0.000000,
        "64" : 0.000000,
        ">=64" : 0.000000
      },
      "iodepth_complete" : {
        "0" : 0.000000,
        "4" : 100.000000,
        "8" : 0.000000,
        "16" : 0.000000,
        "32" : 0.000000,
        "64" : 0.000000,
        ">=64" : 0.000000
      },
      "latency_ns" : {
        "2" : 0.000000,
        "4" : 0.000000,
        "10" : 0.000000,
        "20" : 0.000000,
        "50" : 0.000000,
        "100" : 0.000000,
        "250" : 0.000000,
        "500" : 0.000000,
        "750" : 0.000000,
        "1000" : 0.000000
      },
      "latency_us" : {
        "2" : 0.000000,
        "4" : 0.000000,
        "10" : 0.000000,
        "20" : 0.000000,
        "50" : 0.000000,
        "100" : 5.323079,
        "250" : 8.016843,
        "500" : 5.837621,
        "750" : 33.972754,
        "1000" : 43.886886
      },
      "latency_ms" : {
        "2" : 2.479242,
        "4" : 0.313295,
        "10" : 0.169491,
        "20" : 0.010000,
        "50" : 0.000000,
        "100" : 0.000000,
        "250" : 0.000000,
        "500" : 0.000000,
        "750" : 0.000000,
        "1000" : 0.000000,
        "2000" : 0.000000,
        ">=2000" : 0.000000
      },
      "latency_depth" : 4,
      "latency_target" : 0,
      "latency_percentile" : 100.000000,
      "latency_window" : 0
    }
  ],
  "disk_util" : [
    {
      "name" : "nvme0n1",
      "read_ios" : 0,
      "write_ios" : 32416565,
      "read_merges" : 0,
      "write_merges" : 0,
      "read_ticks" : 0,
      "write_ticks" : 19925528,
      "in_queue" : 19925528,
      "util" : 99.873970
    }
  ]
}
