{
  "fio version" : "fio-3.33",
  "timestamp" : 1754477584,
  "timestamp_ms" : 1754477584603,
  "time" : "Wed Aug  6 10:53:04 2025",
  "global options" : {
    "ioengine" : "libaio",
    "direct" : "1",
    "thread" : "1",
    "group_reporting" : "1",
    "time_based" : "1",
    "runtime" : "720"
  },
  "jobs" : [
    {
      "jobname" : "solana-snapshot-write",
      "groupid" : 0,
      "error" : 0,
      "eta" : 0,
      "elapsed" : 721,
      "job options" : {
        "name" : "solana-snapshot-write",
        "rw" : "write",
        "bs" : "1M",
        "size" : "100G",
        "iodepth" : "4",
        "filename" : "/mnt/xfs/snapshot.dat"
      },
      "read" : {
        "io_bytes" : 0,
        "io_kbytes" : 0,
        "bw_bytes" : 0,
        "bw" : 0,
        "iops" : 0.000000,
        "runtime" : 0,
        "total_ios" : 0,
        "short_ios" : 0,
        "drop_ios" : 0,
        "slat_ns" : {
          "min" : 0,
          "max" : 0,
          "mean" : 0.000000,
          "stddev" : 0.000000,
          "N" : 0
        },
        "clat_ns" : {
          "min" : 0,
          "max" : 0,
          "mean" : 0.000000,
          "stddev" : 0.000000,
          "N" : 0
        },
        "lat_ns" : {
          "min" : 0,
          "max" : 0,
          "mean" : 0.000000,
          "stddev" : 0.000000,
          "N" : 0
        },
        "bw_min" : 0,
        "bw_max" : 0,
        "bw_agg" : 0.000000,
        "bw_mean" : 0.000000,
        "bw_dev" : 0.000000,
        "bw_samples" : 0,
        "iops_min" : 0,
        "iops_max" : 0,
        "iops_mean" : 0.000000,
        "iops_stddev" : 0.000000,
        "iops_samples" : 0
      },
      "write" : {
        "io_bytes" : 4259708928000,
        "io_kbytes" : 4159872000,
        "bw_bytes" : 5916254182,
        "bw" : 5777591,
        "iops" : 5642.179664,
        "runtime" : 720001,
        "total_ios" : 4062375,
        "short_ios" : 0,
        "drop_ios" : 0,
        "slat_ns" : {
          "min" : 8110,
          "max" : 179672,
          "mean" : 12211.431078,
          "stddev" : 2151.708245,
          "N" : 4062375
        },
        "clat_ns" : {
          "min" : 77190,
          "max" : 18086688,
          "mean" : 696402.011972,
          "stddev" : 353331.133023,
          "N" : 4062375,
          "percentile" : {
            "1.000000" : 98816,
            "5.000000" : 104960,
            "10.000000" : 166912,
            "20.000000" : 497664,
            "30.000000" : 585728,
            "40.000000" : 667648,
            "50.000000" : 749568,
            "60.000000" : 823296,
            "70.000000" : 880640,
            "80.000000" : 946176,
            "90.000000" : 970752,
            "95.000000" : 978944,
            "99.000000" : 1368064,
            "99.500000" : 1974272,
            "99.900000" : 4423680,
            "99.950000" : 4685824,
            "99.990000" : 4947968
          }
        },
        "lat_ns" : {
          "min" : 87240,
          "max" : 18099548,
          "mean" : 708613.443049,
          "stddev" : 353458.671721,
          "N" : 4062375
        },
        "bw_min" : 5068800,
        "bw_max" : 6068224,
        "bw_agg" : 100.000000,
        "bw_mean" : 5780336.942321,
        "bw_dev" : 313833.305746,
        "bw_samples" : 1439,
        "iops_min" : 4950,
        "iops_max" : 5926,
        "iops_mean" : 5644.781793,
        "iops_stddev" : 306.454978,
        "iops_samples" : 1439
      },
      "trim" : {
        "io_bytes" : 0,
        "io_kbytes" : 0,
        "bw_bytes" : 0,
        "bw" : 0,
        "iops" : 0.000000,
        "runtime" : 0,
        "total_ios" : 0,
        "short_ios" : 0,
        "drop_ios" : 0,
        "slat_ns" : {
          "min" : 0,
          "max" : 0,
          "mean" : 0.000000,
          "stddev" : 0.000000,
          "N" : 0
        },
        "clat_ns" : {
          "min" : 0,
          "max" : 0,
          "mean" : 0.000000,
          "stddev" : 0.000000,
          "N" : 0
        },
        "lat_ns" : {
          "min" : 0,
          "max" : 0,
          "mean" : 0.000000,
          "stddev" : 0.000000,
          "N" : 0
        },
        "bw_min" : 0,
        "bw_max" : 0,
        "bw_agg" : 0.000000,
        "bw_mean" : 0.000000,
        "bw_dev" : 0.000000,
        "bw_samples" : 0,
        "iops_min" : 0,
        "iops_max" : 0,
        "iops_mean" : 0.000000,
        "iops_stddev" : 0.000000,
        "iops_samples" : 0
      },
      "sync" : {
        "total_ios" : 0,
        "lat_ns" : {
          "min" : 0,
          "max" : 0,
          "mean" : 0.000000,
          "stddev" : 0.000000,
          "N" : 0
        }
      },
      "job_runtime" : 720000,
      "usr_cpu" : 2.853472,
      "sys_cpu" : 4.814444,
      "ctx" : 3030627,
      "majf" : 0,
      "minf" : 1,
      "iodepth_level" : {
        "1" : 0.100000,
        "2" : 0.100000,
        "4" : 99.999926,
        "8" : 0.000000,
        "16" : 0.000000,
        "32" : 0.000000,
        ">=64" : 0.000000
      },
      "iodepth_submit" : {
        "0" : 0.000000,
        "4" : 100.000000,
        "8" : 0.000000,
        "16" : 0.000000,
        "32" : 0.000000,
        "64" : 0.000000,
        ">=64" : 0.000000
      },
      "iodepth_complete" : {
        "0" : 0.000000,
        "4" : 100.000000,
        "8" : 0.000000,
        "16" : 0.000000,
        "32" : 0.000000,
        "64" : 0.000000,
        ">=64" : 0.000000
      },
      "latency_ns" : {
        "2" : 0.000000,
        "4" : 0.000000,
        "10" : 0.000000,
        "20" : 0.000000,
        "50" : 0.000000,
        "100" : 0.000000,
        "250" : 0.000000,
        "500" : 0.000000,
        "750" : 0.000000,
        "1000" : 0.000000
      },
      "latency_us" : {
        "2" : 0.000000,
        "4" : 0.000000,
        "10" : 0.000000,
        "20" : 0.000000,
        "50" : 0.000000,
        "100" : 1.485855,
        "250" : 13.787969,
        "500" : 5.018025,
        "750" : 29.956934,
        "1000" : 46.938035
      },
      "latency_ms" : {
        "2" : 2.331321,
        "4" : 0.305732,
        "10" : 0.175341,
        "20" : 0.010000,
        "50" : 0.000000,
        "100" : 0.000000,
        "250" : 0.000000,
        "500" : 0.000000,
        "750" : 0.000000,
        "1000" : 0.000000,
        "2000" : 0.000000,
        ">=2000" : 0.000000
      },
      "latency_depth" : 4,
      "latency_target" : 0,
      "latency_percentile" : 100.000000,
      "latency_window" : 0
    }
  ],
  "disk_util" : [
    {
      "name" : "nvme2n1",
      "read_ios" : 0,
      "write_ios" : 32494268,
      "read_merges" : 0,
      "write_merges" : 0,
      "read_ticks" : 0,
      "write_ticks" : 20133096,
      "in_queue" : 20133096,
      "util" : 99.951504
    }
  ]
}
